pmcid,candidate_origin,prior_disposition,discovery_scope_flag,title,pmid,doi,ncbi_status,ncbi_pubdate,ncbi_epubdate,pmc_aws_status,pmc_aws_article_version,pmc_aws_license,pmc_aws_open_access,pmc_aws_retracted,pmc_aws_xml_url,europe_pmc_status,europe_pmc_first_publication_date,europe_pmc_electronic_publication_date,europe_pmc_first_index_date,europe_pmc_open_access,crossref_status,crossref_published_online,crossref_published_print,crossref_issued,crossref_created,crossref_deposited,crossref_relation,openalex_status,openalex_id,openalex_publication_date,openalex_updated_date,medrxiv_status,biorxiv_status,preprint_first_date,preprint_matches,unpaywall_status,computed_earliest_public_date,computed_earliest_public_source,date_lineages,date_conflict,crosscheck_disposition,human_date_review_required
PMC11467773,prior_48,E-DATE-UNCERTAIN,,Weight change and the risk of cardiovascular disease in patients with hypertension: A primary-care cohort study.,,10.7189/jogh.14.04176,complete,2024 Oct 1,2024 Oct 1,complete,1,CC BY,true,false,s3://pmc-oa-opendata/PMC11467773.1/PMC11467773.1.xml?md5=1a05090becd41da8dfb24174f72a36c2,complete,2024-10-01,,2024-10-12,y,complete,2024-10-01,,2024-10-01,2024-10-11,2024-10-11,{},complete_unauthenticated_compatibility,https://openalex.org/W4403341014,2024-10-01,2026-06-11T09:08:48.828518,not_found,not_found,,[],source_incomplete_missing_contact_email,2024-10-01,crossref_issued,bibliographic_index;crossref_derived_index;publisher_crossref,no,ineligible_pre_cutoff,no
PMC11695108,prior_48,possible,,The Effect of Glycemic Control on Cardiovascular Disease Progression in Adults With Early-Onset Type 2 Diabetes: A Longitudinal Cohort Analysis.,,10.7759/cureus.75058,complete,2024 Dec,2024 Dec 3,complete,1,CC BY,true,false,s3://pmc-oa-opendata/PMC11695108.1/PMC11695108.1.xml?md5=0ccd07d3715afc8f7af0db1117d698e3,complete,2024-12-03,,2025-01-06,y,complete,,2024-12-03,2024-12-03,2024-12-04,2024-12-04,{},complete_unauthenticated_compatibility,https://openalex.org/W4404957341,2024-12-03,2026-07-29T09:40:50.615796,not_found,not_found,,[],source_incomplete_missing_contact_email,2024-12-01,ncbi_pubdate,bibliographic_index;crossref_derived_index;publisher_crossref,no,verified_post_cutoff_metadata,no
PMC11701191,prior_48,E-DATE-PRE,,The impact of metabolic heterogeneity of obesity and transitions on cardiovascular disease incidence in Chinese middle-aged and elderly population: A nationwide prospective cohort study.,,10.1111/dom.16040,complete,2025 Feb,2024 Nov 4,complete,1,CC BY-NC-ND,true,false,s3://pmc-oa-opendata/PMC11701191.1/PMC11701191.1.xml?md5=26ffe6c4688240b16e2523cb53562ced,complete,2024-11-04,,2024-11-05,y,complete,2024-11-04,2025-02,2024-11-04,2024-11-05,2026-04-10,"{""has-review"":[{""asserted-by"":""object"",""id"":""10.1111/DOM.16040/v2/decision1"",""id-type"":""doi""},{""asserted-by"":""object"",""id"":""10.1111/DOM.16040/v2/response1"",""id-type"":""doi""},{""asserted-by"":""object"",""id"":""10.1111/DOM.16040/v1/decision1"",""id-type"":""doi""},{""asserted-by"":""object"",""id"":""10.1111/DOM.16040/v1/review3"",""id-type"":""doi""},{""asserted-by"":""object"",""id"":""10.1111/DOM.16040/v1/review1"",""id-type"":""doi""},{""asserted-by"":""object"",""id"":""10.1111/DOM.16040/v1/review2"",""id-type"":""doi""}]}",complete_unauthenticated_compatibility,https://openalex.org/W4404084230,2024-11-04,2026-07-20T07:56:41.581041,not_found,not_found,,[],source_incomplete_missing_contact_email,2024-11-04,crossref_issued,bibliographic_index;crossref_derived_index;publisher_crossref,yes,ineligible_pre_cutoff,no
PMC11750874,prior_48,E-PARA,,Effects of PM(2.5) exposure and air temperature on risk of cardiovascular disease: evidence from a prospective cohort study.,,10.3389/fpubh.2024.1487034,complete,2024,2025 Jan 8,complete,1,CC BY,true,false,s3://pmc-oa-opendata/PMC11750874.1/PMC11750874.1.xml?md5=4a978387be26f97568558aa3afcf6614,complete,2025-01-08,,2025-01-24,y,complete,2025-01-08,,2025-01-08,2025-01-08,2025-01-08,{},complete_unauthenticated_compatibility,https://openalex.org/W4406188589,2025-01-08,2026-07-29T09:40:50.615796,not_found,not_found,,[],source_incomplete_missing_contact_email,2025-01-08,crossref_issued,bibliographic_index;crossref_derived_index;publisher_crossref,no,verified_post_cutoff_metadata,no
PMC11751837,prior_48,E-SUBDOMAIN,,Chronic kidney disease progression in patients with previous type 2 diabetes and/or hypertension: a population-based cohort study from primary care in Spain.,,10.1136/bmjopen-2024-086919,complete,2025 Jan 20,2025 Jan 20,complete,1,CC BY-NC,true,false,s3://pmc-oa-opendata/PMC11751837.1/PMC11751837.1.xml?md5=5fd9d2080dfd17e06c227f530cf0d997,complete,2025-01-20,,2025-01-22,y,complete,2025-01-20,2025-01,2025-01,2025-01-20,2025-12-16,{},complete_unauthenticated_compatibility,https://openalex.org/W4406604726,2025-01-01,2026-07-28T07:46:37.118299,not_found,not_found,,[],source_incomplete_missing_contact_email,2025-01-01,crossref_issued,bibliographic_index;crossref_derived_index;publisher_crossref,no,verified_post_cutoff_metadata,no
PMC11761004,prior_48,E-SUBDOMAIN,,Health outcomes in chronic kidney disease patients with cognitive impairment or dementia: a global collaborative analysis.,,10.1093/ckj/sfae401,complete,2025 Jan,2024 Dec 11,complete,1,CC BY,true,false,s3://pmc-oa-opendata/PMC11761004.1/PMC11761004.1.xml?md5=9123e2f18205b1bbff9e2ea914c62946,complete,2024-12-11,,2025-01-28,y,complete,2024-12-11,2025-01-07,2024-12-11,2024-12-12,2025-02-04,{},complete_unauthenticated_compatibility,https://openalex.org/W4405264797,2024-12-11,2026-07-28T07:46:37.118299,not_found,not_found,,[],source_incomplete_missing_contact_email,2024-12-11,crossref_issued,bibliographic_index;crossref_derived_index;publisher_crossref,no,verified_post_cutoff_metadata,no
PMC11802414,prior_48,strong,,Association between balance ability and cardiovascular disease onsets among middle-aged and older adults: an observational cohort study from the China Health and Retirement Longitudinal Study.,,10.3389/fpubh.2025.1436520,complete,2025,2025 Jan 24,complete,1,CC BY,true,false,s3://pmc-oa-opendata/PMC11802414.1/PMC11802414.1.xml?md5=e1aa090942c99a2e459111e17d444af8,complete,2025-01-24,,2025-02-10,y,complete,2025-01-24,,2025-01-24,2025-01-24,2025-01-24,{},complete_unauthenticated_compatibility,https://openalex.org/W4406810090,2025-01-24,2026-07-23T08:03:31.855105,not_found,not_found,,[],source_incomplete_missing_contact_email,2025-01-24,crossref_issued,bibliographic_index;crossref_derived_index;publisher_crossref,no,verified_post_cutoff_metadata,no
PMC11806717,prior_48,E-PRED,,Characterisation of cardiovascular disease (CVD) incidence and machine learning risk prediction in middle-aged and elderly populations: data from the China health and retirement longitudinal study (CHARLS).,,10.1186/s12889-025-21609-7,complete,2025 Feb 7,2025 Feb 7,complete,1,CC BY-NC-ND,true,false,s3://pmc-oa-opendata/PMC11806717.1/PMC11806717.1.xml?md5=18a84849c7cdd311e7d041726f61749f,complete,2025-02-07,,2025-02-08,y,complete,2025-02-07,,2025-02-07,2025-02-07,2025-02-07,{},complete_unauthenticated_compatibility,https://openalex.org/W4407241285,2025-02-07,2026-07-29T09:40:50.615796,not_found,not_found,,[],source_incomplete_missing_contact_email,2025-02-07,crossref_issued,bibliographic_index;crossref_derived_index;publisher_crossref,no,verified_post_cutoff_metadata,no
PMC11833633,prior_48,E-PARA,,Association between new-onset atrial fibrillation and adverse clinical outcomes by country of origin: A matched nationwide cohort study.,,10.1016/j.jmh.2025.100306,complete,2025,2025 Jan 25,complete,1,CC BY-NC,true,false,s3://pmc-oa-opendata/PMC11833633.1/PMC11833633.1.xml?md5=f9d3199942f80ac3b077b4cfb7494757,complete,2025-01-25,,2025-02-19,y,complete,,2025,2025,2025-01-25,2025-08-28,{},complete_unauthenticated_compatibility,https://openalex.org/W4406813917,2025-01-01,2026-07-12T07:33:03.550515,not_found,not_found,,[],source_incomplete_missing_contact_email,2025-01-01,openalex_publication_date,bibliographic_index;crossref_derived_index,no,unresolved_single_lineage,yes
PMC11885081,prior_48,E-DESIGN,,Diabetes and incident stroke and mediation by microvascular dysfunction: Pooled analysis of three population-based studies.,,10.1111/dom.16217,complete,2025 Apr,2025 Jan 30,complete,1,CC BY-NC,true,false,s3://pmc-oa-opendata/PMC11885081.1/PMC11885081.1.xml?md5=80dd0e420bf2dbce8375d0f96ac7f16b,complete,2025-01-30,,2025-01-31,y,complete,2025-01-30,2025-04,2025-01-30,2025-01-30,2025-10-31,"{""has-review"":[{""asserted-by"":""object"",""id"":""10.1111/DOM.16217/v2/response1"",""id-type"":""doi""},{""asserted-by"":""object"",""id"":""10.1111/DOM.16217/v1/decision1"",""id-type"":""doi""},{""asserted-by"":""object"",""id"":""10.1111/DOM.16217/v3/decision1"",""id-type"":""doi""},{""asserted-by"":""object"",""id"":""10.1111/DOM.16217/v1/review3"",""id-type"":""doi""},{""asserted-by"":""object"",""id"":""10.1111/DOM.16217/v1/review4"",""id-type"":""doi""},{""asserted-by"":""object"",""id"":""10.1111/DOM.16217/v1/review1"",""id-type"":""doi""},{""asserted-by"":""object"",""id"":""10.1111/DOM.16217/v1/review2"",""id-type"":""doi""},{""asserted-by"":""object"",""id"":""10.1111/DOM.16217/v3/response1"",""id-type"":""doi""},{""asserted-by"":""object"",""id"":""10.1111/DOM.16217/v2/decision1"",""id-type"":""doi""},{""asserted-by"":""object"",""id"":""10.1111/DOM.16217/v2/review1"",""id-type"":""doi""}]}",complete_unauthenticated_compatibility,https://openalex.org/W4406992064,2025-01-30,2026-07-29T09:40:50.615796,not_found,not_found,,[],source_incomplete_missing_contact_email,2025-01-30,crossref_issued,bibliographic_index;crossref_derived_index;publisher_crossref,no,verified_post_cutoff_metadata,no
PMC11951197,prior_48,E-PARA,,"Rehospitalization, mortality and associated variables in primary care patients with heart failure and preserved ejection fraction after first hospitalization.",,10.1016/j.ijcrp.2025.200391,complete,2025 Jun,2025 Mar 7,complete,1,CC BY-NC-ND,true,false,s3://pmc-oa-opendata/PMC11951197.1/PMC11951197.1.xml?md5=782df1ee591c939e232aaacfe15ba7e7,complete,2025-03-07,,2025-04-01,y,complete,,2025-06,2025-06,2025-03-07,2025-06-04,{},complete_unauthenticated_compatibility,https://openalex.org/W4408224641,2025-03-07,2026-07-23T08:03:31.855105,not_found,not_found,,[],source_incomplete_missing_contact_email,2025-03-07,europe_pmc_first_publication_date,bibliographic_index;crossref_derived_index;publisher_crossref,no,verified_post_cutoff_metadata,no
PMC11969775,prior_48,strong,,Transition of nighttime sleep duration and sleep quality with incident cardiovascular disease among middle-aged and older adults: results from a national cohort study.,,10.1186/s13690-025-01577-5,complete,2025 Apr 4,2025 Apr 4,complete,1,CC BY-NC-ND,true,false,s3://pmc-oa-opendata/PMC11969775.1/PMC11969775.1.xml?md5=9d2c81abc745ed84ec3ed30c6f63dd36,complete,2025-04-04,,2025-04-07,y,complete,2025-04-04,,2025-04-04,2025-04-05,2025-04-05,{},complete_unauthenticated_compatibility,https://openalex.org/W4409197614,2025-04-04,2026-07-29T09:40:50.615796,not_found,not_found,,[],source_incomplete_missing_contact_email,2025-04-04,crossref_issued,bibliographic_index;crossref_derived_index;publisher_crossref,no,verified_post_cutoff_metadata,no
PMC12005981,prior_48,possible,,Hypertensive disorders of pregnancy and gestational diabetes mellitus and predicted risk of maternal cardiovascular disease 10-14 years after delivery: A prospective cohort.,,10.1111/dme.15516,complete,2025 May,2025 Jan 17,complete,1,TDM,false,false,s3://pmc-oa-opendata/PMC12005981.1/PMC12005981.1.xml?md5=7a046d8780ceee96026aaad06a84813b,complete,2025-01-17,,2025-01-20,y,complete,2025-01-17,2025-05,2025-01-17,2025-01-18,2025-04-18,{},complete_unauthenticated_compatibility,https://openalex.org/W4406584293,2025-01-17,2026-07-27T08:26:11.824852,not_found,not_found,,[],source_incomplete_missing_contact_email,2025-01-17,crossref_issued,bibliographic_index;crossref_derived_index;publisher_crossref,no,verified_post_cutoff_metadata,no
PMC12085925,prior_48,strong,,Exploring the impact of the Index of Multiple Deprivation on percutaneous coronary intervention outcomes: Insights from the British Cardiovascular Intervention Society database.,,10.21542/gcsp.2025.4,complete,2025 Feb 28,2025 Feb 28,complete,1,CC BY,true,false,s3://pmc-oa-opendata/PMC12085925.1/PMC12085925.1.xml?md5=3a9beb527d1e2561dbde5620bae86739,complete,2025-02-28,,2025-05-21,y,complete,2025-03-03,,2025-03-03,2025-03-04,2025-03-04,{},complete_unauthenticated_compatibility,https://openalex.org/W4408106745,2025-03-03,2026-07-02T09:51:11.867554,not_found,not_found,,[],source_incomplete_missing_contact_email,2025-02-28,europe_pmc_first_publication_date,bibliographic_index;crossref_derived_index;publisher_crossref,no,verified_post_cutoff_metadata,no
PMC12093672,prior_48,E-DATE-PRE,,The portfolio dietary pattern and risk of cardiovascular disease mortality during 1988-2019 in US adults: a prospective cohort study.,,10.1186/s12916-025-04067-1,complete,2025 May 21,2025 May 21,complete,1,CC BY,true,false,s3://pmc-oa-opendata/PMC12093672.1/PMC12093672.1.xml?md5=3e4a53fc8f465139a7ee26c09fefdcc6,complete,2025-05-21,,2025-05-21,y,complete,2025-05-21,,2025-05-21,2025-05-20,2025-05-20,{},complete_unauthenticated_compatibility,https://openalex.org/W4410514162,2025-05-20,2026-07-29T09:40:50.615796,not_found,not_found,,[],source_incomplete_missing_contact_email,2025-05-20,openalex_publication_date,bibliographic_index;crossref_derived_index;publisher_crossref,no,verified_post_cutoff_metadata,no
PMC12133703,prior_48,E-PARA,,Chronic kidney disease prevalence and outcomes in patients with type 2 diabetes or prediabetes at high cardiovascular risk: results from the CINEMA program.,,10.1016/j.ajpc.2025.101004,complete,2025 Jun,2025 Apr 25,complete,1,CC BY-NC-ND,true,false,s3://pmc-oa-opendata/PMC12133703.1/PMC12133703.1.xml?md5=403e990e065f3fe39871f7ce2cdab111,complete,2025-04-25,,2025-06-11,y,complete,,2025-06,2025-06,2025-04-25,2025-07-08,{},complete_unauthenticated_compatibility,https://openalex.org/W4409787606,2025-04-25,2026-07-22T07:51:19.307946,not_found,not_found,,[],source_incomplete_missing_contact_email,2025-04-25,europe_pmc_first_publication_date,bibliographic_index;crossref_derived_index;publisher_crossref,no,verified_post_cutoff_metadata,no
PMC12141897,prior_48,strong,,Percutaneous Coronary Intervention Outcomes by 5 Major Race and Ethnic Subgroups.,,10.1016/j.jacadv.2025.101767,complete,2025 Jun,2025 May 13,complete,1,CC BY-NC-ND,true,false,s3://pmc-oa-opendata/PMC12141897.1/PMC12141897.1.xml?md5=9fee4ae58d2093ca498f589325c3fe69,complete,2025-05-13,,2025-05-21,y,complete,,2025-06,2025-06,2025-05-13,2025-06-26,{},complete_unauthenticated_compatibility,https://openalex.org/W4410331574,2025-05-13,2026-07-23T08:03:31.855105,not_found,not_found,,[],source_incomplete_missing_contact_email,2025-05-13,europe_pmc_first_publication_date,bibliographic_index;crossref_derived_index;publisher_crossref,no,verified_post_cutoff_metadata,no
PMC12155567,prior_48,E-PRED,,PREVENT Risk Score vs the Pooled Cohort Equations in MESA.,,10.1016/j.jacadv.2025.101825,complete,2025 Jun,2025 May 26,complete,1,CC BY-NC-ND,true,false,s3://pmc-oa-opendata/PMC12155567.1/PMC12155567.1.xml?md5=dfe1fc5f16e3c63095438add9b02b6a5,complete,2025-05-26,,2025-05-28,y,complete,,2025-06,2025-06,2025-05-26,2025-06-26,{},complete_unauthenticated_compatibility,https://openalex.org/W4410739021,2025-05-26,2026-07-23T08:03:31.855105,not_found,not_found,,[],source_incomplete_missing_contact_email,2025-05-26,europe_pmc_first_publication_date,bibliographic_index;crossref_derived_index;publisher_crossref,no,verified_post_cutoff_metadata,no
PMC12179864,prior_48,E-PARA,,Long-term risk of diabetes following hypertensive disorders of pregnancy: A retrospective cohort study.,,10.4239/wjd.v16.i6.105080,complete,2025 Jun 15,,complete,1,CC BY-NC,true,false,s3://pmc-oa-opendata/PMC12179864.1/PMC12179864.1.xml?md5=44d1a9418ecaef3e797528c1e09ea065,complete,2025-06-01,,2025-06-25,y,complete,2025-06-15,,2025-06-15,2025-06-13,2025-06-13,{},complete_unauthenticated_compatibility,https://openalex.org/W4411226768,2025-06-13,2026-06-11T09:08:48.828518,not_found,not_found,,[],source_incomplete_missing_contact_email,2025-06-01,europe_pmc_first_publication_date,bibliographic_index;crossref_derived_index;publisher_crossref,no,verified_post_cutoff_metadata,no
PMC12273069,prior_48,strong,,"Comparison of outpatient attendance, cardiovascular risk management and cardiovascular health across preCOVID-19, during and postCOVID-19 periods: a prospective cohort study.",,10.1136/bmjopen-2024-092374,complete,2025 Jul 16,2025 Jul 16,complete,1,CC BY,true,false,s3://pmc-oa-opendata/PMC12273069.1/PMC12273069.1.xml?md5=97c4da07d09c7ca202af7ad79f5e7622,complete,2025-07-16,,2025-07-17,y,complete,2025-07-16,2025-07,2025-07,2025-07-16,2025-10-18,{},complete_unauthenticated_compatibility,https://openalex.org/W4412470817,2025-07-01,2026-06-26T08:34:08.712188,not_found,not_found,,[],source_incomplete_missing_contact_email,2025-07-01,crossref_issued,bibliographic_index;crossref_derived_index;publisher_crossref,no,verified_post_cutoff_metadata,no
PMC12286890,prior_48,E-DESIGN,,"Author Response to the Comment on ""Time Trends in Cardiovascular Event Incidence in New-Onset Type 2 Diabetes: A Population-Based Cohort Study From Germany"".",,10.1111/1753-0407.70128,complete,2025 Jul,,complete,1,CC BY,true,false,s3://pmc-oa-opendata/PMC12286890.1/PMC12286890.1.xml?md5=c46a6d8544874f72c5e3c39656fcb4f6,complete,2025-07-01,,2025-07-24,y,complete,2025-07-23,2025-07,2025-07,2025-07-24,2025-08-04,{},complete_unauthenticated_compatibility,https://openalex.org/W4412647382,2025-07-01,2026-07-22T07:51:19.307946,not_found,not_found,,[],source_incomplete_missing_contact_email,2025-07-01,crossref_issued,bibliographic_index;crossref_derived_index;publisher_crossref,no,verified_post_cutoff_metadata,no
PMC12334939,prior_48,E-DESIGN,,Analyzing clinical laboratory data outcomes in retrospective cohort studies using TriNetX.,,10.11613/bm.2025.030502,complete,2025 Oct 15,2025 Aug 15,complete,1,CC BY,true,false,s3://pmc-oa-opendata/PMC12334939.1/PMC12334939.1.xml?md5=a34c8dc89293fdadb3a963da5f1ca258,complete,2025-08-15,,2025-08-21,y,complete,2025-10-15,2025-10-15,2025-10-15,2025-08-07,2025-10-17,{},complete_unauthenticated_compatibility,https://openalex.org/W4413036870,2025-08-07,2026-07-28T07:46:37.118299,not_found,not_found,,[],source_incomplete_missing_contact_email,2025-08-07,openalex_publication_date,bibliographic_index;crossref_derived_index;publisher_crossref,no,verified_post_cutoff_metadata,no
PMC12341586,prior_48,possible,,Attributable burden of steatotic liver disease on cardiovascular outcomes in Asia.,,10.1016/j.jhepr.2025.101479,complete,2025 Sep,2025 Jun 6,complete,1,CC BY,true,false,s3://pmc-oa-opendata/PMC12341586.1/PMC12341586.1.xml?md5=fe136da722c8fd391f995ef2fe46e3d2,complete,2025-06-06,,2025-08-21,y,complete,,2025-09,2025-09,2025-06-06,2025-09-05,{},complete_unauthenticated_compatibility,https://openalex.org/W4411081135,2025-06-06,2026-07-29T09:40:50.615796,not_found,not_found,,[],source_incomplete_missing_contact_email,2025-06-06,europe_pmc_first_publication_date,bibliographic_index;crossref_derived_index;publisher_crossref,no,verified_post_cutoff_metadata,no
PMC12395389,prior_48,E-PRED,,Validation and Refinement of Scores to Predict Stroke Risk: Prospective Cohort Study.,,10.2196/72497,complete,2025 Aug 21,2025 Aug 21,complete,1,CC BY,true,false,s3://pmc-oa-opendata/PMC12395389.1/PMC12395389.1.xml?md5=54edaccb9d064d03c86325fed3bb0b41,complete,2025-08-21,,2025-09-04,y,complete,2025-08-21,,2025-08-21,2025-08-29,2026-06-30,{},complete_unauthenticated_compatibility,https://openalex.org/W4413827738,2025-08-21,2026-07-29T09:40:50.615796,not_found,not_found,,[],source_incomplete_missing_contact_email,2025-08-21,crossref_issued,bibliographic_index;crossref_derived_index;publisher_crossref,no,verified_post_cutoff_metadata,no
PMC12396445,prior_48,E-SUBDOMAIN,,Risk factors for dementia and cognitive impairment within 5 years after stroke: a prospective multicentre cohort study.,,10.1016/j.lanepe.2025.101428,complete,2025 Sep,2025 Aug 19,complete,1,CC BY,true,false,s3://pmc-oa-opendata/PMC12396445.1/PMC12396445.1.xml?md5=b523073a6a87794e531fd9b2ebcd7ffa,complete,2025-08-19,,2025-09-04,y,complete,,2025-09,2025-09,2025-08-20,2026-05-16,{},complete_unauthenticated_compatibility,https://openalex.org/W4413333407,2025-08-20,2026-07-23T08:03:31.855105,not_found,not_found,,[],source_incomplete_missing_contact_email,2025-08-19,europe_pmc_first_publication_date,bibliographic_index;crossref_derived_index;publisher_crossref,no,verified_post_cutoff_metadata,no
PMC12400556,prior_48,E-PARA,,SGLT2 inhibitors and GLP-1 receptor agonists: impact on mortality in diabetic patients with cardiovascular disease.,,10.1186/s12933-025-02874-7,complete,2025 Aug 31,2025 Aug 31,complete,1,CC BY,true,false,s3://pmc-oa-opendata/PMC12400556.1/PMC12400556.1.xml?md5=849168ed4d2d7e3bef2877da273b96ee,complete,2025-08-31,,2025-09-04,y,complete,2025-08-31,,2025-08-31,2025-08-31,2025-09-10,{},complete_unauthenticated_compatibility,https://openalex.org/W4413862695,2025-08-31,2026-07-29T09:40:50.615796,not_found,not_found,,[],source_incomplete_missing_contact_email,2025-08-31,crossref_issued,bibliographic_index;crossref_derived_index;publisher_crossref,no,verified_post_cutoff_metadata,no
PMC12418469,prior_48,E-DATE-UNCERTAIN,,Cholesterol Levels and Cardiovascular Outcomes Following Statin Initiation for Primary Prevention: A Cohort Study.,,10.1016/j.jacadv.2025.101864,complete,2025 Jul,,complete,1,CC BY-NC-ND,true,false,s3://pmc-oa-opendata/PMC12418469.1/PMC12418469.1.xml?md5=1a968abf87aed9478e6dc5d7dbac9465,complete,2025-07-01,,2025-07-28,y,complete,,2025-07,2025-07,2025-07-23,2026-03-27,{},complete_unauthenticated_compatibility,https://openalex.org/W4412605406,2025-07-01,2026-07-23T08:03:31.855105,not_found,not_found,,[],source_incomplete_missing_contact_email,2025-07-01,crossref_issued,bibliographic_index;crossref_derived_index;publisher_crossref,no,verified_post_cutoff_metadata,no
PMC12421259,prior_48,E-DATE-UNCERTAIN,,General practice-related variation in oral anticoagulant treatment of atrial fibrillation: a nationwide cohort study.,,10.3399/bjgpo.2024.0197,complete,2025,2025 Jul 23,complete,1,CC BY,true,false,s3://pmc-oa-opendata/PMC12421259.1/PMC12421259.1.xml?md5=9b2558552e4ca2b331d8c745b92dbb35,complete,2025-07-23,,2024-11-16,y,complete,2024-11-11,2025-07,2024-11-11,2024-11-11,2025-10-08,{},complete_unauthenticated_compatibility,https://openalex.org/W4404241644,2024-11-11,2026-07-28T07:46:37.118299,not_found,not_found,,[],source_incomplete_missing_contact_email,2024-11-11,crossref_issued,bibliographic_index;crossref_derived_index;publisher_crossref,yes,ineligible_pre_cutoff,no
PMC12463975,prior_48,E-PRED,,Trajectories of health conditions predict cardiovascular disease risk among middle-aged and older adults: a national cohort study.,,10.3389/fnut.2025.1657587,complete,2025,2025 Sep 12,complete,1,CC BY,true,false,s3://pmc-oa-opendata/PMC12463975.1/PMC12463975.1.xml?md5=0539d3a98b27def965274d0cf14a8a8b,complete,2025-09-12,,2025-09-30,y,complete,2025-09-12,,2025-09-12,2025-09-12,2025-09-12,{},complete_unauthenticated_compatibility,https://openalex.org/W4414262040,2025-09-12,2026-07-23T08:03:31.855105,not_found,not_found,,[],source_incomplete_missing_contact_email,2025-09-12,crossref_issued,bibliographic_index;crossref_derived_index;publisher_crossref,no,verified_post_cutoff_metadata,no
PMC12486684,prior_48,E-PRED,,Does a modified metabolic syndrome definition improve prediction of cardiovascular events and mortality? findings from a 17-year cohort study.,,10.1186/s41043-025-01083-y,complete,2025 Sep 30,2025 Sep 30,complete,1,CC BY-NC-ND,true,false,s3://pmc-oa-opendata/PMC12486684.1/PMC12486684.1.xml?md5=2f1beeea34b08c0d43628c679ea75fd6,complete,2025-09-30,,2025-10-01,y,complete,2025-09-30,,2025-09-30,2025-09-30,2025-09-30,{},complete_unauthenticated_compatibility,https://openalex.org/W4414661677,2025-09-30,2026-07-29T09:40:50.615796,not_found,not_found,,[],source_incomplete_missing_contact_email,2025-09-30,crossref_issued,bibliographic_index;crossref_derived_index;publisher_crossref,no,verified_post_cutoff_metadata,no
PMC12533630,prior_48,E-GENETIC,,"Interplay of Acquired Risk Factors, Age, and Genetic Predisposition in Incident Stroke: A Prospective Cohort Study.",,10.1161/jaha.125.040962,complete,2025 Jul 15,2025 Jul 3,complete,1,CC BY-NC-ND,true,false,s3://pmc-oa-opendata/PMC12533630.1/PMC12533630.1.xml?md5=d189904594ef14327057d825987dc869,complete,2025-07-03,,2025-07-09,y,complete,,2025-07-15,2025-07-15,2025-07-04,2025-07-16,{},complete_unauthenticated_compatibility,https://openalex.org/W4412041823,2025-07-04,2026-07-23T08:03:31.855105,not_found,not_found,,[],source_incomplete_missing_contact_email,2025-07-03,europe_pmc_first_publication_date,bibliographic_index;crossref_derived_index;publisher_crossref,no,verified_post_cutoff_metadata,no
PMC12537428,prior_48,E-SUBDOMAIN,,Major adverse kidney events among chronic kidney disease patients with vitamin D deficiency.,,10.3389/fnut.2025.1650514,complete,2025,2025 Oct 7,complete,1,CC BY,true,false,s3://pmc-oa-opendata/PMC12537428.1/PMC12537428.1.xml?md5=49c5d6a0a9ffd36c654fe6740be9c105,complete,2025-10-07,,2025-10-23,y,complete,2025-10-07,,2025-10-07,2025-10-07,2025-10-07,{},complete_unauthenticated_compatibility,https://openalex.org/W4414877516,2025-10-07,2026-07-23T08:03:31.855105,not_found,not_found,,[],source_incomplete_missing_contact_email,2025-10-07,crossref_issued,bibliographic_index;crossref_derived_index;publisher_crossref,no,verified_post_cutoff_metadata,no
PMC12553450,prior_48,E-PRED,,Development and Internal Validation of a Clinical Imaging-Based Stroke Prediction Model in a Community Cohort.,,10.1161/jaha.125.041413,complete,2025 Sep 2,2025 Aug 22,complete,1,CC BY-NC-ND,true,false,s3://pmc-oa-opendata/PMC12553450.1/PMC12553450.1.xml?md5=5d94a84f5e925446c1522d1376d4a86c,complete,2025-08-22,,2025-08-24,y,complete,,2025-09-02,2025-09-02,2025-08-23,2025-11-12,{},complete_unauthenticated_compatibility,https://openalex.org/W4413443190,2025-08-23,2026-07-23T08:03:31.855105,not_found,not_found,,[],source_incomplete_missing_contact_email,2025-08-22,europe_pmc_first_publication_date,bibliographic_index;crossref_derived_index;publisher_crossref,no,verified_post_cutoff_metadata,no
PMC12589983,prior_48,E-PARA,,Outcome-Specific Cardiovascular and Hypertensive Risk Profiles in Metabolic Dysfunction-Associated Steatotic Liver Disease: Insights From a Competing Risk Cohort Analysis.,,10.1016/j.gastha.2025.100806,complete,2026,2025 Sep 16,complete,1,CC BY,true,false,s3://pmc-oa-opendata/PMC12589983.1/PMC12589983.1.xml?md5=c22ecf2d96675beeb4e5bd19a80ada91,complete,2025-09-16,,2025-11-10,y,complete,,2026,2026,2025-09-17,2026-01-09,{},complete_unauthenticated_compatibility,https://openalex.org/W4416168920,2025-09-17,2026-06-22T08:00:12.763002,not_found,not_found,,[],source_incomplete_missing_contact_email,2025-09-16,europe_pmc_first_publication_date,bibliographic_index;crossref_derived_index,no,unresolved_single_lineage,yes
PMC12611492,prior_48,possible,,Association of the triglyceride-glucose index with cardiovascular outcomes across cardiovascular-kidney-metabolic syndrome stages.,,10.3904/kjim.2025.082,complete,2025 Nov,2025 Oct 31,complete,1,CC BY-NC,true,false,s3://pmc-oa-opendata/PMC12611492.1/PMC12611492.1.xml?md5=df884f59c351a3729c4d3a296c23ffbb,complete,2025-10-31,,2025-11-14,y,complete,,2025-11-01,2025-11-01,2025-10-31,2025-11-10,{},complete_unauthenticated_compatibility,https://openalex.org/W4415726793,2025-10-31,2026-06-18T10:00:31.954636,not_found,not_found,,[],source_incomplete_missing_contact_email,2025-10-31,europe_pmc_first_publication_date,bibliographic_index;crossref_derived_index;publisher_crossref,no,verified_post_cutoff_metadata,no
PMC12664052,prior_48,possible,,All-cause mortality and cardiovascular outcomes with glucagon-like peptide-1 receptor agonists in patients with type 2 diabetes and heart failure with reduced ejection fraction.,,10.1016/j.ahjo.2025.100676,complete,2025 Dec,2025 Nov 13,complete,1,CC BY,true,false,s3://pmc-oa-opendata/PMC12664052.1/PMC12664052.1.xml?md5=f45357e52d09eeb91a3a84b83db3063a,complete,2025-11-13,,2025-12-01,y,complete,,2025-12,2025-12,2025-11-17,2025-11-26,{},complete_unauthenticated_compatibility,https://openalex.org/W4416273171,2025-11-17,2026-07-22T07:51:19.307946,not_found,not_found,,[],source_incomplete_missing_contact_email,2025-11-13,europe_pmc_first_publication_date,bibliographic_index;crossref_derived_index;publisher_crossref,no,verified_post_cutoff_metadata,no
PMC12735050,prior_48,E-DESIGN,,Prevalence of Cardiovascular-Kidney-Metabolic (CKM) Syndrome in Lithuanian Adults: Insights from a Nationwide Real-World Study Using Electronic Health Records.,,10.3390/medicina61122106,complete,2025 Nov 26,2025 Nov 26,complete,1,CC BY,true,false,s3://pmc-oa-opendata/PMC12735050.1/PMC12735050.1.xml?md5=567165cef63f8adb570f121216449891,complete,2025-11-26,,2026-01-02,y,complete,2025-11-26,,2025-11-26,2025-11-26,2025-11-28,{},complete_unauthenticated_compatibility,https://openalex.org/W4416716915,2025-11-26,2026-07-22T07:51:19.307946,not_found,not_found,,[],source_incomplete_missing_contact_email,2025-11-26,crossref_issued,bibliographic_index;crossref_derived_index;publisher_crossref,no,verified_post_cutoff_metadata,no
PMC12744298,prior_48,E-DESIGN,,Metabolic Dysfunction-Associated Steatotic Liver Disease and Liver Fibrosis are Associated with Advanced Cardiovascular-Kidney-Metabolic Syndrome in Chinese and US Populations.,,10.2147/dmso.s569698,complete,2025,2025 Dec 23,complete,1,CC BY-NC,true,false,s3://pmc-oa-opendata/PMC12744298.1/PMC12744298.1.xml?md5=b11e7f86b054eda20cd05ea61d85699c,complete,2025-12-23,,2026-01-02,y,complete,2025-12,,2025-12,2025-12-22,2025-12-22,{},complete_unauthenticated_compatibility,https://openalex.org/W7116693553,2025-12-01,2026-07-29T09:40:50.615796,not_found,not_found,,[],source_incomplete_missing_contact_email,2025-12-01,crossref_issued,bibliographic_index;crossref_derived_index;publisher_crossref,no,verified_post_cutoff_metadata,no
PMC12744504,prior_48,E-PARA,,Assessment of cardiovascular event reduction with SGLT2 inhibitors compared to GLP-1 receptor agonists in type 2 diabetes mellitus.,,10.6026/973206300213000,complete,2025,2025 Sep 30,complete,1,CC BY,true,false,s3://pmc-oa-opendata/PMC12744504.1/PMC12744504.1.xml?md5=014e1d77e85aa92f30de239571518d11,complete,2025-09-30,,2026-01-02,y,complete,2025-09-30,2025-09-30,2025-09-30,2025-10-05,2025-10-05,{},complete_unauthenticated_compatibility,https://openalex.org/W4414829090,2025-09-30,2026-06-11T09:08:48.828518,not_found,not_found,,[],source_incomplete_missing_contact_email,2025-09-30,crossref_issued,bibliographic_index;crossref_derived_index;publisher_crossref,no,verified_post_cutoff_metadata,no
PMC12748521,prior_48,possible,,Risk of Coronary Artery Disease Associated With Transitions in Metabolic Health in a Clinical Cohort of 69 272.,,10.1161/jaha.124.037597,complete,2025 Dec 2,2025 Nov 24,complete,1,CC BY-NC-ND,true,false,s3://pmc-oa-opendata/PMC12748521.1/PMC12748521.1.xml?md5=735b771b2d30a9e85ab7aa5a5d72e07e,complete,2025-11-24,,2025-11-24,y,complete,,2025-12-02,2025-12-02,2025-11-24,2025-12-09,{},complete_unauthenticated_compatibility,https://openalex.org/W4416574940,2025-11-24,2026-07-29T09:40:50.615796,not_found,not_found,,[],source_incomplete_missing_contact_email,2025-11-24,europe_pmc_first_publication_date,bibliographic_index;crossref_derived_index;publisher_crossref,no,verified_post_cutoff_metadata,no
PMC12755569,prior_48,E-DATE-PRE,,Impact of medications on outcomes in patients with acute myocardial infarction and chronic obstructive pulmonary disease: A nationwide cohort study.,,10.1097/jcma.0000000000000835,complete,2023 Feb 1,2022 Oct 28,complete,1,CC BY-NC-ND,true,false,s3://pmc-oa-opendata/PMC12755569.1/PMC12755569.1.xml?md5=9afc6835a9311752903ce461220d184a,complete,2022-10-28,,2023-01-23,y,complete,2022-10-28,2023-02,2022-10-28,2023-01-18,2025-06-03,{},complete_unauthenticated_compatibility,https://openalex.org/W4317480351,2022-10-28,2026-05-21T06:26:12.895304,not_found,not_found,,[],source_incomplete_missing_contact_email,2022-10-28,crossref_issued,bibliographic_index;crossref_derived_index;publisher_crossref,no,ineligible_pre_cutoff,no
PMC12756635,prior_48,E-SR-META,,"Dietary manganese, type 2 diabetes, and cardiovascular disease: A UK Biobank cohort study and meta-analysis of over 270,000 individuals.",,10.1016/j.jnha.2025.100754,complete,2026 Feb,2025 Dec 10,complete,1,CC BY,true,false,s3://pmc-oa-opendata/PMC12756635.1/PMC12756635.1.xml?md5=68f29d4f995b2f9659929f8cacfa32ac,complete,2025-12-10,,2025-12-12,y,complete,,2026-02,2026-02,2025-12-10,2026-02-05,{},complete_unauthenticated_compatibility,https://openalex.org/W4417207939,2025-12-10,2026-07-23T08:03:31.855105,not_found,not_found,,[],source_incomplete_missing_contact_email,2025-12-10,europe_pmc_first_publication_date,bibliographic_index;crossref_derived_index;publisher_crossref,no,verified_post_cutoff_metadata,no
PMC12797426,prior_48,E-SUBDOMAIN,,Simultaneous Pancreas-Kidney Versus Kidney Transplant Alone: Real-World Outcomes in a Propensity-Matched Global Cohort.,,10.3389/ti.2025.15709,complete,2025,2025 Dec 30,complete,1,CC BY,true,false,s3://pmc-oa-opendata/PMC12797426.1/PMC12797426.1.xml?md5=0bed5cde89e334c5237fdd9a90dc0ef5,complete,2025-12-30,,2026-01-15,y,complete,2025-12-30,,2025-12-30,2025-12-30,2025-12-30,{},complete_unauthenticated_compatibility,https://openalex.org/W7117531073,2025-12-30,2026-07-23T08:03:31.855105,not_found,not_found,,[],source_incomplete_missing_contact_email,2025-12-30,crossref_issued,bibliographic_index;crossref_derived_index;publisher_crossref,no,verified_post_cutoff_metadata,no
PMC12823638,prior_48,E-PARA,,"Less intensive lipid-lowering therapy after ST-elevation myocardial infarction is associated with cardiovascular events: 2-year follow-up of ""Jena auf Ziel"".",,10.1007/s00392-025-02736-y,complete,2026 Feb,2025 Aug 27,complete,1,CC BY,true,false,s3://pmc-oa-opendata/PMC12823638.1/PMC12823638.1.xml?md5=6fc9d2eeaada41c7b36aec39308e5491,complete,2025-08-27,,2025-09-01,y,complete,2025-08-27,2026-02,2025-08-27,2025-08-27,2026-01-21,{},complete_unauthenticated_compatibility,https://openalex.org/W4413764368,2025-08-27,2026-07-23T08:03:31.855105,not_found,not_found,,[],source_incomplete_missing_contact_email,2025-08-27,crossref_issued,bibliographic_index;crossref_derived_index;publisher_crossref,no,verified_post_cutoff_metadata,no
PMC12911675,prior_48,strong,,Cardiovascular complications and mortality in patients with youth-onset type 1 and type 2 diabetes: a population-based long-term follow-up study.,,10.1136/bmjph-2025-003402,complete,2026,2026 Feb 16,complete,1,CC BY-NC,true,false,s3://pmc-oa-opendata/PMC12911675.1/PMC12911675.1.xml?md5=35af5a1f1b36d774b76a6a3de11d8ac7,complete,2026-02-16,,2026-02-20,y,complete,2026-02-16,2026-01,2026-01,2026-03-04,2026-03-04,{},complete_unauthenticated_compatibility,https://openalex.org/W7129659605,2026-01-01,2026-06-11T09:08:48.828518,not_found,not_found,,[],source_incomplete_missing_contact_email,2026-01-01,crossref_issued,bibliographic_index;crossref_derived_index;publisher_crossref,no,verified_post_cutoff_metadata,no
PMC12925122,prior_48,strong,,Sex-specific associations between frailty and long-term outcomes in patients with acute myocardial infarction: a national population-based study.,,10.1016/j.lanepe.2026.101612,complete,2026 May,2026 Feb 12,complete,1,CC BY,true,false,s3://pmc-oa-opendata/PMC12925122.1/PMC12925122.1.xml?md5=5d14121b1e20f5095fd318ba59ecae6d,complete,2026-02-12,,2026-02-24,y,complete,,2026-05,2026-05,2026-02-12,2026-05-04,{},complete_unauthenticated_compatibility,https://openalex.org/W7128703119,2026-02-12,2026-07-23T08:03:31.855105,not_found,not_found,,[],source_incomplete_missing_contact_email,2026-02-12,europe_pmc_first_publication_date,bibliographic_index;crossref_derived_index;publisher_crossref,no,verified_post_cutoff_metadata,no
PMC13036950,prior_48,E-PRED,,Identification of key cardiovascular disease predictive factors from the China Health and Retirement Longitudinal Study dataset using machine learning-based algorithms.,,10.1186/s12967-026-07850-7,complete,2026 Feb 24,2026 Feb 24,complete,1,CC BY-NC-ND,true,false,s3://pmc-oa-opendata/PMC13036950.1/PMC13036950.1.xml?md5=3a6b81b69b9f00ca2f0809845405db4b,complete,2026-02-24,,2026-02-24,y,complete,2026-02-24,,2026-02-24,2026-02-24,2026-03-30,{},complete_unauthenticated_compatibility,https://openalex.org/W7131314243,2026-02-24,2026-07-29T09:40:50.615796,not_found,not_found,,[],source_incomplete_missing_contact_email,2026-02-24,crossref_issued,bibliographic_index;crossref_derived_index;publisher_crossref,no,verified_post_cutoff_metadata,no
PMC13138023,extended_discovery,,requires_full_text_screen,Impact of acute kidney injury on clinical and functional outcomes in patients undergoing coronary artery bypass grafting: a prospective cohort study.,,10.1590/2175-8239-jbn-2025-0241en,complete,2026 Jul-Sep,,complete,1,CC BY,true,false,s3://pmc-oa-opendata/PMC13138023.1/PMC13138023.1.xml?md5=e8b71b8bd3329eeac0a65d332a498ece,complete,2026-07-01,,2026-05-13,y,complete,2026,,2026,2026-05-01,2026-05-01,"{""is-translation-of"":[{""asserted-by"":""subject"",""id"":""10.1590/2175-8239-jbn-2025-0241pt"",""id-type"":""doi""},{""asserted-by"":""object"",""id"":""10.1590/2175-8239-jbn-2025-0241pt"",""id-type"":""doi""}]}",complete_unauthenticated_compatibility,https://openalex.org/W7160158862,2026-01-01,2026-07-17T09:13:05.818461,not_found,not_found,,[],source_incomplete_missing_contact_email,2026-01-01,openalex_publication_date,bibliographic_index;crossref_derived_index,yes,unresolved_date_conflict,yes
PMC13243855,prior_48,strong,,Gastrointestinal Surgery Status and the Risks of Ischemic Stroke and Safety Outcomes With Direct Oral Anticoagulants Versus Warfarin in Atrial Fibrillation: A Nationwide Population-Based Cohort Study.,,10.5853/jos.2025.05295,complete,2026 May,2026 Apr 23,complete,1,CC BY-NC,true,false,s3://pmc-oa-opendata/PMC13243855.1/PMC13243855.1.xml?md5=5d55612818c446963f7fb95d27ce63b6,complete,2026-04-23,,2026-04-23,y,complete,,2026-05-31,2026-05-31,2026-04-23,2026-06-02,{},complete_unauthenticated_compatibility,https://openalex.org/W7155193524,2026-04-23,2026-07-27T08:26:11.824852,not_found,not_found,,[],source_incomplete_missing_contact_email,2026-04-23,europe_pmc_first_publication_date,bibliographic_index;crossref_derived_index;publisher_crossref,no,verified_post_cutoff_metadata,no
PMC13310656,prior_48+extended_discovery,strong,requires_full_text_screen,Associations of Handgrip Strength Weakness and Asymmetry With New-Onset Stroke in Middle-Aged and Older Adults: A Prospective Cohort Study in Europe.,,10.1111/ggi.70622,complete,2026 Jul,,complete,1,CC BY-NC,true,false,s3://pmc-oa-opendata/PMC13310656.1/PMC13310656.1.xml?md5=43d56f49a24a9911e40122d3fd0ec00a,not_found,,,,,complete,2026-06-28,2026-07,2026-06-28,2026-06-29,2026-07-28,{},complete_unauthenticated_compatibility,https://openalex.org/W7166454428,2026-06-28,2026-07-27T08:26:11.824852,not_found,not_found,,[],source_incomplete_missing_contact_email,2026-06-28,crossref_issued,bibliographic_index;crossref_derived_index;publisher_crossref,no,verified_post_cutoff_metadata,no
PMC13322554,extended_discovery,,requires_full_text_screen,Admission NT-proBNP provides stronger prognostic discrimination than the AHEAD score for 1-year mortality in hospitalized acute heart failure: A retrospective cohort study.,,10.1371/journal.pone.0353113,complete,2026,2026 Jul 1,complete,1,CC BY,true,false,s3://pmc-oa-opendata/PMC13322554.1/PMC13322554.1.xml?md5=c9c68ce830a01b95303bdc9df147fad2,not_found,,,,,complete,2026-07-01,,2026-07-01,2026-07-01,2026-07-01,{},complete_unauthenticated_compatibility,https://openalex.org/W7166868182,2026-07-01,2026-07-27T08:26:11.824852,not_found,not_found,,[],source_incomplete_missing_contact_email,2026-07-01,crossref_issued,bibliographic_index;crossref_derived_index;publisher_crossref,no,verified_post_cutoff_metadata,no
PMC13327123,extended_discovery,,requires_full_text_screen,Heart failure hospitalization in patients with and without type 2 diabetes: A population-based retrospective cohort study.,,10.1371/journal.pone.0351763,complete,2026,2026 Jul 2,complete,1,CC BY,true,false,s3://pmc-oa-opendata/PMC13327123.1/PMC13327123.1.xml?md5=7f761f5135f60c4cda703ef69992444e,not_found,,,,,complete,2026-07-02,,2026-07-02,2026-07-02,2026-07-02,{},complete_unauthenticated_compatibility,https://openalex.org/W7167037779,2026-07-02,2026-07-27T08:26:11.824852,not_found,not_found,,[],source_incomplete_missing_contact_email,2026-07-02,crossref_issued,bibliographic_index;crossref_derived_index;publisher_crossref,no,verified_post_cutoff_metadata,no
PMC13327202,extended_discovery,,requires_full_text_screen,"Short-term effects of alcohol detoxification on cardiovascular, hematological, and oxidative stress biomarkers: A prospective cohort study.",,10.1371/journal.pone.0352164,complete,2026,2026 Jul 2,complete,1,CC BY,true,false,s3://pmc-oa-opendata/PMC13327202.1/PMC13327202.1.xml?md5=2ca9d5699b088b7aa5f7d6da00ae65da,not_found,,,,,complete,2026-07-02,,2026-07-02,2026-07-02,2026-07-02,{},complete_unauthenticated_compatibility,https://openalex.org/W7167035903,2026-07-02,2026-07-27T08:26:11.824852,not_found,not_found,,[],source_incomplete_missing_contact_email,2026-07-02,crossref_issued,bibliographic_index;crossref_derived_index;publisher_crossref,no,verified_post_cutoff_metadata,no
PMC13329086,extended_discovery,,requires_full_text_screen,Association of Frailty and Its Trajectories With the Risk of Cardiovascular-Kidney-Metabolic Syndrome Progression: A Longitudinal Cohort Study.,,10.1111/ggi.70627,complete,2026 Jul,,complete,1,CC BY,true,false,s3://pmc-oa-opendata/PMC13329086.1/PMC13329086.1.xml?md5=9ea48217da80e6c683cb96e6862d2761,not_found,,,,,complete,2026-07-02,2026-07,2026-07,2026-07-03,2026-07-28,{},complete_unauthenticated_compatibility,https://openalex.org/W7167254901,2026-07-01,2026-07-27T08:26:11.824852,not_found,not_found,,[],source_incomplete_missing_contact_email,2026-07-01,crossref_issued,bibliographic_index;crossref_derived_index;publisher_crossref,no,verified_post_cutoff_metadata,no
PMC13329938,extended_discovery,,requires_full_text_screen,Conjoint association of gestational diabetes mellitus and hypertensive disorders of pregnancy with long-term risk of mortality: a population-based cohort study.,,10.7189/jogh.16.04204,complete,2026 Jul 3,2026 Jul 3,complete,1,CC BY,true,false,s3://pmc-oa-opendata/PMC13329938.1/PMC13329938.1.xml?md5=0b9de3cd70eee9f660a0119bc3b1867a,not_found,,,,,complete,2026-07-03,,2026-07-03,2026-07-03,2026-07-03,{},complete_unauthenticated_compatibility,https://openalex.org/W7167205857,2026-07-03,2026-07-27T08:26:11.824852,not_found,not_found,,[],source_incomplete_missing_contact_email,2026-07-03,crossref_issued,bibliographic_index;crossref_derived_index;publisher_crossref,no,verified_post_cutoff_metadata,no
PMC13331199,extended_discovery,,requires_full_text_screen,Leucocytosis and outcomes in older ICU patients after ischaemic stroke: a binational multicentre cohort study.,,10.1136/bmjno-2025-001538,complete,2026,2026 Jul 1,complete,1,CC BY-NC,true,false,s3://pmc-oa-opendata/PMC13331199.1/PMC13331199.1.xml?md5=aff73248821004931c954ec498e0002f,not_found,,,,,complete,2026-07-01,2026-07,2026-07,2026-07-01,2026-07-01,{},complete_unauthenticated_compatibility,https://openalex.org/W7166862769,2026-07-01,2026-07-10T07:45:09.275182,not_found,not_found,,[],source_incomplete_missing_contact_email,2026-07-01,crossref_issued,bibliographic_index;crossref_derived_index;publisher_crossref,no,verified_post_cutoff_metadata,no
PMC13331347,extended_discovery,,exclude_title:prediction_or_ml,Development of a predictive model for postoperative body mass index and diabetes outcomes after metabolic bariatric surgery: retrospective cohort study.,,10.1093/bjsopen/zrag054,complete,2026 Jul 3,,complete,1,CC BY,true,false,s3://pmc-oa-opendata/PMC13331347.1/PMC13331347.1.xml?md5=2155501a38aa19ae30100d32e23a5c34,not_found,,,,,complete,2026-07-03,2026-07-03,2026-07-03,2026-04-19,2026-07-03,{},complete_unauthenticated_compatibility,https://openalex.org/W7167261122,2026-04-19,2026-07-27T08:26:11.824852,not_found,not_found,,[],source_incomplete_missing_contact_email,2026-04-19,openalex_publication_date,bibliographic_index;crossref_derived_index;publisher_crossref,no,verified_post_cutoff_metadata,no
PMC13335360,extended_discovery,,requires_full_text_screen,Comparative performance of insulin resistance-related indices in predicting adverse cardiovascular events among individuals with NAFLD and MASLD: a multi-center cohort study.,,10.1186/s12933-026-03208-x,complete,2026 Jul 4,2026 Jul 4,complete,1,CC BY-NC-ND,true,false,s3://pmc-oa-opendata/PMC13335360.1/PMC13335360.1.xml?md5=fed69b1f873b7fbd9fdf619e1288d94b,not_found,,,,,complete,2026-07-04,,2026-07-04,2026-07-04,2026-07-06,{},complete_unauthenticated_compatibility,https://openalex.org/W7167335781,2026-07-04,2026-07-27T08:26:11.824852,not_found,not_found,,[],source_incomplete_missing_contact_email,2026-07-04,crossref_issued,bibliographic_index;crossref_derived_index;publisher_crossref,no,verified_post_cutoff_metadata,no
PMC13336533,prior_48+extended_discovery,strong,requires_full_text_screen,Health-Related Digital Engagement and Incident Stroke Among Older Adults: Prospective Cohort Study.,,10.2196/93631,complete,2026 Jul 6,2026 Jul 6,complete,1,CC BY,true,false,s3://pmc-oa-opendata/PMC13336533.1/PMC13336533.1.xml?md5=d8383ef521790fb4af41273978774f88,not_found,,,,,complete,2026-07-06,,2026-07-06,2026-06-09,2026-07-06,{},complete_unauthenticated_compatibility,https://openalex.org/W7164016267,2026-06-09,2026-07-27T08:26:11.824852,not_found,not_found,,[],source_incomplete_missing_contact_email,2026-06-09,openalex_publication_date,bibliographic_index;crossref_derived_index;publisher_crossref,no,verified_post_cutoff_metadata,no
PMC13337000,extended_discovery,,requires_full_text_screen,Association between hemoglobin glycation index and new-onset diabetes mellitus in individuals with chronic liver disease: Findings from a prospective cohort study using CHARLS data.,,10.1097/md.0000000000049567,complete,2026 Jul 3,,complete,1,CC BY,true,false,s3://pmc-oa-opendata/PMC13337000.1/PMC13337000.1.xml?md5=ef21cd2cfdb16a502d0abb9f36c08c19,not_found,,,,,complete,,2026-07-03,2026-07-03,2026-07-03,2026-07-09,{},complete_unauthenticated_compatibility,https://openalex.org/W7167286958,2026-07-03,2026-07-27T08:26:11.824852,not_found,not_found,,[],source_incomplete_missing_contact_email,2026-07-03,crossref_issued,bibliographic_index;crossref_derived_index;publisher_crossref,no,verified_post_cutoff_metadata,no
PMC13337053,extended_discovery,,requires_full_text_screen,"Mortality trends and projections for type 2 diabetes with concomitant Parkinson's versus Alzheimer's disease among older United States adults, 1999-2023: A retrospective cohort study.",,10.1097/md.0000000000049321,complete,2026 Jul 3,,complete,1,CC BY-NC,true,false,s3://pmc-oa-opendata/PMC13337053.1/PMC13337053.1.xml?md5=020efc23a9032a7ce73e792d927c03c6,not_found,,,,,complete,,2026-07-03,2026-07-03,2026-07-03,2026-07-09,{},complete_unauthenticated_compatibility,https://openalex.org/W7167212627,2026-07-03,2026-07-27T08:26:11.824852,not_found,not_found,,[],source_incomplete_missing_contact_email,2026-07-03,crossref_issued,bibliographic_index;crossref_derived_index;publisher_crossref,no,verified_post_cutoff_metadata,no
PMC13337222,extended_discovery,,requires_full_text_screen,Major cardiovascular events in first-degree relatives of individuals with elevated plasma lipoprotein(a): a registry-based cohort study.,,10.1093/eurheartj/ehaf677,complete,2026 Jul 7,,complete,1,CC BY,true,false,s3://pmc-oa-opendata/PMC13337222.1/PMC13337222.1.xml?md5=b4b5342c00f4e7efccdf91bbcbb23edf,not_found,,,,,complete,2025-08-31,2026-07-07,2025-08-31,2025-08-18,2026-07-06,{},complete_unauthenticated_compatibility,https://openalex.org/W4413857068,2025-08-18,2026-07-29T09:40:50.615796,not_found,not_found,,[],source_incomplete_missing_contact_email,2025-08-18,openalex_publication_date,bibliographic_index;crossref_derived_index;publisher_crossref,yes,unresolved_date_conflict,yes
PMC13337675,extended_discovery,,requires_full_text_screen,Occupational particle exposure and diabetes: a cohort study in Swedish construction workers.,,10.1007/s00420-026-02224-4,complete,2026 Jul 6,2026 Jul 6,complete,1,CC BY,true,false,s3://pmc-oa-opendata/PMC13337675.1/PMC13337675.1.xml?md5=7705ad4c25c9d422fb0974d7175c253f,not_found,,,,,complete,2026-07-06,2026-07,2026-07,2026-07-06,2026-07-17,{},complete_unauthenticated_compatibility,https://openalex.org/W7167485901,2026-07-01,2026-07-27T08:26:11.824852,not_found,not_found,,[],source_incomplete_missing_contact_email,2026-07-01,crossref_issued,bibliographic_index;crossref_derived_index;publisher_crossref,no,verified_post_cutoff_metadata,no
PMC13340667,extended_discovery,,requires_full_text_screen,Yiqi Fumai Lyophilized Injection for Improving Exercise Tolerance in Chronic Heart Failure: Protocol for a Prospective Cohort Study.,,10.2196/91051,complete,2026 Jul 7,2026 Jul 7,complete,1,CC BY,true,false,s3://pmc-oa-opendata/PMC13340667.1/PMC13340667.1.xml?md5=24f1b452dc1b02f7a315cdf605c0e8f8,not_found,,,,,complete,2026-07-07,,2026-07-07,2026-07-07,2026-07-07,{},complete_unauthenticated_compatibility,https://openalex.org/W7167634076,2026-07-07,2026-07-27T08:26:11.824852,not_found,not_found,,[],source_incomplete_missing_contact_email,2026-07-07,crossref_issued,bibliographic_index;crossref_derived_index;publisher_crossref,no,verified_post_cutoff_metadata,no
PMC13341244,prior_48+extended_discovery,strong,requires_full_text_screen,Renal and Cardiovascular Complications Following Type 2 Diabetes Mellitus in People With and Without HIV: Data From the Cohort Study on Morbidity and HIV in Sweden (COSMOHS) Between 2010 and 2024.,,10.1093/cid/ciag261,complete,2026 Jul 8,,complete,1,CC BY,true,false,s3://pmc-oa-opendata/PMC13341244.1/PMC13341244.1.xml?md5=edcbff2a864733df94a00e89e154bdca,not_found,,,,,complete,2026-04-18,2026-07-08,2026-04-18,2026-04-16,2026-07-08,{},complete_unauthenticated_compatibility,https://openalex.org/W7154837697,2026-04-16,2026-07-27T08:26:11.824852,not_found,not_found,,[],source_incomplete_missing_contact_email,2026-04-16,openalex_publication_date,bibliographic_index;crossref_derived_index;publisher_crossref,no,verified_post_cutoff_metadata,no
PMC13343042,extended_discovery,,requires_full_text_screen,Income level and the risk of incident dementia among adults aged ≥50 with newly diagnosed type 2 diabetes: a population-based cohort study using the NHIS-Senior database in South Korea.,,10.1136/bmjopen-2025-112641,complete,2026 Jul 6,2026 Jul 6,complete,1,CC BY-NC,true,false,s3://pmc-oa-opendata/PMC13343042.1/PMC13343042.1.xml?md5=83da86ba4f4f13cb9c39d36803c13c1f,not_found,,,,,complete,2026-07-06,2026-07,2026-07,2026-07-06,2026-07-06,{},complete_unauthenticated_compatibility,https://openalex.org/W7167546413,2026-07-01,2026-07-27T08:26:11.824852,not_found,not_found,,[],source_incomplete_missing_contact_email,2026-07-01,crossref_issued,bibliographic_index;crossref_derived_index;publisher_crossref,no,verified_post_cutoff_metadata,no
PMC13343054,extended_discovery,,requires_full_text_screen,"Clinical, procedural and patient-reported outcomes of the Ultimaster Nagomi sirolimus-eluting coronary stent in complex percutaneous coronary intervention: the NAGOMI COMPLEX prospective cohort study protocol.",,10.1136/bmjopen-2026-116572,complete,2026 Jul 7,2026 Jul 7,complete,1,CC BY-NC,true,false,s3://pmc-oa-opendata/PMC13343054.1/PMC13343054.1.xml?md5=ab469b789141695f2272478dfc236a1b,not_found,,,,,complete,2026-07-07,2026-07,2026-07,2026-07-07,2026-07-07,{},complete_unauthenticated_compatibility,https://openalex.org/W7167640413,2026-07-01,2026-07-29T09:40:50.615796,not_found,not_found,,[],source_incomplete_missing_contact_email,2026-07-01,crossref_issued,bibliographic_index;crossref_derived_index;publisher_crossref,no,verified_post_cutoff_metadata,no
PMC13343087,extended_discovery,,requires_full_text_screen,"Understanding the impact of the follow-up period on the association between excess body weight, and cardiovascular events and mortality: a prospective cohort study of the UK Biobank.",,10.1136/bmjopen-2025-113148,complete,2026 Jul 3,2026 Jul 3,complete,1,CC BY-NC,true,false,s3://pmc-oa-opendata/PMC13343087.1/PMC13343087.1.xml?md5=1f2bdef35c7b790198bea1dbfed65f9e,not_found,,,,,complete,2026-07-03,2026-07,2026-07,2026-07-03,2026-07-03,{},complete_unauthenticated_compatibility,https://openalex.org/W7167243504,2026-07-01,2026-07-27T08:26:11.824852,not_found,not_found,,[],source_incomplete_missing_contact_email,2026-07-01,crossref_issued,bibliographic_index;crossref_derived_index;publisher_crossref,no,verified_post_cutoff_metadata,no
PMC13344933,extended_discovery,,requires_full_text_screen,App-Based Digital Therapeutics Integrating Continuous Glucose Monitoring for Glycemic Control in Type 2 Diabetes: Prospective Observational Cohort Study.,,10.2196/86651,complete,2026 Jul 8,2026 Jul 8,complete,1,CC BY,true,false,s3://pmc-oa-opendata/PMC13344933.1/PMC13344933.1.xml?md5=6f0014a932ce9cf1b4384831b0480c00,not_found,,,,,complete,2026-07-08,,2026-07-08,2026-07-08,2026-07-08,{},complete_unauthenticated_compatibility,https://openalex.org/W7167719249,2026-07-08,2026-07-27T08:26:11.824852,not_found,not_found,,[],source_incomplete_missing_contact_email,2026-07-08,crossref_issued,bibliographic_index;crossref_derived_index;publisher_crossref,no,verified_post_cutoff_metadata,no
PMC13345235,extended_discovery,,exclude_title:cross_sectional,Heterogeneous associations of socioeconomic status with metabolic disease in racial and ethnic subgroups in the United States: A cross-sectional cohort study in NHANES and All Of Us.,,10.1371/journal.pone.0351075,complete,2026,2026 Jul 8,complete,1,CC BY,true,false,s3://pmc-oa-opendata/PMC13345235.1/PMC13345235.1.xml?md5=65b1a865df7e3a8c8fc442f813b46b0b,not_found,,,,,complete,2026-07-08,,2026-07-08,2026-07-08,2026-07-08,{},complete_unauthenticated_compatibility,https://openalex.org/W7167724887,2026-07-08,2026-07-27T08:26:11.824852,match,not_found,2025-12-09,"[{""preprint_abstract_omitted"":""copyright-sensitive text omitted"",""preprint_abstract_sha256"":""def0c1a43f8053f138174139922f944b38af8bd1ef0d9a0602c7cf9be7384a5f"",""preprint_author_corresponding"":""Sara Jane J Cromer"",""preprint_author_corresponding_institution"":""Diabetes Unit, Massachusetts General Hospital"",""preprint_authors"":""Cromer, S. J. J.; Gervis, J. E.; Burnett-Bowie, S.-A. M.; Patel, C. J."",""preprint_category"":""epidemiology"",""preprint_date"":""2025-12-09"",""preprint_doi"":""10.64898/2025.12.08.25341847"",""preprint_platform"":""medRxiv"",""preprint_title"":""Heterogeneous Associations of Socioeconomic Status with Metabolic Disease in Racial and Ethnic Subgroups in the United States: A Cross-Sectional Cohort Study in NHANES and All Of Us"",""published_date"":""2026-07-08"",""published_doi"":""10.1371/journal.pone.0351075"",""published_journal"":""PLOS One""}]",source_incomplete_missing_contact_email,2025-12-09,preprint_first_date,bibliographic_index;crossref_derived_index;preprint_server;publisher_crossref,yes,unresolved_date_conflict,yes
PMC13346412,extended_discovery,,requires_full_text_screen,Association between SARS-CoV-2 and diabetes: A population-based cohort study using the UK CPRD GOLD database.,,10.1007/s40200-026-02002-6,complete,2026 Dec,2026 Jul 8,complete,1,CC BY,true,false,s3://pmc-oa-opendata/PMC13346412.1/PMC13346412.1.xml?md5=da665c491afa3c0ae6bb2e48d0776eee,not_found,,,,,complete,2026-07-08,,2026-07-08,2026-07-08,2026-07-08,{},complete_unauthenticated_compatibility,https://openalex.org/W7167574350,2026-07-08,2026-07-26T07:53:14.480251,not_found,not_found,,[],source_incomplete_missing_contact_email,2026-07-08,crossref_issued,bibliographic_index;crossref_derived_index;publisher_crossref,no,verified_post_cutoff_metadata,no
PMC13347318,extended_discovery,,requires_full_text_screen,The Prognostic Role of C-Reactive Protein-Triglyceride Glucose Index in Predicting Unfavorable Outcomes in Acute Ischemic Stroke: A Large-Scale Cohort Study.,,10.1002/brb3.71578,complete,2026 Jul,,complete,1,CC BY,true,false,s3://pmc-oa-opendata/PMC13347318.1/PMC13347318.1.xml?md5=d92477b7dd1cb1716eba06eb2fb581bf,not_found,,,,,complete,2026-07-09,2026-07,2026-07,2026-07-09,2026-07-27,{},complete_unauthenticated_compatibility,https://openalex.org/W7167851462,2026-07-01,2026-07-27T08:26:11.824852,not_found,not_found,,[],source_incomplete_missing_contact_email,2026-07-01,crossref_issued,bibliographic_index;crossref_derived_index;publisher_crossref,no,verified_post_cutoff_metadata,no
PMC13349111,extended_discovery,,requires_full_text_screen,Rising Burden and Clinical Impact of Metabolic Syndrome in Inflammatory Bowel Disease: A Real-World Cohort Study.,,10.1002/ueg2.70255,complete,2026 Jul,,complete,1,CC BY-NC-ND,true,false,s3://pmc-oa-opendata/PMC13349111.1/PMC13349111.1.xml?md5=11ddd2d667361ceda65167a3b35ce9fd,not_found,,,,,complete,2026-07-09,2026-07,2026-07,2026-07-09,2026-07-28,{},complete_unauthenticated_compatibility,https://openalex.org/W7167850480,2026-07-01,2026-07-27T08:26:11.824852,not_found,not_found,,[],source_incomplete_missing_contact_email,2026-07-01,crossref_issued,bibliographic_index;crossref_derived_index;publisher_crossref,no,verified_post_cutoff_metadata,no
PMC13349133,extended_discovery,,requires_full_text_screen,Metabolic risk and metabolic dysfunction-associated steatotic liver disease and steatohepatitis in cognitive decline: A retrospective cohort study.,,10.1371/journal.pone.0353160,complete,2026,2026 Jul 9,complete,1,CC BY,true,false,s3://pmc-oa-opendata/PMC13349133.1/PMC13349133.1.xml?md5=a3779abf8162bf9efffd643d4f6ab93b,not_found,,,,,complete,2026-07-09,,2026-07-09,2026-07-09,2026-07-09,{},complete_unauthenticated_compatibility,https://openalex.org/W7167828302,2026-07-09,2026-07-29T09:40:50.615796,not_found,not_found,,[],source_incomplete_missing_contact_email,2026-07-09,crossref_issued,bibliographic_index;crossref_derived_index;publisher_crossref,no,verified_post_cutoff_metadata,no
PMC13349322,extended_discovery,,requires_full_text_screen,Quantifying the Predictive Power of Social Determinants of Health in Cardiovascular Disease and Type 2 Diabetes Progression Using XGBoost: Retrospective Cohort Study.,,10.2196/80377,complete,2026 Jul 9,2026 Jul 9,complete,1,CC BY,true,false,s3://pmc-oa-opendata/PMC13349322.1/PMC13349322.1.xml?md5=190e96033a19b784ef65b7c468f5f321,not_found,,,,,complete,2026-07-09,,2026-07-09,2026-05-16,2026-07-09,{},complete_unauthenticated_compatibility,https://openalex.org/W7161427936,2026-05-16,2026-07-27T08:26:11.824852,not_found,not_found,,[],source_incomplete_missing_contact_email,2026-05-16,openalex_publication_date,bibliographic_index;crossref_derived_index;publisher_crossref,no,verified_post_cutoff_metadata,no
PMC13351211,extended_discovery,,requires_full_text_screen,Association between dietary index for gut microbiota and all-cause and cardiovascular disease mortality in patients with gout and hyperuricemia: A prospective cohort study.,,10.1177/00368504261466110,complete,2026 Jul-Sep,2026 Jul 9,complete,1,CC BY-NC,true,false,s3://pmc-oa-opendata/PMC13351211.1/PMC13351211.1.xml?md5=c1fd69919c6aabc07f58b3ca8245c85b,not_found,,,,,complete,2026-07-09,2026-07,2026-07,2026-07-09,2026-07-11,{},complete_unauthenticated_compatibility,https://openalex.org/W7167829993,2026-07-01,2026-07-27T08:26:11.824852,not_found,not_found,,[],source_incomplete_missing_contact_email,2026-07-01,crossref_issued,bibliographic_index;crossref_derived_index;publisher_crossref,no,verified_post_cutoff_metadata,no
PMC13351449,extended_discovery,,requires_full_text_screen,Association of joint exposure to PM2.5 and extreme heat with cardiovascular disease: A population-based cohort study in Northwest China.,,10.1016/j.isci.2026.116526,complete,2026 Jul 17,2026 Jul 6,complete,1,CC BY-NC-ND,true,false,s3://pmc-oa-opendata/PMC13351449.1/PMC13351449.1.xml?md5=10644524a51e54b267179f21ec3541f1,not_found,,,,,complete,,2026-07,2026-07,2026-07-06,2026-07-17,{},complete_unauthenticated_compatibility,https://openalex.org/W7167471513,2026-07-01,2026-07-28T07:46:37.118299,not_found,not_found,,[],source_incomplete_missing_contact_email,2026-07-01,crossref_issued,bibliographic_index;crossref_derived_index;publisher_crossref,no,verified_post_cutoff_metadata,no
PMC13351598,extended_discovery,,requires_full_text_screen,Association between high maternal haemoglobin levels in the first trimester and gestational diabetes mellitus: a prospective birth cohort study.,,10.7189/jogh.16.04212,complete,2026 Jul 10,2026 Jul 10,complete,1,CC BY,true,false,s3://pmc-oa-opendata/PMC13351598.1/PMC13351598.1.xml?md5=148c4b716791015a02c1973e34ec8f35,not_found,,,,,complete,2026-07-10,,2026-07-10,2026-07-10,2026-07-10,{},complete_unauthenticated_compatibility,https://openalex.org/W7167901593,2026-07-10,2026-07-27T08:26:11.824852,not_found,not_found,,[],source_incomplete_missing_contact_email,2026-07-10,crossref_issued,bibliographic_index;crossref_derived_index;publisher_crossref,no,verified_post_cutoff_metadata,no
PMC13352028,extended_discovery,,requires_full_text_screen,Cardiovascular risk associated with intellectual disability among adults with type 2 diabetes: a nationwide cohort study in South Korea.,,10.1016/j.eclinm.2026.104043,complete,2026 Jul,2026 Jul 1,complete,1,CC BY,true,false,s3://pmc-oa-opendata/PMC13352028.1/PMC13352028.1.xml?md5=3496754593046df1b735496aaca04a92,not_found,,,,,complete,,2026-07,2026-07,2026-07-01,2026-07-24,{},complete_unauthenticated_compatibility,https://openalex.org/W7166818898,2026-07-01,2026-07-23T08:03:31.855105,not_found,not_found,,[],source_incomplete_missing_contact_email,2026-07-01,crossref_issued,bibliographic_index;crossref_derived_index;publisher_crossref,no,verified_post_cutoff_metadata,no
PMC13352046,extended_discovery,,requires_full_text_screen,"Corrigendum to ""Association of serum 25-hydroxyvitamin D with the risk of depression in individuals with prediabetes and diabetes: A prospective cohort study"" [J Nutr Health Aging, 29 (2025) 100556].",,10.1016/j.jnha.2026.100918,complete,2026 Jul 1,2026 Jul 1,complete,1,CC BY-NC-ND,true,false,s3://pmc-oa-opendata/PMC13352046.1/PMC13352046.1.xml?md5=22dae92d68d9db065238d262a49d252e,not_found,,,,,complete,,2026-08,2026-08,2026-07-01,2026-07-02,{},complete_unauthenticated_compatibility,https://openalex.org/W7166883737,2026-07-01,2026-07-27T08:26:11.824852,not_found,not_found,,[],source_incomplete_missing_contact_email,2026-07-01,ncbi_epubdate,bibliographic_index;crossref_derived_index;publisher_crossref,no,verified_post_cutoff_metadata,no
PMC13355283,extended_discovery,,requires_full_text_screen,Subtype-specific optimal cut-off values of the Berg Balance Scale for predicting independent walking in inpatient stroke rehabilitation: a multicentre cohort study.,,10.2340/jrm.v58.45663,complete,2026 Jul 8,2026 Jul 8,complete,1,CC BY,true,false,s3://pmc-oa-opendata/PMC13355283.1/PMC13355283.1.xml?md5=9678810691d3fabfd8961186f332e185,not_found,,,,,complete,2026-07-08,,2026-07-08,2026-07-08,2026-07-08,{},complete_unauthenticated_compatibility,https://openalex.org/W7167728107,2026-07-08,2026-07-29T09:40:50.615796,not_found,not_found,,[],source_incomplete_missing_contact_email,2026-07-08,crossref_issued,bibliographic_index;crossref_derived_index;publisher_crossref,no,verified_post_cutoff_metadata,no
PMC13355561,extended_discovery,,requires_full_text_screen,The PAFIS score for risk stratification of atrial fibrillation detected after stroke: a multicenter cohort study.,,10.1016/j.ijcha.2026.101964,complete,2026 Aug,2026 Jul 3,complete,1,CC BY-NC-ND,true,false,s3://pmc-oa-opendata/PMC13355561.1/PMC13355561.1.xml?md5=330181bbfcdde82afd4350575c7432f4,not_found,,,,,complete,,2026-08,2026-08,2026-07-03,2026-07-27,{},complete_unauthenticated_compatibility,https://openalex.org/W7167204497,2026-07-03,2026-07-23T08:03:31.855105,not_found,not_found,,[],source_incomplete_missing_contact_email,2026-07-03,ncbi_epubdate,bibliographic_index;crossref_derived_index;publisher_crossref,no,verified_post_cutoff_metadata,no
PMC13355640,extended_discovery,,requires_full_text_screen,Association Between Low-Dose Aspirin Use and Early Renal Injury Biomarkers in Patients with Type 2 Diabetes Mellitus: A Retrospective Matched Cohort Study.,,10.2147/dmso.s624979,complete,2026,2026 Jul 6,complete,1,CC BY-NC,true,false,s3://pmc-oa-opendata/PMC13355640.1/PMC13355640.1.xml?md5=0c9256085f490f5a3a0823c9bfcb57f4,not_found,,,,,complete,2026-07,,2026-07,2026-07-06,2026-07-06,{},complete_unauthenticated_compatibility,https://openalex.org/W7167474971,2026-07-01,2026-07-13T05:41:17.278356,not_found,not_found,,[],source_incomplete_missing_contact_email,2026-07-01,crossref_issued,bibliographic_index;crossref_derived_index;publisher_crossref,no,verified_post_cutoff_metadata,no
PMC13356836,extended_discovery,,requires_full_text_screen,Association of Maternal Hyperlipidemia Combined with Gestational Diabetes Mellitus with Adverse Maternal and Neonatal Outcomes: A Retrospective Cohort Study.,,10.2147/ijwh.s615707,complete,2026,2026 Jul 8,complete,1,CC BY-NC,true,false,s3://pmc-oa-opendata/PMC13356836.1/PMC13356836.1.xml?md5=482f303f9ab947134cccf503c2cd08e1,not_found,,,,,complete,2026-07,,2026-07,2026-07-08,2026-07-08,{},complete_unauthenticated_compatibility,https://openalex.org/W7167661465,2026-07-01,2026-07-14T05:46:48.188703,not_found,not_found,,[],source_incomplete_missing_contact_email,2026-07-01,crossref_issued,bibliographic_index;crossref_derived_index;publisher_crossref,no,verified_post_cutoff_metadata,no
PMC13357043,extended_discovery,,requires_full_text_screen,Long-Term Clinical Outcomes and Cost-Effectiveness of Bariatric Surgery for Type 2 Diabetes in Malaysia: A 10-Year Retrospective Cohort Study.,,10.2147/jmdh.s590099,complete,2026,2026 Jul 8,complete,1,CC BY-NC,true,false,s3://pmc-oa-opendata/PMC13357043.1/PMC13357043.1.xml?md5=09e7dd5c07f57cc6bf9e8d82f8f6d40d,not_found,,,,,complete,2026-07,,2026-07,2026-07-07,2026-07-07,{},complete_unauthenticated_compatibility,https://openalex.org/W7167586243,2026-07-01,2026-07-22T07:51:19.307946,not_found,not_found,,[],source_incomplete_missing_contact_email,2026-07-01,crossref_issued,bibliographic_index;crossref_derived_index;publisher_crossref,no,verified_post_cutoff_metadata,no
PMC13357993,extended_discovery,,requires_full_text_screen,Association of Pro-Inflammatory Diets With Increased Risk of Metabolic Dysfunction-Associated Steatohepatitis: Evidence From a Prospective Cohort Study.,,10.1002/fsn3.72109,complete,2026 Jul,2026 Jul 12,complete,1,CC BY,true,false,s3://pmc-oa-opendata/PMC13357993.1/PMC13357993.1.xml?md5=23b8fc93bbcb0b563b016f7c09dffca7,not_found,,,,,complete,2026-07-12,2026-07,2026-07,2026-07-13,2026-07-28,{},complete_unauthenticated_compatibility,https://openalex.org/W7168142722,2026-07-01,2026-07-23T08:03:31.855105,not_found,not_found,,[],source_incomplete_missing_contact_email,2026-07-01,crossref_issued,bibliographic_index;crossref_derived_index;publisher_crossref,no,verified_post_cutoff_metadata,no
PMC13360137,extended_discovery,,requires_full_text_screen,Renal Function and Serum Neurofilament Light Chain in Acute Ischemic Stroke: An Observational Cohort Study.,,10.3390/diagnostics16132113,complete,2026 Jul 6,2026 Jul 6,complete,1,CC BY,true,false,s3://pmc-oa-opendata/PMC13360137.1/PMC13360137.1.xml?md5=140010b567a5783e0d26d9e67e2aebd0,not_found,,,,,complete,2026-07-06,,2026-07-06,2026-07-06,2026-07-08,{},complete_unauthenticated_compatibility,https://openalex.org/W7167501193,2026-07-06,2026-07-27T08:26:11.824852,not_found,not_found,,[],source_incomplete_missing_contact_email,2026-07-06,crossref_issued,bibliographic_index;crossref_derived_index;publisher_crossref,no,verified_post_cutoff_metadata,no
PMC13360508,extended_discovery,,exclude_title:prediction_or_ml,Multiple machine learning models for predicting major adverse cardiovascular events in dialysis with clinical and echocardiographic parameters: a retrospective cohort study.,,10.1080/07853890.2026.2698905,complete,2026 Dec,2026 Jul 10,complete,1,CC BY,true,false,s3://pmc-oa-opendata/PMC13360508.1/PMC13360508.1.xml?md5=2b8f46777748640831fe0280dfd59540,not_found,,,,,complete,2026-07-10,2026-12-31,2026-07-10,2026-07-10,2026-07-10,{},complete_unauthenticated_compatibility,https://openalex.org/W7167932964,2026-07-10,2026-07-27T08:26:11.824852,not_found,not_found,,[],source_incomplete_missing_contact_email,2026-07-10,crossref_issued,bibliographic_index;crossref_derived_index;publisher_crossref,no,verified_post_cutoff_metadata,no
PMC13360819,extended_discovery,,requires_full_text_screen,Correlation of Insulin and/or Insulin Secretagogues with the Risk of Hepatocellular Carcinoma and All-Cause Mortality Among Patients with Chronic Hepatitis B and Type 2 Diabetes Mellitus: A Retrospective Cohort Study.,,10.2147/jhc.s611091,complete,2026,2026 Jul 9,complete,1,CC BY-NC,true,false,s3://pmc-oa-opendata/PMC13360819.1/PMC13360819.1.xml?md5=74f754a1813e3a23091a62389f8b5541,not_found,,,,,complete,2026-07,,2026-07,2026-07-09,2026-07-09,{},complete_unauthenticated_compatibility,https://openalex.org/W7167828248,2026-07-01,2026-07-15T05:50:42.429089,not_found,not_found,,[],source_incomplete_missing_contact_email,2026-07-01,crossref_issued,bibliographic_index;crossref_derived_index;publisher_crossref,no,verified_post_cutoff_metadata,no
PMC13361515,extended_discovery,,requires_full_text_screen,Metabolic Syndrome Predicts Chemotherapy Resistance and Poor Prognosis in Epithelial Ovarian Cancer: A Retrospective Observational Cohort Study.,,10.2147/ijwh.s614197,complete,2026,2026 Jul 9,complete,1,CC BY-NC,true,false,s3://pmc-oa-opendata/PMC13361515.1/PMC13361515.1.xml?md5=d9d90e375e9df1b6279147c741e7a88d,not_found,,,,,complete,2026-07,,2026-07,2026-07-09,2026-07-09,{},complete_unauthenticated_compatibility,https://openalex.org/W7167801682,2026-07-01,2026-07-22T07:51:19.307946,not_found,not_found,,[],source_incomplete_missing_contact_email,2026-07-01,crossref_issued,bibliographic_index;crossref_derived_index;publisher_crossref,no,verified_post_cutoff_metadata,no
PMC13361964,extended_discovery,,exclude_title:genetic_or_omics,"Frailty Index and Risk of Ischemic Stroke in China: Evidence from a Cohort Study, Disease Burden Analysis, and Mendelian Randomization.",,10.3390/healthcare14131932,complete,2026 Jul 1,2026 Jul 1,complete,1,CC BY,true,false,s3://pmc-oa-opendata/PMC13361964.1/PMC13361964.1.xml?md5=2104d540aa12a33abd73bbe53088ada6,not_found,,,,,complete,2026-07-01,,2026-07-01,2026-07-01,2026-07-01,{},complete_unauthenticated_compatibility,https://openalex.org/W7166877168,2026-07-01,2026-07-27T08:26:11.824852,not_found,not_found,,[],source_incomplete_missing_contact_email,2026-07-01,crossref_issued,bibliographic_index;crossref_derived_index;publisher_crossref,no,verified_post_cutoff_metadata,no
PMC13362851,extended_discovery,,requires_full_text_screen,Efficacy and safety of apixaban versus warfarin in new-onset atrial fibrillation post coronary artery bypass grafting: A retrospective cohort study.,,10.1097/md.0000000000049695,complete,2026 Jul 10,,complete,1,CC BY,true,false,s3://pmc-oa-opendata/PMC13362851.1/PMC13362851.1.xml?md5=d76bdd0f04cf7a06e262a3d88cba6ece,not_found,,,,,complete,,2026-07-10,2026-07-10,2026-07-10,2026-07-10,{},complete_unauthenticated_compatibility,https://openalex.org/W7167916893,2026-07-10,2026-07-27T08:26:11.824852,not_found,not_found,,[],source_incomplete_missing_contact_email,2026-07-10,crossref_issued,bibliographic_index;crossref_derived_index;publisher_crossref,no,verified_post_cutoff_metadata,no
PMC13362897,extended_discovery,,requires_full_text_screen,"Prevalence, Predictors, and Clinical Outcomes of Cervical Arterial Dissection in Patients with Spontaneous Coronary Artery Dissection: A Multicenter Retrospective Cohort Study.",,10.3390/jcm15135302,complete,2026 Jul 7,2026 Jul 7,complete,1,CC BY,true,false,s3://pmc-oa-opendata/PMC13362897.1/PMC13362897.1.xml?md5=d916afee2e14b9f35ad0fdccf86ae252,not_found,,,,,complete,2026-07-07,,2026-07-07,2026-07-07,2026-07-07,{},complete_unauthenticated_compatibility,https://openalex.org/W7167595484,2026-07-07,2026-07-27T08:26:11.824852,not_found,not_found,,[],source_incomplete_missing_contact_email,2026-07-07,crossref_issued,bibliographic_index;crossref_derived_index;publisher_crossref,no,verified_post_cutoff_metadata,no
PMC13362927,extended_discovery,,requires_full_text_screen,Rapid progression of cardiovascular-kidney-metabolic syndrome drives accelerated frailty trajectories: A longitudinal cohort study.,,10.1097/md.0000000000049742,complete,2026 Jul 10,,complete,1,CC BY,true,false,s3://pmc-oa-opendata/PMC13362927.1/PMC13362927.1.xml?md5=e0661ba8199b5657bc52a65c9bc11d92,not_found,,,,,complete,,2026-07-10,2026-07-10,2026-07-10,2026-07-10,{},complete_unauthenticated_compatibility,https://openalex.org/W7167925072,2026-07-10,2026-07-27T08:26:11.824852,not_found,not_found,,[],source_incomplete_missing_contact_email,2026-07-10,crossref_issued,bibliographic_index;crossref_derived_index;publisher_crossref,no,verified_post_cutoff_metadata,no
PMC13363480,extended_discovery,,requires_full_text_screen,Predictors of Non-Cardiovascular Readmissions in Multimorbid Adults with Heart Failure in Australian Hospitals: A Retrospective Cohort Study.,,10.3390/jcm15135275,complete,2026 Jul 6,2026 Jul 6,complete,1,CC BY,true,false,s3://pmc-oa-opendata/PMC13363480.1/PMC13363480.1.xml?md5=9763ade86aba960598f7f06d59c2af29,not_found,,,,,complete,2026-07-06,,2026-07-06,2026-07-06,2026-07-06,{},complete_unauthenticated_compatibility,https://openalex.org/W7167495528,2026-07-06,2026-07-27T08:26:11.824852,not_found,not_found,,[],source_incomplete_missing_contact_email,2026-07-06,crossref_issued,bibliographic_index;crossref_derived_index;publisher_crossref,no,verified_post_cutoff_metadata,no
PMC13363621,extended_discovery,,requires_full_text_screen,Clinical Predictors and Recovery Patterns of Visual Impairment as a Post-Stroke Complication: A Retrospective Single-Center Cohort Study from a Romanian Comprehensive Stroke Unit.,,10.3390/jcm15135291,complete,2026 Jul 7,2026 Jul 7,complete,1,CC BY,true,false,s3://pmc-oa-opendata/PMC13363621.1/PMC13363621.1.xml?md5=462453caf9d44ef1ca42677e70880fd1,not_found,,,,,complete,2026-07-07,,2026-07-07,2026-07-07,2026-07-07,{},complete_unauthenticated_compatibility,https://openalex.org/W7167627943,2026-07-07,2026-07-27T08:26:11.824852,not_found,not_found,,[],source_incomplete_missing_contact_email,2026-07-07,crossref_issued,bibliographic_index;crossref_derived_index;publisher_crossref,no,verified_post_cutoff_metadata,no
PMC13365883,extended_discovery,,requires_full_text_screen,"Prevalence, Clinical Associations, and Outcomes of Cardiorenal Anemia Syndrome Among Patients With Heart Failure Attending a Tertiary Hospital in Dodoma, Tanzania: A Prospective Observational Cohort Study.",,10.1002/hsr2.72809,complete,2026 Jul,2026 Jul 13,complete,1,CC BY-NC,true,false,s3://pmc-oa-opendata/PMC13365883.1/PMC13365883.1.xml?md5=1aa6f86f5a00065caaefb99d1188635a,not_found,,,,,complete,2026-07-13,2026-07,2026-07,2026-07-14,2026-07-24,{},complete_unauthenticated_compatibility,https://openalex.org/W7168272438,2026-07-01,2026-07-23T08:03:31.855105,not_found,not_found,,[],source_incomplete_missing_contact_email,2026-07-01,crossref_issued,bibliographic_index;crossref_derived_index;publisher_crossref,no,verified_post_cutoff_metadata,no
PMC13366646,extended_discovery,,requires_full_text_screen,Impact of dual antiplatelet therapy duration after percutaneous coronary intervention on outcomes in acute coronary syndrome patients with and without chronic kidney disease: a nationwide cohort study.,,10.1080/0886022x.2026.2697379,complete,2026 Dec,2026 Jul 13,complete,1,CC BY-NC,true,false,s3://pmc-oa-opendata/PMC13366646.1/PMC13366646.1.xml?md5=bae6b2b6d6d020bb92df3c8c06983cd7,not_found,,,,,complete,2026-07-13,2026-12-31,2026-07-13,2026-07-14,2026-07-14,{},complete_unauthenticated_compatibility,https://openalex.org/W7168173709,2026-07-13,2026-07-27T08:26:11.824852,not_found,not_found,,[],source_incomplete_missing_contact_email,2026-07-13,crossref_issued,bibliographic_index;crossref_derived_index;publisher_crossref,no,verified_post_cutoff_metadata,no
PMC13367251,extended_discovery,,requires_full_text_screen,Effectiveness and safety of sodium-glucose cotransporter-2 inhibitor initiation in sacubitril-valsartan users with heart failure: a population-based cohort study.,,10.1093/ehjcvp/pvag031,complete,2026 Jul 14,,complete,1,CC BY-NC,true,false,s3://pmc-oa-opendata/PMC13367251.1/PMC13367251.1.xml?md5=f8ba32547d63eed6a568f55a138323fc,not_found,,,,,complete,2026-05-07,2026-07-14,2026-05-07,2026-05-06,2026-07-14,{},complete_unauthenticated_compatibility,https://openalex.org/W7160647075,2026-05-06,2026-07-27T08:26:11.824852,not_found,not_found,,[],source_incomplete_missing_contact_email,2026-05-06,openalex_publication_date,bibliographic_index;crossref_derived_index;publisher_crossref,no,verified_post_cutoff_metadata,no
PMC13367460,extended_discovery,,requires_full_text_screen,"Clinical Characteristics, Complications, and Outcomes of Heat Stroke Among Pilgrims During the Hajj Mass Gathering: A Prospective Cohort Study.",,10.2147/oaem.s616665,complete,2026,2026 Jul 10,complete,1,CC BY-NC,true,false,s3://pmc-oa-opendata/PMC13367460.1/PMC13367460.1.xml?md5=d5734b1e544cf4b0e3e1972157ad1a20,not_found,,,,,complete,2026-07,,2026-07,2026-07-10,2026-07-10,{},complete_unauthenticated_compatibility,https://openalex.org/W7167907559,2026-07-01,2026-07-22T07:51:19.307946,not_found,not_found,,[],source_incomplete_missing_contact_email,2026-07-01,crossref_issued,bibliographic_index;crossref_derived_index;publisher_crossref,no,verified_post_cutoff_metadata,no
PMC13368627,extended_discovery,,requires_full_text_screen,Risk factors of nasogastric tube removal failure in acute ischemic stroke patients: a 3-months follow-up cohort study at a single institute.,,10.3389/fneur.2026.1801145,complete,2026,2026 Jul 1,complete,1,CC BY,true,false,s3://pmc-oa-opendata/PMC13368627.1/PMC13368627.1.xml?md5=58e07052d50ef4e05c034bd8b2c701dd,not_found,,,,,complete,2026-07-01,,2026-07-01,2026-07-01,2026-07-01,{},complete_unauthenticated_compatibility,https://openalex.org/W7166872379,2026-07-01,2026-07-23T08:03:31.855105,not_found,not_found,,[],source_incomplete_missing_contact_email,2026-07-01,crossref_issued,bibliographic_index;crossref_derived_index;publisher_crossref,no,verified_post_cutoff_metadata,no
PMC13369579,extended_discovery,,requires_full_text_screen,The Association Between PIV and Mortality in US Stroke Survivors: A NHANES 1999-2018 Retrospective Cohort Study.,,10.1002/hsr2.72801,complete,2026 Jul,2026 Jul 14,complete,1,CC BY-NC-ND,true,false,s3://pmc-oa-opendata/PMC13369579.1/PMC13369579.1.xml?md5=d26dec37b798b9004ebd83168c48f6c1,not_found,,,,,complete,2026-07-14,2026-07,2026-07,2026-07-15,2026-07-24,{},complete_unauthenticated_compatibility,https://openalex.org/W7168401561,2026-07-01,2026-07-29T09:40:50.615796,not_found,not_found,,[],source_incomplete_missing_contact_email,2026-07-01,crossref_issued,bibliographic_index;crossref_derived_index;publisher_crossref,no,verified_post_cutoff_metadata,no
PMC13372655,extended_discovery,,requires_full_text_screen,Predictive value of routine ultrasound indicators in the second trimester for gestational diabetes mellitus: a retrospective cohort study.,,10.3389/fendo.2026.1873073,complete,2026,2026 Jul 2,complete,1,CC BY,true,false,s3://pmc-oa-opendata/PMC13372655.1/PMC13372655.1.xml?md5=d3e88b4764e8b6c855e1a74bf37b1e0f,not_found,,,,,complete,2026-07-02,,2026-07-02,2026-07-02,2026-07-02,{},complete_unauthenticated_compatibility,https://openalex.org/W7167069723,2026-07-02,2026-07-23T08:03:31.855105,not_found,not_found,,[],source_incomplete_missing_contact_email,2026-07-02,crossref_issued,bibliographic_index;crossref_derived_index;publisher_crossref,no,verified_post_cutoff_metadata,no
PMC13372826,extended_discovery,,requires_full_text_screen,Clinical factors associated with retreatment and early coronary outcomes in Kawasaki disease in children aged < 6 months: a single-center cohort study.,,10.1007/s00431-026-07214-9,complete,2026 Jul 15,2026 Jul 15,complete,1,CC BY-NC-ND,true,false,s3://pmc-oa-opendata/PMC13372826.1/PMC13372826.1.xml?md5=f9275eb1bfc8c62bf3d119779adf5fda,not_found,,,,,complete,2026-07-15,,2026-07-15,2026-07-15,2026-07-15,{},complete_unauthenticated_compatibility,https://openalex.org/W7168382934,2026-07-15,2026-07-27T08:26:11.824852,not_found,not_found,,[],source_incomplete_missing_contact_email,2026-07-15,crossref_issued,bibliographic_index;crossref_derived_index;publisher_crossref,no,verified_post_cutoff_metadata,no
PMC13374871,extended_discovery,,requires_full_text_screen,Association between glycemic control and chronic kidney disease development in older patients with type 2 diabetes: A retrospective cohort study.,,10.1371/journal.pone.0353388,complete,2026,2026 Jul 16,complete,1,CC BY,true,false,s3://pmc-oa-opendata/PMC13374871.1/PMC13374871.1.xml?md5=9f6c1f6fd875cb5aaea287edc75a3875,not_found,,,,,complete,2026-07-16,,2026-07-16,2026-07-16,2026-07-16,{},complete_unauthenticated_compatibility,https://openalex.org/W7169128529,2026-07-16,2026-07-27T08:26:11.824852,not_found,not_found,,[],source_incomplete_missing_contact_email,2026-07-16,crossref_issued,bibliographic_index;crossref_derived_index;publisher_crossref,no,verified_post_cutoff_metadata,no
PMC13374916,extended_discovery,,exclude_title:genetic_or_omics,Correction: Plasma proteomic signatures of early retinal neurodegeneration in diabetes: a multi-cohort study.,,10.1371/journal.pmed.1005180,complete,2026 Jul,2026 Jul 16,complete,1,CC BY,true,false,s3://pmc-oa-opendata/PMC13374916.1/PMC13374916.1.xml?md5=d443d701f6146faa622d19157836f412,not_found,,,,,complete,2026-07-16,,2026-07-16,2026-07-16,2026-07-16,{},complete_unauthenticated_compatibility,https://openalex.org/W7168465481,2026-07-16,2026-07-23T08:03:31.855105,not_found,not_found,,[],source_incomplete_missing_contact_email,2026-07-01,ncbi_pubdate,bibliographic_index;crossref_derived_index;publisher_crossref,no,verified_post_cutoff_metadata,no
PMC13376105,extended_discovery,,requires_full_text_screen,Impact of Therapeutic Inertia on Glycemic Control and Diabetes-Related Complications in Type 2 Diabetes: A 3-Year Retrospective Cohort Study.,,10.1007/s44197-026-00615-x,complete,2026 Jul 15,2026 Jul 15,complete,1,CC BY-NC-ND,true,false,s3://pmc-oa-opendata/PMC13376105.1/PMC13376105.1.xml?md5=7de38ab4236f14fdee12ba9e08877384,not_found,,,,,complete,2026-07-15,,2026-07-15,2026-07-15,2026-07-16,{},complete_unauthenticated_compatibility,https://openalex.org/W7168402408,2026-07-15,2026-07-27T08:26:11.824852,not_found,not_found,,[],source_incomplete_missing_contact_email,2026-07-15,crossref_issued,bibliographic_index;crossref_derived_index;publisher_crossref,no,verified_post_cutoff_metadata,no
PMC13376527,extended_discovery,,exclude_title:prediction_or_ml,Development and validation of a predictive model for the severity of hyperlipidemic acute pancreatitis based on the bedside index for severity in acute pancreatitis and metabolic score for insulin resistance: A retrospective cohort study.,,10.1177/03000605261467013,complete,2026 Jul,2026 Jul 16,complete,1,CC BY-NC,true,false,s3://pmc-oa-opendata/PMC13376527.1/PMC13376527.1.xml?md5=b7bc994c69b89a21f01efe2838436329,not_found,,,,,complete,2026-07-16,2026-07,2026-07,2026-07-17,2026-07-19,{},complete_unauthenticated_compatibility,https://openalex.org/W7169597406,2026-07-01,2026-07-27T08:26:11.824852,not_found,not_found,,[],source_incomplete_missing_contact_email,2026-07-01,crossref_issued,bibliographic_index;crossref_derived_index;publisher_crossref,no,verified_post_cutoff_metadata,no
PMC13379011,extended_discovery,,requires_full_text_screen,Adolescent cognitive function and risk of gestational diabetes mellitus: A retrospective population-based cohort study.,,10.1371/journal.pone.0351780,complete,2026,2026 Jul 17,complete,1,CC BY,true,false,s3://pmc-oa-opendata/PMC13379011.1/PMC13379011.1.xml?md5=c7819c2573f128aefaea5e9309e24a98,not_found,,,,,complete,2026-07-17,,2026-07-17,2026-07-17,2026-07-17,{},complete_unauthenticated_compatibility,https://openalex.org/W7169536128,2026-07-17,2026-07-27T08:26:11.824852,not_found,not_found,,[],source_incomplete_missing_contact_email,2026-07-17,crossref_issued,bibliographic_index;crossref_derived_index;publisher_crossref,no,verified_post_cutoff_metadata,no
PMC13380083,extended_discovery,,requires_full_text_screen,Ethnic and socioeconomic inequalities in stroke risk factors and primary prevention: the South London Stroke Register cohort study 1995-2024.,,10.1016/j.eclinm.2026.104061,complete,2026 Jul,2026 Jul 9,complete,1,CC BY,true,false,s3://pmc-oa-opendata/PMC13380083.1/PMC13380083.1.xml?md5=7de3c7ba4a0324f4f6917b5f61d50519,not_found,,,,,complete,,2026-07,2026-07,2026-07-09,2026-07-24,{},complete_unauthenticated_compatibility,https://openalex.org/W7167839761,2026-07-01,2026-07-25T15:57:00.446498,not_found,not_found,,[],source_incomplete_missing_contact_email,2026-07-01,crossref_issued,bibliographic_index;crossref_derived_index;publisher_crossref,no,verified_post_cutoff_metadata,no
PMC13380770,extended_discovery,,requires_full_text_screen,Healthcare utilization patterns prior to a first heart failure diagnosis in a 90 day mortality cohort: A retrospective cohort study.,,10.1016/j.ijcrp.2026.200678,complete,2026 Sep,2026 Jul 4,complete,1,CC BY,true,false,s3://pmc-oa-opendata/PMC13380770.1/PMC13380770.1.xml?md5=219b3ecf1a83123f6c4af41d0cf96d80,not_found,,,,,complete,,2026-09,2026-09,2026-07-04,2026-07-25,{},complete_unauthenticated_compatibility,https://openalex.org/W7167357638,2026-07-04,2026-07-23T08:03:31.855105,not_found,not_found,,[],source_incomplete_missing_contact_email,2026-07-04,ncbi_epubdate,bibliographic_index;crossref_derived_index;publisher_crossref,no,verified_post_cutoff_metadata,no
PMC13381236,extended_discovery,,requires_full_text_screen,Association of healthy lifestyle with coronary artery disease risk varies by weight status: a prospective cohort study.,,10.3389/fnut.2026.1854100,complete,2026,2026 Jul 6,complete,1,CC BY,true,false,s3://pmc-oa-opendata/PMC13381236.1/PMC13381236.1.xml?md5=5cb9e2b774c66c5413147377bc8c4933,not_found,,,,,complete,2026-07-06,,2026-07-06,2026-07-06,2026-07-06,{},complete_unauthenticated_compatibility,https://openalex.org/W7167503031,2026-07-06,2026-07-25T15:57:00.446498,not_found,not_found,,[],source_incomplete_missing_contact_email,2026-07-06,crossref_issued,bibliographic_index;crossref_derived_index;publisher_crossref,no,verified_post_cutoff_metadata,no
PMC13382457,extended_discovery,,requires_full_text_screen,Clinical outcomes of invasive versus conservative strategies for very high-risk patients with non-ST-elevation acute coronary syndrome: an observational cohort study in a real-world population of China.,,10.1016/j.eclinm.2026.104071,complete,2026 Jul,2026 Jul 14,complete,1,CC BY-NC-ND,true,false,s3://pmc-oa-opendata/PMC13382457.1/PMC13382457.1.xml?md5=4a5fd3e81c4bcf12563ad33abfb495e2,not_found,,,,,complete,,2026-07,2026-07,2026-07-14,2026-07-24,{},complete_unauthenticated_compatibility,https://openalex.org/W7168273787,2026-07-01,2026-07-25T15:57:00.446498,not_found,not_found,,[],source_incomplete_missing_contact_email,2026-07-01,crossref_issued,bibliographic_index;crossref_derived_index;publisher_crossref,no,verified_post_cutoff_metadata,no
PMC13384269,extended_discovery,,requires_full_text_screen,Comparative effects of SGLT2 inhibitors and GLP-1 receptor agonists on osteoarthritis risk in patients with type 2 diabetes mellitus: A multi-institutional cohort study.,,10.1371/journal.pone.0353956,complete,2026,2026 Jul 20,complete,1,CC BY,true,false,s3://pmc-oa-opendata/PMC13384269.1/PMC13384269.1.xml?md5=e511ef881c3fb5c914357bcb53b60f33,not_found,,,,,complete,2026-07-20,,2026-07-20,2026-07-20,2026-07-20,{},complete_unauthenticated_compatibility,https://openalex.org/W7169773148,2026-07-20,2026-07-27T08:26:11.824852,not_found,not_found,,[],source_incomplete_missing_contact_email,2026-07-20,crossref_issued,bibliographic_index;crossref_derived_index;publisher_crossref,no,verified_post_cutoff_metadata,no
PMC13384551,extended_discovery,,requires_full_text_screen,The prognostic value of the neutrophil percentage-to-albumin ratio for all-cause and cardiovascular mortality in chronic kidney disease: A retrospective cohort study using NHANES 1999 to 2018.,,10.1097/md.0000000000049786,complete,2026 Jul 17,,complete,1,CC BY,true,false,s3://pmc-oa-opendata/PMC13384551.1/PMC13384551.1.xml?md5=20ac17d9da178be2bfad056822731e5a,not_found,,,,,complete,,2026-07-17,2026-07-17,2026-07-17,2026-07-20,{},complete_unauthenticated_compatibility,https://openalex.org/W7169495878,2026-07-17,2026-07-27T08:26:11.824852,not_found,not_found,,[],source_incomplete_missing_contact_email,2026-07-17,crossref_issued,bibliographic_index;crossref_derived_index;publisher_crossref,no,verified_post_cutoff_metadata,no
PMC13384559,extended_discovery,,requires_full_text_screen,Association of AISI and SIRI levels with mortality risk in patients with type 2 diabetes: A retrospective cohort study.,,10.1097/md.0000000000049713,complete,2026 Jul 17,,complete,1,CC BY,true,false,s3://pmc-oa-opendata/PMC13384559.1/PMC13384559.1.xml?md5=347306a3dfe3981628ab0bfd6943baab,not_found,,,,,complete,,2026-07-17,2026-07-17,2026-07-17,2026-07-20,{},complete_unauthenticated_compatibility,https://openalex.org/W7169548421,2026-07-17,2026-07-27T08:26:11.824852,not_found,not_found,,[],source_incomplete_missing_contact_email,2026-07-17,crossref_issued,bibliographic_index;crossref_derived_index;publisher_crossref,no,verified_post_cutoff_metadata,no
PMC13384616,extended_discovery,,requires_full_text_screen,Pulse pressure trajectories and diabetes risk: A gender-specific cohort study.,,10.1097/md.0000000000049836,complete,2026 Jul 17,,complete,1,CC BY-NC,true,false,s3://pmc-oa-opendata/PMC13384616.1/PMC13384616.1.xml?md5=ba1634657672dbaab9407fbe851cf995,not_found,,,,,complete,,2026-07-17,2026-07-17,2026-07-17,2026-07-20,{},complete_unauthenticated_compatibility,https://openalex.org/W7169524134,2026-07-17,2026-07-27T08:26:11.824852,not_found,not_found,,[],source_incomplete_missing_contact_email,2026-07-17,crossref_issued,bibliographic_index;crossref_derived_index;publisher_crossref,no,verified_post_cutoff_metadata,no
PMC13384665,extended_discovery,,requires_full_text_screen,Association between aggregate index of systemic inflammation and in-hospital new-onset AF in myocardial infarction with nonobstructive coronary arteries: A retrospective cohort study.,,10.1097/md.0000000000049760,complete,2026 Jul 17,,complete,1,CC BY,true,false,s3://pmc-oa-opendata/PMC13384665.1/PMC13384665.1.xml?md5=f76b84ed7a90e4b83c61716d9b0f40dc,not_found,,,,,complete,,2026-07-17,2026-07-17,2026-07-17,2026-07-20,{},complete_unauthenticated_compatibility,https://openalex.org/W7169527349,2026-07-17,2026-07-27T08:26:11.824852,not_found,not_found,,[],source_incomplete_missing_contact_email,2026-07-17,crossref_issued,bibliographic_index;crossref_derived_index;publisher_crossref,no,verified_post_cutoff_metadata,no
PMC13384687,extended_discovery,,requires_full_text_screen,Clinical efficacy and safety of tenecteplase combined with argatroban for acute ischemic stroke: A single-center retrospective cohort study.,,10.1097/md.0000000000049809,complete,2026 Jul 17,,complete,1,CC BY,true,false,s3://pmc-oa-opendata/PMC13384687.1/PMC13384687.1.xml?md5=01cf8231bb6af6f0c6194f4d0e68639c,not_found,,,,,complete,,2026-07-17,2026-07-17,2026-07-17,2026-07-20,{},complete_unauthenticated_compatibility,https://openalex.org/W7169548358,2026-07-17,2026-07-27T08:26:11.824852,not_found,not_found,,[],source_incomplete_missing_contact_email,2026-07-17,crossref_issued,bibliographic_index;crossref_derived_index;publisher_crossref,no,verified_post_cutoff_metadata,no
PMC13385107,extended_discovery,,requires_full_text_screen,"Unveiling a J-shaped association between the triglyceride-glucose index and in-hospital major adverse cardiovascular events in patients with acute myocardial infarction: a retrospective cohort study of 1,065 patients.",,10.3389/fcvm.2026.1830398,complete,2026,2026 Jul 7,complete,1,CC BY,true,false,s3://pmc-oa-opendata/PMC13385107.1/PMC13385107.1.xml?md5=29a4019aa61d1d54e9e9923a2e8e0ebc,not_found,,,,,complete,2026-07-07,,2026-07-07,2026-07-07,2026-07-07,{},complete_unauthenticated_compatibility,https://openalex.org/W7167591997,2026-07-07,2026-07-25T15:57:00.446498,not_found,not_found,,[],source_incomplete_missing_contact_email,2026-07-07,crossref_issued,bibliographic_index;crossref_derived_index;publisher_crossref,no,verified_post_cutoff_metadata,no
PMC13385109,extended_discovery,,requires_full_text_screen,Association of non-high-density lipoprotein cholesterol to high-density lipoprotein cholesterol ratio (NHHR) with cardiovascular mortality in peritoneal dialysis patients: a prospective cohort study.,,10.3389/fnut.2026.1827345,complete,2026,2026 Jul 7,complete,1,CC BY,true,false,s3://pmc-oa-opendata/PMC13385109.1/PMC13385109.1.xml?md5=aa3319319827c1ed36e75e64ccc50eff,not_found,,,,,complete,2026-07-07,,2026-07-07,2026-07-07,2026-07-07,{},complete_unauthenticated_compatibility,https://openalex.org/W7167582730,2026-07-07,2026-07-25T15:57:00.446498,not_found,not_found,,[],source_incomplete_missing_contact_email,2026-07-07,crossref_issued,bibliographic_index;crossref_derived_index;publisher_crossref,no,verified_post_cutoff_metadata,no
PMC13385274,extended_discovery,,requires_full_text_screen,Association of triglyceride-glucose and obesity-derived indices with the risk of aortic stenosis among individuals in cardiovascular-kidney-metabolic syndrome stages 0-3: a prospective cohort study from the UK Biobank.,,10.3389/fendo.2026.1844215,complete,2026,2026 Jul 7,complete,1,CC BY,true,false,s3://pmc-oa-opendata/PMC13385274.1/PMC13385274.1.xml?md5=4ab969157ee09271b0ff7a93441a3b3c,not_found,,,,,complete,2026-07-07,,2026-07-07,2026-07-07,2026-07-07,{},complete_unauthenticated_compatibility,https://openalex.org/W7167635718,2026-07-07,2026-07-25T15:57:00.446498,not_found,not_found,,[],source_incomplete_missing_contact_email,2026-07-07,crossref_issued,bibliographic_index;crossref_derived_index;publisher_crossref,no,verified_post_cutoff_metadata,no
PMC13385450,extended_discovery,,requires_full_text_screen,Cardiovascular composite events and the healthy worker effect among noise-exposed workers: a retrospective cohort study.,,10.3389/fpubh.2026.1889187,complete,2026,2026 Jul 7,complete,1,CC BY,true,false,s3://pmc-oa-opendata/PMC13385450.1/PMC13385450.1.xml?md5=2c0f3e555c7565015d85768ac9b2b28b,not_found,,,,,complete,2026-07-07,,2026-07-07,2026-07-07,2026-07-07,{},complete_unauthenticated_compatibility,https://openalex.org/W7167604525,2026-07-07,2026-07-29T09:40:50.615796,not_found,not_found,,[],source_incomplete_missing_contact_email,2026-07-07,crossref_issued,bibliographic_index;crossref_derived_index;publisher_crossref,no,verified_post_cutoff_metadata,no
PMC13385639,extended_discovery,,requires_full_text_screen,Safety of Short-T erm Low-Dose Olanzapine in Patients with Cancer and Diabetes Receiving Cisplatin-Based Chemotherapy: A Retrospective TriNetX Cohort Study.,,10.2147/dddt.s615968,complete,2026,2026 Jul 16,complete,1,CC BY-NC,true,false,s3://pmc-oa-opendata/PMC13385639.1/PMC13385639.1.xml?md5=bc2c74df11343cf69bf769209e9866f9,not_found,,,,,complete,2026-07,,2026-07,2026-07-16,2026-07-16,{},complete_unauthenticated_compatibility,https://openalex.org/W7168671977,2026-07-01,2026-07-25T09:21:30.201066,not_found,not_found,,[],source_incomplete_missing_contact_email,2026-07-01,crossref_issued,bibliographic_index;crossref_derived_index;publisher_crossref,no,verified_post_cutoff_metadata,no
PMC13386084,extended_discovery,,exclude_title:prediction_or_ml,"Machine learning evaluation of clinical, social and behavioural factors influencing progression from pre-diabetes to type 2 diabetes: a retrospective cohort study in southeast Michigan.",,10.1136/bmjopen-2025-115135,complete,2026 Jul 16,2026 Jul 16,complete,1,CC BY-NC,true,false,s3://pmc-oa-opendata/PMC13386084.1/PMC13386084.1.xml?md5=ccfa5758f68a919a68ed0d73c6cc39bb,not_found,,,,,complete,2026-07-16,2026-07,2026-07,2026-07-16,2026-07-16,{},complete_unauthenticated_compatibility,https://openalex.org/W7168708700,2026-07-01,2026-07-27T08:26:11.824852,not_found,not_found,,[],source_incomplete_missing_contact_email,2026-07-01,crossref_issued,bibliographic_index;crossref_derived_index;publisher_crossref,no,verified_post_cutoff_metadata,no
PMC13387849,prior_48+extended_discovery,strong,requires_full_text_screen,Sex Differences in Long-term Outcomes Following Coronary Artery Bypass Grafting: A Nationwide Population-Based Propensity Score-Matched Cohort Study.,,10.3346/jkms.2026.41.e161,complete,2026 Jul 20,2026 Jul 20,complete,1,CC BY-NC,true,false,s3://pmc-oa-opendata/PMC13387849.1/PMC13387849.1.xml?md5=c59655e40d610c8ff43ceeecdcdb339a,not_found,,,,,complete,2026,,2026,2026-04-10,2026-07-20,{},complete_unauthenticated_compatibility,https://openalex.org/W7153092300,2026-01-01,2026-07-27T08:26:11.824852,not_found,not_found,,[],source_incomplete_missing_contact_email,2026-01-01,openalex_publication_date,bibliographic_index;crossref_derived_index,yes,unresolved_date_conflict,yes
PMC13388263,extended_discovery,,requires_full_text_screen,Predictors of unfavorable 3-month functional outcome following intravenous thrombolysis with alteplase in anterior circulation acute ischemic stroke: a prospective cohort study.,,10.3389/fnins.2026.1818367,complete,2026,2026 Jul 8,complete,1,CC BY,true,false,s3://pmc-oa-opendata/PMC13388263.1/PMC13388263.1.xml?md5=33a369b5804ac8e5f153210273d84677,not_found,,,,,complete,2026-07-08,,2026-07-08,2026-07-08,2026-07-08,{},complete_unauthenticated_compatibility,https://openalex.org/W7167720160,2026-07-08,2026-07-26T07:53:14.480251,not_found,not_found,,[],source_incomplete_missing_contact_email,2026-07-08,crossref_issued,bibliographic_index;crossref_derived_index;publisher_crossref,no,verified_post_cutoff_metadata,no
PMC13388307,extended_discovery,,requires_full_text_screen,The association between C-reactive protein-triglyceride glucose index and all-cause mortality in patients with cardiovascular-kidney-metabolic syndrome: a single-center retrospective cohort study.,,10.3389/fcvm.2026.1832873,complete,2026,2026 Jul 8,complete,1,CC BY,true,false,s3://pmc-oa-opendata/PMC13388307.1/PMC13388307.1.xml?md5=0c373c734d38798c2eec4d5615dc1850,not_found,,,,,complete,2026-07-08,,2026-07-08,2026-07-08,2026-07-08,{},complete_unauthenticated_compatibility,https://openalex.org/W7167719704,2026-07-08,2026-07-26T07:53:14.480251,not_found,not_found,,[],source_incomplete_missing_contact_email,2026-07-08,crossref_issued,bibliographic_index;crossref_derived_index;publisher_crossref,no,verified_post_cutoff_metadata,no
PMC13389146,extended_discovery,,requires_full_text_screen,Effectiveness and Safety of the MiniMed 780G Advanced Hybrid Closed-Loop System in Older Adults With Type 1 Diabetes: A Comparative Cohort Study.,,10.1177/11795514261471400,complete,2026,2026 Jul 21,complete,1,CC BY-NC,true,false,s3://pmc-oa-opendata/PMC13389146.1/PMC13389146.1.xml?md5=c1c8d1477a9c22b345a5f865795ab614,not_found,,,,,complete,2026-07-21,2026-07,2026-07,2026-07-21,2026-07-24,{},complete_unauthenticated_compatibility,https://openalex.org/W7169833126,2026-07-01,2026-07-28T07:46:37.118299,not_found,not_found,,[],source_incomplete_missing_contact_email,2026-07-01,crossref_issued,bibliographic_index;crossref_derived_index;publisher_crossref,no,verified_post_cutoff_metadata,no
PMC13389202,extended_discovery,,requires_full_text_screen,Sex-specific risk factors for genital infections associated with SGLT2 inhibitors in type 2 diabetes: a retrospective cohort study and disproportionality analysis using JADER.,,10.1177/20420986261462669,complete,2026,2026 Jul 20,complete,1,CC BY-NC,true,false,s3://pmc-oa-opendata/PMC13389202.1/PMC13389202.1.xml?md5=0b38ff730e66e9fc913a167bf21bb4c3,not_found,,,,,complete,2026-07-20,2026-07,2026-07,2026-07-21,2026-07-23,{},complete_unauthenticated_compatibility,https://openalex.org/W7169847150,2026-07-01,2026-07-27T08:26:11.824852,not_found,not_found,,[],source_incomplete_missing_contact_email,2026-07-01,crossref_issued,bibliographic_index;crossref_derived_index;publisher_crossref,no,verified_post_cutoff_metadata,no
PMC13389228,extended_discovery,,requires_full_text_screen,Relationship Between ST-Segment Resolution and Clinical Outcomes After Primary Percutaneous Coronary Intervention of Bifurcation Lesion in Patients With ST Elevation Myocardial Infarction: A Cohort Study.,,10.1002/hsr2.72620,complete,2026 Jul,2026 Jul 21,complete,1,CC BY-NC-ND,true,false,s3://pmc-oa-opendata/PMC13389228.1/PMC13389228.1.xml?md5=dcd280e930deb356fdf3dddfd92830a5,not_found,,,,,complete,2026-07-21,2026-07,2026-07,2026-07-22,2026-07-24,{},complete_unauthenticated_compatibility,https://openalex.org/W7170034234,2026-07-01,2026-07-27T08:26:11.824852,not_found,not_found,,[],source_incomplete_missing_contact_email,2026-07-01,crossref_issued,bibliographic_index;crossref_derived_index;publisher_crossref,no,verified_post_cutoff_metadata,no
PMC13389884,extended_discovery,,requires_full_text_screen,Malnutrition-induced frailty and risk of early rehospitalization in heart failure: A Survival analysis from a prospective cohort study.,,10.12669/pjms.42.7.13245,complete,2026 Jul,,complete,1,CC BY,true,false,s3://pmc-oa-opendata/PMC13389884.1/PMC13389884.1.xml?md5=262f0708f6079c5faa637977ef0ad7a7,not_found,,,,,complete,2026-07-04,,2026-07-04,2026-07-04,2026-07-04,{},complete_unauthenticated_compatibility,https://openalex.org/W7167357065,2026-07-04,2026-07-26T07:53:14.480251,not_found,not_found,,[],source_incomplete_missing_contact_email,2026-07-01,ncbi_pubdate,bibliographic_index;crossref_derived_index;publisher_crossref,no,verified_post_cutoff_metadata,no
PMC13390809,extended_discovery,,requires_full_text_screen,Pragmatic cardiovascular-kidney-metabolic burden categories and 5-year all-cause mortality in Vietnamese outpatients: A retrospective cohort study.,,10.1371/journal.pone.0354433,complete,2026,2026 Jul 22,complete,1,CC BY,true,false,s3://pmc-oa-opendata/PMC13390809.1/PMC13390809.1.xml?md5=f0085111f8161138d8555d7aefdc7ddb,not_found,,,,,complete,2026-07-22,,2026-07-22,2026-07-22,2026-07-22,{},complete_unauthenticated_compatibility,https://openalex.org/W7170085780,2026-07-22,2026-07-27T08:26:11.824852,not_found,not_found,,[],source_incomplete_missing_contact_email,2026-07-22,crossref_issued,bibliographic_index;crossref_derived_index;publisher_crossref,no,verified_post_cutoff_metadata,no
PMC13391297,extended_discovery,,requires_full_text_screen,Association between neutrophil percentage-to-albumin ratio and adverse clinical outcomes after successful percutaneous coronary intervention for chronic total occlusion: a cohort study.,,10.3389/fimmu.2026.1882018,complete,2026,2026 Jul 9,complete,1,CC BY,true,false,s3://pmc-oa-opendata/PMC13391297.1/PMC13391297.1.xml?md5=1a9918a7eb101f95d5a086a98bdcb874,not_found,,,,,complete,2026-07-09,,2026-07-09,2026-07-09,2026-07-09,{},complete_unauthenticated_compatibility,https://openalex.org/W7167841670,2026-07-09,2026-07-26T07:53:14.480251,not_found,not_found,,[],source_incomplete_missing_contact_email,2026-07-09,crossref_issued,bibliographic_index;crossref_derived_index;publisher_crossref,no,verified_post_cutoff_metadata,no
PMC13393250,extended_discovery,,requires_full_text_screen,Joint longitudinal trajectories of the triglyceride-glucose index combined with BMI and waist-to-height ratio and incident cardiovascular disease: a prospective cohort study from the English longitudinal study of ageing.,,10.1186/s12933-026-03279-w,complete,2026 Jul 5,2026 Jul 5,complete,1,CC BY-NC-ND,true,false,s3://pmc-oa-opendata/PMC13393250.1/PMC13393250.1.xml?md5=7ba330f9b3dbfa0be87fd7d62aa98147,not_found,,,,,complete,2026-07-05,,2026-07-05,2026-07-05,2026-07-22,{},complete_unauthenticated_compatibility,https://openalex.org/W7167425511,2026-07-05,2026-07-27T08:26:11.824852,not_found,not_found,,[],source_incomplete_missing_contact_email,2026-07-05,crossref_issued,bibliographic_index;crossref_derived_index;publisher_crossref,no,verified_post_cutoff_metadata,no
PMC13393562,extended_discovery,,requires_full_text_screen,"Associations of NLR, MLR, and (neutrophil + monocyte)/lymphocyte ratio with 30-day mortality in diabetic ICU patients with heart failure: A retrospective cohort study.",,10.1016/j.ijcha.2026.101977,complete,2026 Aug,2026 Jul 20,complete,1,CC BY-NC-ND,true,false,s3://pmc-oa-opendata/PMC13393562.1/PMC13393562.1.xml?md5=0de89cd8210679d591995810f82768dd,not_found,,,,,complete,,2026-08,2026-08,2026-07-20,2026-07-27,{},complete_unauthenticated_compatibility,https://openalex.org/W7169799445,2026-07-20,2026-07-25T05:54:39.514286,not_found,not_found,,[],source_incomplete_missing_contact_email,2026-07-20,ncbi_epubdate,bibliographic_index;crossref_derived_index;publisher_crossref,no,verified_post_cutoff_metadata,no
PMC13393584,extended_discovery,,requires_full_text_screen,Effect of dapagliflozin on mineral homeostasis in patients with type 2 diabetes: A real-world retrospective cohort study.,,10.1016/j.jtumed.2026.07.003,complete,2026 Aug,2026 Jul 20,complete,1,CC BY-NC-ND,true,false,s3://pmc-oa-opendata/PMC13393584.1/PMC13393584.1.xml?md5=0b2b32d16c2a36d7b3b7a76b912e41f0,not_found,,,,,complete,,2026-08,2026-08,2026-07-20,2026-07-20,{},complete_unauthenticated_compatibility,https://openalex.org/W7169773117,2026-07-20,2026-07-25T05:54:39.514286,not_found,not_found,,[],source_incomplete_missing_contact_email,2026-07-20,ncbi_epubdate,bibliographic_index;crossref_derived_index;publisher_crossref,no,verified_post_cutoff_metadata,no
PMC13394890,extended_discovery,,requires_full_text_screen,Predictive Value of Composite Inflammatory Markers for Stroke Prognosis: A Prospective Cohort Study.,,10.1002/acn3.70473,complete,2026 Jul 11,2026 Jul 11,complete,1,CC BY-NC-ND,true,false,s3://pmc-oa-opendata/PMC13394890.1/PMC13394890.1.xml?md5=58816232c8ffe8694ab2a3ed6c2bed3d,not_found,,,,,complete,2026-07-11,,2026-07-11,2026-07-11,2026-07-11,{},complete_unauthenticated_compatibility,https://openalex.org/W7168021570,2026-07-11,2026-07-29T09:40:50.615796,not_found,not_found,,[],source_incomplete_missing_contact_email,2026-07-11,crossref_issued,bibliographic_index;crossref_derived_index;publisher_crossref,no,verified_post_cutoff_metadata,no
PMC13395082,extended_discovery,,requires_full_text_screen,GLP-1 receptor agonist use and overall survival among women with type 2 diabetes and breast cancer: a retrospective cohort study.,,10.1093/oncolo/oyag268,complete,2026 Jul 8,,complete,1,CC BY,true,false,s3://pmc-oa-opendata/PMC13395082.1/PMC13395082.1.xml?md5=404c00955de6703a75fb51aaf2b666bf,not_found,,,,,complete,2026-07-11,2026-07-08,2026-07-08,2026-07-10,2026-07-23,{},complete_unauthenticated_compatibility,https://openalex.org/W7168021799,2026-07-08,2026-07-27T08:26:11.824852,not_found,not_found,,[],source_incomplete_missing_contact_email,2026-07-08,crossref_issued,bibliographic_index;crossref_derived_index;publisher_crossref,no,verified_post_cutoff_metadata,no
PMC13395440,extended_discovery,,requires_full_text_screen,Functional-level analysis of post-stroke social participation: A nationwide cohort study using the ICF framework.,,10.1371/journal.pone.0354691,complete,2026,2026 Jul 23,complete,1,CC BY,true,false,s3://pmc-oa-opendata/PMC13395440.1/PMC13395440.1.xml?md5=de3d2f800f5dd08a2f992c1b9a7ac5aa,not_found,,,,,complete,2026-07-23,,2026-07-23,2026-07-23,2026-07-23,{},complete_unauthenticated_compatibility,https://openalex.org/W7170199605,2026-07-23,2026-07-25T05:54:39.514286,not_found,not_found,,[],source_incomplete_missing_contact_email,2026-07-23,crossref_issued,bibliographic_index;crossref_derived_index;publisher_crossref,no,verified_post_cutoff_metadata,no
PMC13395614,extended_discovery,,requires_full_text_screen,"Dietary background, serum polyunsaturated fatty acid profiles, and 1-year outcomes after large-artery atherosclerotic stroke: a multicenter cohort study.",,10.3389/fneur.2026.1864966,complete,2026,2026 Jul 10,complete,1,CC BY,true,false,s3://pmc-oa-opendata/PMC13395614.1/PMC13395614.1.xml?md5=80170c4ba7af9683267292c7e1592902,not_found,,,,,complete,2026-07-10,,2026-07-10,2026-07-10,2026-07-10,{},complete_unauthenticated_compatibility,https://openalex.org/W7167927130,2026-07-10,2026-07-27T08:26:11.824852,not_found,not_found,,[],source_incomplete_missing_contact_email,2026-07-10,crossref_issued,bibliographic_index;crossref_derived_index;publisher_crossref,no,verified_post_cutoff_metadata,no
PMC13395699,extended_discovery,,requires_full_text_screen,A precise oral glucose loading (18)F-FDG PET myocardial metabolic imaging protocol in coronary artery disease patients complicated by diabetes mellitus: an exploratory prospective cohort study.,,10.3389/fmed.2026.1899226,complete,2026,2026 Jul 10,complete,1,CC BY,true,false,s3://pmc-oa-opendata/PMC13395699.1/PMC13395699.1.xml?md5=9641f5aefda93f8e866f503e75682c6f,not_found,,,,,complete,2026-07-10,,2026-07-10,2026-07-10,2026-07-10,{},complete_unauthenticated_compatibility,https://openalex.org/W7167904826,2026-07-10,2026-07-27T08:26:11.824852,not_found,not_found,,[],source_incomplete_missing_contact_email,2026-07-10,crossref_issued,bibliographic_index;crossref_derived_index;publisher_crossref,no,verified_post_cutoff_metadata,no
PMC13396883,extended_discovery,,requires_full_text_screen,Comparison of Diagnostic Criteria for Severe Ischemic Stroke: A Retrospective Cohort Study.,,10.1002/brb3.71620,complete,2026 Jul,,complete,1,CC BY,true,false,s3://pmc-oa-opendata/PMC13396883.1/PMC13396883.1.xml?md5=dc29888719890580134f5684a11d6f2d,not_found,,,,,complete,2026-07-23,2026-07,2026-07,2026-07-24,2026-07-27,{},complete_unauthenticated_compatibility,https://openalex.org/W7170792121,2026-07-01,2026-07-25T06:00:54.532201,not_found,not_found,,[],source_incomplete_missing_contact_email,2026-07-01,crossref_issued,bibliographic_index;crossref_derived_index;publisher_crossref,no,verified_post_cutoff_metadata,no
PMC13397952,extended_discovery,,requires_full_text_screen,GLP-1 receptor agonists in kidney transplant recipients with post-transplant diabetes: efficacy and safety outcomes from a retrospective cohort study.,,10.20945/2359-4292-2026-0076,complete,2026 Jul 22,2026 Jul 22,complete,1,CC BY,true,false,s3://pmc-oa-opendata/PMC13397952.1/PMC13397952.1.xml?md5=11181971a4c830d9505f9c5f8ba67c85,not_found,,,,,complete,2026,2026,2026,2026-07-29,2026-07-29,{},complete_unauthenticated_compatibility,https://openalex.org/W7170143746,2026-07-22,2026-07-28T07:46:37.118299,not_found,not_found,,[],source_incomplete_missing_contact_email,2026-07-22,ncbi_epubdate,bibliographic_index;crossref_derived_index,no,unresolved_single_lineage,yes
PMC13398692,extended_discovery,,requires_full_text_screen,Rehabilitation utilisation up to 24 months after stroke: a register-based cohort study in southern Sweden.,,10.1093/esj/aakag086,complete,2026 Jul 6,,complete,1,CC BY,true,false,s3://pmc-oa-opendata/PMC13398692.1/PMC13398692.1.xml?md5=138d0af262db51fb9898bebe07cfc7e3,not_found,,,,,complete,2026-07-24,2026-07-06,2026-07,2026-07-24,2026-07-24,{},complete_unauthenticated_compatibility,https://openalex.org/W7170511435,2026-07-01,2026-07-26T05:49:09.470579,not_found,not_found,,[],source_incomplete_missing_contact_email,2026-07-01,crossref_issued,bibliographic_index;crossref_derived_index;publisher_crossref,no,verified_post_cutoff_metadata,no
PMC13400123,extended_discovery,,requires_full_text_screen,Cardiovascular Disease in Males With Breast Cancer: A Population-Based Cohort Study.,,10.1016/j.jacadv.2026.102937,complete,2026 Jul,,complete,1,CC BY-NC-ND,true,false,s3://pmc-oa-opendata/PMC13400123.1/PMC13400123.1.xml?md5=1ca537a6a1898a305eb9a62b240f6fea,not_found,,,,,complete,,2026-07,2026-07,2026-07-22,2026-07-27,{},complete_unauthenticated_compatibility,https://openalex.org/W7170042118,2026-07-01,2026-07-28T07:46:37.118299,not_found,not_found,,[],source_incomplete_missing_contact_email,2026-07-01,crossref_issued,bibliographic_index;crossref_derived_index;publisher_crossref,no,verified_post_cutoff_metadata,no
PMC13400554,extended_discovery,,requires_full_text_screen,Diabetes mellitus as a potential risk factor for severe late toxicity after stereotactic body radiotherapy for prostate cancer: a large single-institution cohort study.,,10.1093/jrr/rrag036,complete,2026 Jul 24,,complete,1,CC BY-NC,true,false,s3://pmc-oa-opendata/PMC13400554.1/PMC13400554.1.xml?md5=d3094adcc854cee8970f2b9bc19be5ef,not_found,,,,,complete,2026-05-18,2026-07-24,2026-05-18,2026-04-16,2026-07-25,{},complete_unauthenticated_compatibility,https://openalex.org/W7161580493,2026-04-16,2026-07-28T07:46:37.118299,not_found,not_found,,[],source_incomplete_missing_contact_email,2026-04-16,openalex_publication_date,bibliographic_index;crossref_derived_index;publisher_crossref,no,verified_post_cutoff_metadata,no
PMC13401636,extended_discovery,,requires_full_text_screen,Combined diagnostic value of the systemic immune-inflammation index and LDL for coronary microvascular disease: a retrospective cohort study.,,10.1177/17539447261469508,complete,2026 Jan-Dec,2026 Jul 25,complete,1,CC BY-NC,true,false,s3://pmc-oa-opendata/PMC13401636.1/PMC13401636.1.xml?md5=a40f4f69967f30a5bcaad8524f3d4733,not_found,,,,,complete,2026-07-25,2026-07,2026-07,2026-07-25,2026-07-28,{},complete_unauthenticated_compatibility,https://openalex.org/W7171084218,2026-07-01,2026-07-29T09:40:50.615796,not_found,not_found,,[],source_incomplete_missing_contact_email,2026-01-01,ncbi_pubdate,bibliographic_index;crossref_derived_index;publisher_crossref,yes,unresolved_date_conflict,yes
PMC13402149,extended_discovery,,requires_full_text_screen,WCRF/AICR dietary adherence-associated metabolic bridge phenotypes and incident lung cancer risk: a prospective cohort study of the UK Biobank.,,10.3389/fnut.2026.1877513,complete,2026,2026 Jul 13,complete,1,CC BY,true,false,s3://pmc-oa-opendata/PMC13402149.1/PMC13402149.1.xml?md5=545d9d90982a78d09f909f42c840f3d7,not_found,,,,,complete,2026-07-13,,2026-07-13,2026-07-13,2026-07-13,{},complete_unauthenticated_compatibility,https://openalex.org/W7168153365,2026-07-13,2026-07-29T09:40:50.615796,not_found,not_found,,[],source_incomplete_missing_contact_email,2026-07-13,crossref_issued,bibliographic_index;crossref_derived_index;publisher_crossref,no,verified_post_cutoff_metadata,no
PMC13402206,extended_discovery,,requires_full_text_screen,Elevated preoperative red cell distribution width and incident anemia after metabolic and bariatric surgery: a cohort study.,,10.3389/fnut.2026.1863689,complete,2026,2026 Jul 13,complete,1,CC BY,true,false,s3://pmc-oa-opendata/PMC13402206.1/PMC13402206.1.xml?md5=8123a568fa02140cffe5b8e9823d9cab,not_found,,,,,complete,2026-07-13,,2026-07-13,2026-07-13,2026-07-13,{},complete_unauthenticated_compatibility,https://openalex.org/W7168145991,2026-07-13,2026-07-29T09:40:50.615796,not_found,not_found,,[],source_incomplete_missing_contact_email,2026-07-13,crossref_issued,bibliographic_index;crossref_derived_index;publisher_crossref,no,verified_post_cutoff_metadata,no
PMC13403153,extended_discovery,,requires_full_text_screen,The Predictive Value of Platelet-to-Lymphocyte Ratio Before and After Percutaneous Coronary Intervention in Patients With Acute ST-Segment Elevation Myocardial Infarction: A Retrospective Cohort Study in Palestine.,,10.1002/clc.70422,complete,2026 Jul,,complete,1,CC BY,true,false,s3://pmc-oa-opendata/PMC13403153.1/PMC13403153.1.xml?md5=389083298e87a792a6dfa2cf0eef6be6,not_found,,,,,complete,2026-07-27,2026-07,2026-07,2026-07-27,2026-07-27,{},complete_unauthenticated_compatibility,https://openalex.org/W7171406261,2026-07-01,2026-07-29T09:40:50.615796,not_found,not_found,,[],source_incomplete_missing_contact_email,2026-07-01,crossref_issued,bibliographic_index;crossref_derived_index;publisher_crossref,no,verified_post_cutoff_metadata,no
PMC13403199,extended_discovery,,requires_full_text_screen,Correction: Triglyceride-glucose index and subclinical left ventricular dysfunction across cardiovascular-kidney-metabolic syndrome stages: a 7-year retrospective cohort study.,,10.3389/fendo.2026.1914586,complete,2026,2026 Jul 13,complete,1,CC BY,true,false,s3://pmc-oa-opendata/PMC13403199.1/PMC13403199.1.xml?md5=7047098a998d578b4f819db2c028a346,not_found,,,,,complete,2026-07-13,,2026-07-13,2026-07-13,2026-07-13,{},complete_unauthenticated_compatibility,https://openalex.org/W7168128815,2026-07-13,2026-07-29T09:40:50.615796,not_found,not_found,,[],source_incomplete_missing_contact_email,2026-07-13,crossref_issued,bibliographic_index;crossref_derived_index;publisher_crossref,no,verified_post_cutoff_metadata,no
PMC13403324,extended_discovery,,requires_full_text_screen,Thyroid feedback quantile-based index predicts 90-day all-cause mortality or readmission in hospitalized heart failure patients: a retrospective cohort study.,,10.3389/fendo.2026.1857196,complete,2026,2026 Jul 9,complete,1,CC BY,true,false,s3://pmc-oa-opendata/PMC13403324.1/PMC13403324.1.xml?md5=f5b43c9349233f76bc9aeddb40f3d151,not_found,,,,,complete,2026-07-09,,2026-07-09,2026-07-09,2026-07-13,{},complete_unauthenticated_compatibility,https://openalex.org/W7167806548,2026-07-09,2026-07-29T09:40:50.615796,not_found,not_found,,[],source_incomplete_missing_contact_email,2026-07-09,crossref_issued,bibliographic_index;crossref_derived_index;publisher_crossref,no,verified_post_cutoff_metadata,no
PMC13404630,extended_discovery,,requires_full_text_screen,Survival and predictors of major adverse cardiovascular events among patients with acute coronary syndrome in Ethiopia: a retrospective cohort study.,,10.1136/bmjopen-2025-116166,complete,2026 Jul 24,2026 Jul 24,complete,1,CC BY-NC,true,false,s3://pmc-oa-opendata/PMC13404630.1/PMC13404630.1.xml?md5=5f066e619540d3f52e8df0b4c7fd87bd,not_found,,,,,complete,2026-07-24,2026-07,2026-07,2026-07-24,2026-07-24,{},complete_unauthenticated_compatibility,https://openalex.org/W7170485890,2026-07-01,2026-07-28T07:46:37.118299,not_found,not_found,,[],source_incomplete_missing_contact_email,2026-07-01,crossref_issued,bibliographic_index;crossref_derived_index;publisher_crossref,no,verified_post_cutoff_metadata,no
PMC13405041,extended_discovery,,requires_full_text_screen,Association of iron status during early pregnancy and the risk of gestational diabetes: a retrospective cohort study in Shanghai.,,10.1136/bmjopen-2025-108156,complete,2026 Jul 21,2026 Jul 21,complete,1,CC BY-NC,true,false,s3://pmc-oa-opendata/PMC13405041.1/PMC13405041.1.xml?md5=e7afa513bea66a7088f6681550ab5c2a,not_found,,,,,complete,2026-07-21,2026-07,2026-07,2026-07-21,2026-07-21,{},complete_unauthenticated_compatibility,https://openalex.org/W7169842902,2026-07-01,2026-07-23T08:03:31.855105,not_found,not_found,,[],source_incomplete_missing_contact_email,2026-07-01,crossref_issued,bibliographic_index;crossref_derived_index;publisher_crossref,no,verified_post_cutoff_metadata,no
PMC13408700,extended_discovery,,requires_full_text_screen,Association of the cardiometabolic index and depressive symptoms with cardiovascular disease in cardiovascular-kidney-metabolic syndrome stages 0-3: A prospective cohort study.,,10.1038/s41598-026-63006-z,complete,2026 Jul 24,2026 Jul 24,complete,1,CC BY-NC-ND,true,false,s3://pmc-oa-opendata/PMC13408700.1/PMC13408700.1.xml?md5=9d40ec25d6ec085811dadb3d7a301c71,not_found,,,,,complete,2026-07-24,,2026-07-24,2026-07-24,2026-07-27,{},complete_unauthenticated_compatibility,https://openalex.org/W7170301871,2026-07-24,2026-07-29T09:40:50.615796,not_found,not_found,,[],source_incomplete_missing_contact_email,2026-07-24,crossref_issued,bibliographic_index;crossref_derived_index;publisher_crossref,no,verified_post_cutoff_metadata,no
PMC13409092,extended_discovery,,exclude_title:prediction_or_ml,BMI-based prediction models for short-term and long-term mortality following coronary artery bypass grafting using the MIMIC-IV database: a retrospective cohort study.,,10.1136/openhrt-2026-004236,complete,2026 Jul 27,2026 Jul 27,complete,1,CC BY-NC,true,false,s3://pmc-oa-opendata/PMC13409092.1/PMC13409092.1.xml?md5=6ec6094f95f53e7112354f5453abef21,not_found,,,,,complete,2026-07-27,2026-07,2026-07,2026-07-27,2026-07-27,{},complete_unauthenticated_compatibility,https://openalex.org/W7171406889,2026-07-01,2026-07-29T09:40:50.615796,not_found,not_found,,[],source_incomplete_missing_contact_email,2026-07-01,crossref_issued,bibliographic_index;crossref_derived_index;publisher_crossref,no,verified_post_cutoff_metadata,no
PMC13410022,extended_discovery,,requires_full_text_screen,Lipoprotein(a) and Adverse Outcomes After Successful Percutaneous Coronary Intervention for Chronic Total Occlusion: A Single-Center Retrospective Cohort Study.,,10.3390/jcdd13070320,complete,2026 Jul 9,2026 Jul 9,complete,1,CC BY,true,false,s3://pmc-oa-opendata/PMC13410022.1/PMC13410022.1.xml?md5=f599680bb559a05a7fb1262b44b2fb3b,not_found,,,,,complete,2026-07-09,,2026-07-09,2026-07-09,2026-07-15,{},complete_unauthenticated_compatibility,https://openalex.org/W7167790199,2026-07-09,2026-07-28T07:46:37.118299,not_found,not_found,,[],source_incomplete_missing_contact_email,2026-07-09,crossref_issued,bibliographic_index;crossref_derived_index;publisher_crossref,no,verified_post_cutoff_metadata,no
PMC13410539,extended_discovery,,requires_full_text_screen,Gestational cardiovascular health and adverse pregnancy outcomes: a prospective cohort study in China.,,10.1080/07853890.2026.2703887,complete,2026 Dec,2026 Jul 26,complete,1,CC BY,true,false,s3://pmc-oa-opendata/PMC13410539.1/PMC13410539.1.xml?md5=119e49d9506eedc9f393719929912db6,not_found,,,,,complete,2026-07-26,2026-12-31,2026-07-26,2026-07-27,2026-07-27,{},complete_unauthenticated_compatibility,https://openalex.org/W7171406124,2026-07-26,2026-07-29T09:40:50.615796,not_found,not_found,,[],source_incomplete_missing_contact_email,2026-07-26,crossref_issued,bibliographic_index;crossref_derived_index;publisher_crossref,no,verified_post_cutoff_metadata,no
PMC13410559,extended_discovery,,requires_full_text_screen,"Sleep Disturbances, Metabolic Markers, and Outcomes After Stroke: A Retrospective Cohort Study in a Tertiary Hospital.",,10.3390/jcm15145394,complete,2026 Jul 9,2026 Jul 9,complete,1,CC BY,true,false,s3://pmc-oa-opendata/PMC13410559.1/PMC13410559.1.xml?md5=1a29f768c468bf45961fe2c11e4dd582,not_found,,,,,complete,2026-07-09,,2026-07-09,2026-07-09,2026-07-09,{},complete_unauthenticated_compatibility,https://openalex.org/W7167798708,2026-07-09,2026-07-29T09:40:50.615796,not_found,not_found,,[],source_incomplete_missing_contact_email,2026-07-09,crossref_issued,bibliographic_index;crossref_derived_index;publisher_crossref,no,verified_post_cutoff_metadata,no
PMC13411224,extended_discovery,,exclude_title:cross_sectional,Joint Association of Functional Impairment and Depression with Advanced Cardiovascular-Kidney-Metabolic Syndrome: A Cross-Sectional and Cohort Study Using Two Large Datasets.,,10.3390/healthcare14142043,complete,2026 Jul 8,2026 Jul 8,complete,1,CC BY,true,false,s3://pmc-oa-opendata/PMC13411224.1/PMC13411224.1.xml?md5=df4dc0db7ed74ba6580cf12cf0953d62,not_found,,,,,complete,2026-07-08,,2026-07-08,2026-07-08,2026-07-08,{},complete_unauthenticated_compatibility,https://openalex.org/W7167715131,2026-07-08,2026-07-29T09:40:50.615796,not_found,not_found,,[],source_incomplete_missing_contact_email,2026-07-08,crossref_issued,bibliographic_index;crossref_derived_index;publisher_crossref,no,verified_post_cutoff_metadata,no
PMC13411413,prior_48+extended_discovery,strong,requires_full_text_screen,Association Between Metabolic Dysfunction-Associated Steatotic Liver Disease and Risk of Aortic Aneurysm and Dissection: A Nationwide Cohort Study.,,10.3390/jcm15145453,complete,2026 Jul 12,2026 Jul 12,complete,1,CC BY,true,false,s3://pmc-oa-opendata/PMC13411413.1/PMC13411413.1.xml?md5=6280eb1ac0ed6805e6f2e788e6554b8c,not_found,,,,,complete,2026-07-12,,2026-07-12,2026-07-13,2026-07-14,{},complete_unauthenticated_compatibility,https://openalex.org/W7168161458,2026-07-12,2026-07-29T09:40:50.615796,not_found,not_found,,[],source_incomplete_missing_contact_email,2026-07-12,crossref_issued,bibliographic_index;crossref_derived_index;publisher_crossref,no,verified_post_cutoff_metadata,no
PMC13411797,extended_discovery,,requires_full_text_screen,QuantiFERON-TB Gold Plus Conversion Among Healthcare Workers: A Retrospective Cohort Study on Occupational and Metabolic Factors.,,10.3390/healthcare14142221,complete,2026 Jul 22,2026 Jul 22,complete,1,CC BY,true,false,s3://pmc-oa-opendata/PMC13411797.1/PMC13411797.1.xml?md5=0ffc9ac45aa5719aa660a6ca0dc7776f,not_found,,,,,complete,2026-07-22,,2026-07-22,2026-07-22,2026-07-22,{},complete_unauthenticated_compatibility,https://openalex.org/W7170063985,2026-07-22,2026-07-29T09:40:50.615796,not_found,not_found,,[],source_incomplete_missing_contact_email,2026-07-22,crossref_issued,bibliographic_index;crossref_derived_index;publisher_crossref,no,verified_post_cutoff_metadata,no
PMC13412647,extended_discovery,,requires_full_text_screen,The risk of cardiovascular events in metabolic dysfunction-associated steatotic liver disease according to fibrosis stage and diabetes status: A cohort study.,,10.1097/hc9.0000000000001013,complete,2026 Aug 1,2026 Jul 27,complete,1,CC BY-NC-ND,true,false,s3://pmc-oa-opendata/PMC13412647.1/PMC13412647.1.xml?md5=a25457e34da229c097a5a6d3510dfb35,not_found,,,,,complete,2026-08,,2026-07-27,2026-07-28,2026-07-28,{},complete_unauthenticated_compatibility,https://openalex.org/W7171551203,2026-07-27,2026-07-29T09:40:50.615796,not_found,not_found,,[],source_incomplete_missing_contact_email,2026-07-27,crossref_issued,bibliographic_index;crossref_derived_index;publisher_crossref,no,verified_post_cutoff_metadata,no
PMC13412813,extended_discovery,,requires_full_text_screen,Real-World Attainment of Guideline-Recommended Lipid Targets in Patients with High and Very High Cardiovascular Risk: A Prospective 12-Month Observational Cohort Study.,,10.3390/jcm15145627,complete,2026 Jul 17,2026 Jul 17,complete,1,CC BY,true,false,s3://pmc-oa-opendata/PMC13412813.1/PMC13412813.1.xml?md5=7aee90015228d365e78c90c37b3da3eb,not_found,,,,,complete,2026-07-17,,2026-07-17,2026-07-20,2026-07-21,{},complete_unauthenticated_compatibility,https://openalex.org/W7169800929,2026-07-17,2026-07-29T09:40:50.615796,not_found,not_found,,[],source_incomplete_missing_contact_email,2026-07-17,crossref_issued,bibliographic_index;crossref_derived_index;publisher_crossref,no,verified_post_cutoff_metadata,no
PMC13412876,extended_discovery,,requires_full_text_screen,Carotid Plaques and Type 2 Diabetes as Predictors of Cardiovascular Events and Mortality: Insights from the LitHiR Prospective Cohort Study.,,10.3390/jcm15145695,complete,2026 Jul 21,2026 Jul 21,complete,1,CC BY,true,false,s3://pmc-oa-opendata/PMC13412876.1/PMC13412876.1.xml?md5=6f493a03c960add9da13eed4894e6afc,not_found,,,,,complete,2026-07-21,,2026-07-21,2026-07-21,2026-07-21,{},complete_unauthenticated_compatibility,https://openalex.org/W7169874480,2026-07-21,2026-07-29T09:40:50.615796,not_found,not_found,,[],source_incomplete_missing_contact_email,2026-07-21,crossref_issued,bibliographic_index;crossref_derived_index;publisher_crossref,no,verified_post_cutoff_metadata,no
PMC13413080,extended_discovery,,requires_full_text_screen,Patient-Level Multidimensional Response Phenotypes in Obesity-Associated Type 2 Diabetes: A 12-Month Real-World Cohort Study.,,10.3390/jcm15145671,complete,2026 Jul 20,2026 Jul 20,complete,1,CC BY,true,false,s3://pmc-oa-opendata/PMC13413080.1/PMC13413080.1.xml?md5=8621e6fbb2ecb377d4be958b43157717,not_found,,,,,complete,2026-07-20,,2026-07-20,2026-07-20,2026-07-20,{},complete_unauthenticated_compatibility,https://openalex.org/W7169801390,2026-07-20,2026-07-29T09:40:50.615796,not_found,not_found,,[],source_incomplete_missing_contact_email,2026-07-20,crossref_issued,bibliographic_index;crossref_derived_index;publisher_crossref,no,verified_post_cutoff_metadata,no
