source,request_url,retrieved_at_utc,http_status,response_sha256,cache_path,cache_hit,attempts,rate_limit,rate_remaining,retry_after
biorxiv,https://api.biorxiv.org/pubs/medrxiv/10.1186/s12933-026-03279-w,2026-07-29T20:26:20+00:00,200,bdb22410e392419d32f1ef97e94c42f09473689ffdf21a1b00e0b9b29b1b3266,data/raw/scholarly_metadata/biorxiv/004f37b918b940eb889a215fb9d3903fac18d234d0320a4acb1efd6482477ba0.json,True,1,,,
biorxiv,https://api.biorxiv.org/pubs/medrxiv/10.1016/j.ijcrp.2026.200678,2026-07-29T20:25:17+00:00,200,ec5adc396f5387803e16f4918f62388855f28273a8936232959d2278d785291d,data/raw/scholarly_metadata/biorxiv/00effab24787cebbf40215171431a5b2b333dd9e8553f6a01abc02ad56e41c52.json,True,1,,,
biorxiv,https://api.biorxiv.org/pubs/medrxiv/10.1080/07853890.2026.2698905,2026-07-29T20:24:17+00:00,200,ac438611be2cab08c14b57e3bf1ba4b3e4a9df56d2b33d4515267d49e81ae080,data/raw/scholarly_metadata/biorxiv/013ca2191487772ee99e323c0b53afadfcdfd13118b0070d6a641a0f64595098.json,True,1,,,
biorxiv,https://api.biorxiv.org/pubs/medrxiv/10.1161/jaha.125.041413,2026-07-29T20:21:45+00:00,200,2adce9a78afb422bc867711b31aa6fb79c4ac385446b0117d8d1a5c69aa4d25d,data/raw/scholarly_metadata/biorxiv/021458861d0d2ccb583256afd8f7d2555fa37a3070cd8dd842dc014fcf7bde1e.json,True,1,,,
biorxiv,https://api.biorxiv.org/pubs/biorxiv/10.3390/diagnostics16132113,2026-07-29T20:24:16+00:00,200,4dd12f71e289e2c0fd7a4f989a369d28cd9f3b154ee38843a00a48202c5e3c60,data/raw/scholarly_metadata/biorxiv/021e1cbccd3d2d02160b9b721c64a99528019a7b1f47dd5e6cc83221a48ec5ec.json,True,1,,,
biorxiv,https://api.biorxiv.org/pubs/biorxiv/10.1097/hc9.0000000000001013,2026-07-29T20:27:38+00:00,200,52db7d450b87170ed63dce6393159665bcc13d92299b397a180707b485bad5b7,data/raw/scholarly_metadata/biorxiv/029e99d631fbd50ce424a9ddd9406fd015b924141aefebe67d322ae23d2600e2.json,True,1,,,
biorxiv,https://api.biorxiv.org/pubs/medrxiv/10.3390/healthcare14131932,2026-07-29T20:24:25+00:00,200,18981e849c91332f7556a9e5ff4048b9a0b392c2eabfa505503dc628766356b5,data/raw/scholarly_metadata/biorxiv/02d8f78b1d12f358aad3c2158ad95e95c815a0c517b454cf692ac31fb576d70e.json,True,1,,,
biorxiv,https://api.biorxiv.org/pubs/biorxiv/10.3389/fneur.2026.1864966,2026-07-29T20:26:35+00:00,200,856b182ad4513ccf410fd3e06fd02959306f44a300494793e9f88751a0692b3b,data/raw/scholarly_metadata/biorxiv/030cc842ef5cbbf117189ecddde9efdc183b0490a6b0c1784805caf4402c9b38.json,True,1,,,
biorxiv,https://api.biorxiv.org/pubs/biorxiv/10.11613/bm.2025.030502,2026-07-29T20:21:18+00:00,200,451d4692f68544dc6cebdcdd6abed645dd7f4ded3f8c4ff0c53d015b1f16b867,data/raw/scholarly_metadata/biorxiv/0446cf8038dbbd2d06ceab782efdad843a24adb393e32939269a538d7af7b6b1.json,True,1,,,
biorxiv,https://api.biorxiv.org/pubs/medrxiv/10.3389/fneur.2026.1864966,2026-07-29T20:26:34+00:00,200,856b182ad4513ccf410fd3e06fd02959306f44a300494793e9f88751a0692b3b,data/raw/scholarly_metadata/biorxiv/04a58ab23797ad54cb841a8570f03ef909540708c28f2c5c76efa96aa017bd9f.json,True,1,,,
biorxiv,https://api.biorxiv.org/pubs/medrxiv/10.2147/ijwh.s615707,2026-07-29T20:24:07+00:00,200,10ae58601613b5e9ac3b506c2cdd7cfb79df4421f2115347749d1e2c1cfc3eba,data/raw/scholarly_metadata/biorxiv/059448d93deb2aff2d6c2fbc58da39eb8213fcad21630488687bad6f2fc551ce.json,True,1,,,
biorxiv,https://api.biorxiv.org/pubs/medrxiv/10.1016/j.lanepe.2026.101612,2026-07-29T20:22:20+00:00,200,b34d161d717c57a130583676588d4b84aa3c79478abbf9f219b5e78ac9b3de9a,data/raw/scholarly_metadata/biorxiv/05fb8ceb9f0d1833d6d33b367c9bb3126f1f1c82443cc7d8950277295602c6a0.json,True,1,,,
biorxiv,https://api.biorxiv.org/pubs/biorxiv/10.1371/journal.pone.0352164,2026-07-29T20:22:42+00:00,200,b362ef2f10b6734f1955f1d36146e2cd75e6a34c5304ed1e48b711a182875aae,data/raw/scholarly_metadata/biorxiv/061e3fef37a973aa474f2e232d74e9fa48897e8fed68aa51087fa1ab8626a0fe.json,True,1,,,
biorxiv,https://api.biorxiv.org/pubs/medrxiv/10.2147/jmdh.s590099,2026-07-29T20:24:09+00:00,200,424f49c2347de9c4f32b5b621b56c93049644fd70ef3f946f7f8c3eebe2fd40a,data/raw/scholarly_metadata/biorxiv/064c4e9cebd3367c38b7ec0afa1a2df9d588146a5a8ab1fa407dd053b9db0651.json,True,1,,,
biorxiv,https://api.biorxiv.org/pubs/medrxiv/10.1007/s40200-026-02002-6,2026-07-29T20:23:35+00:00,200,abf67214b20148dbd9e7d12bd2878cfe359eb57b4076716e7deefd72ae38925b,data/raw/scholarly_metadata/biorxiv/067277dd28b69e88807f73863a4b774226bd3f6e15c02eb3f04e0de559daa272.json,True,1,,,
biorxiv,https://api.biorxiv.org/pubs/medrxiv/10.1177/20420986261462669,2026-07-29T20:26:07+00:00,200,45f346952c0ba42146b87cb21267d8bf19e38fb253801292411d0693897247c8,data/raw/scholarly_metadata/biorxiv/06c4bd50e212ed3b55156abe1612da9d0681a4f4327fa55c54e661fc2f47444c.json,True,1,,,
biorxiv,https://api.biorxiv.org/pubs/biorxiv/10.6026/973206300213000,2026-07-29T20:22:02+00:00,200,5cef6585d049a4906f789d0aa0e340a650d9d723b365df655a45a0c1ce9505e0,data/raw/scholarly_metadata/biorxiv/06cbbd4440b7d7c95d11745bd71b58ea55b4d25121e0cbdc4648837a6a45bda2.json,True,1,,,
biorxiv,https://api.biorxiv.org/pubs/medrxiv/10.3399/bjgpo.2024.0197,2026-07-29T20:21:32+00:00,200,25f2d009fc6e986f7ce2c3e96412eea5ceb792342a508f43f8e65127e2786d01,data/raw/scholarly_metadata/biorxiv/06f0466a8f5d6af49cdd8e012fa321e586c853cb2332b7f437cf8994cadb369a.json,True,1,,,
biorxiv,https://api.biorxiv.org/pubs/medrxiv/10.1111/ggi.70622,2026-07-29T20:22:33+00:00,200,c8c15452db2a3d0bfbf058bfb208e8c3d5363378356f664ee4e5c08cd52a6ef9,data/raw/scholarly_metadata/biorxiv/074a5ae21340f01d474e98e537db270939e6a19e4b22b955106ffdbb1b183350.json,True,1,,,
biorxiv,https://api.biorxiv.org/pubs/biorxiv/10.2196/86651,2026-07-29T20:23:32+00:00,200,52fd2d79594941a968240ea86fa1c48c9a3f198250d6607dc2f865d3b4c3d851,data/raw/scholarly_metadata/biorxiv/07d7c66eb5fb3073b32f282bb5df07349e4f27259aabbe57618aaf52b79398f1.json,True,1,,,
biorxiv,https://api.biorxiv.org/pubs/medrxiv/10.3390/jcm15145695,2026-07-29T20:27:41+00:00,200,a714d10e0237d5c52a676bf3e1be8bde5c1bb8fb4c471a79ed30c0289b0b6a0b,data/raw/scholarly_metadata/biorxiv/09fc2772b2898298c42724df7704ff6968aaaa815ec4e7edaf3b56db85f55bce.json,True,1,,,
biorxiv,https://api.biorxiv.org/pubs/biorxiv/10.1371/journal.pone.0351780,2026-07-29T20:25:13+00:00,200,257b388a70b09b7b3b3641dd847e740c0cc58909561a7e463c2a60e7b47db1aa,data/raw/scholarly_metadata/biorxiv/0a20e5598ca72ff948d596d309166b931a083d4e7c4c1a2f82dfa3301a078e6b.json,True,1,,,
biorxiv,https://api.biorxiv.org/pubs/biorxiv/10.3389/ti.2025.15709,2026-07-29T20:22:13+00:00,200,7e45cd98dbdf78ca351563922b71c2d5a9862ca83b7a2113c0c20a2f419f2a89,data/raw/scholarly_metadata/biorxiv/0b081773f8f6599d9952d614774e4923f3a04b94d05971ff2c18ef5cb65d1e90.json,True,1,,,
biorxiv,https://api.biorxiv.org/pubs/biorxiv/10.1016/j.eclinm.2026.104061,2026-07-29T20:25:16+00:00,200,a2a67f6ae287aca9d92cb4757c9d3131ccb67890f45793fa081f0cf5526f7929,data/raw/scholarly_metadata/biorxiv/0b86f357ab1816d08d792eb9dc02f50d884f98fe131e41100eabfa6ca0fbeed0.json,True,1,,,
biorxiv,https://api.biorxiv.org/pubs/medrxiv/10.1371/journal.pone.0354433,2026-07-29T20:26:15+00:00,200,6e8305b0c4a7f97f25b0daee4ee0eec47cf9636ae652553264cf0f729aee19f9,data/raw/scholarly_metadata/biorxiv/0cb8b1e0b51de43c34098056ad37714ae58a3c6788577b906249e77e62173f8d.json,True,1,,,
biorxiv,https://api.biorxiv.org/pubs/medrxiv/10.1097/md.0000000000049742,2026-07-29T20:24:33+00:00,200,87154bddaaaa6eb72d087ecfe9f818091d2789a2e641d9b2b5876eae3d2464bf,data/raw/scholarly_metadata/biorxiv/0e649b1ad01ddad9c5cf6db855384d00ec15816952a822eb3eba894615c7f16a.json,True,1,,,
biorxiv,https://api.biorxiv.org/pubs/biorxiv/10.1186/s12933-025-02874-7,2026-07-29T20:21:28+00:00,200,6a53165a359bd7689442cad7450a3dc8c7b8c7c68924c0752fa30ad6e9f4e512,data/raw/scholarly_metadata/biorxiv/0ea976dd0446033bf42a375e0e433c3d244efb78e687d15708db2c795be64079.json,True,1,,,
biorxiv,https://api.biorxiv.org/pubs/biorxiv/10.1016/j.ajpc.2025.101004,2026-07-29T20:21:03+00:00,200,f42822ba85e657ede63ce0d965c1b39770b96a6c360fb080b490bb486b46bc24,data/raw/scholarly_metadata/biorxiv/0ec71f58cf4d84d7ea5925cb4ebe043e79e9121f839d311a2d3e14c6fa893177.json,True,1,,,
biorxiv,https://api.biorxiv.org/pubs/biorxiv/10.2147/dmso.s624979,2026-07-29T20:24:06+00:00,200,fcdd42b0cf950668286a1e4ac39fcf9fc89fa5c626ffd0aa8093529109a3855b,data/raw/scholarly_metadata/biorxiv/0f185e9d8079c0c5f14549c1946d8ffb05bb2ebc3baad43eb1e6f4c672cf157b.json,True,1,,,
biorxiv,https://api.biorxiv.org/pubs/biorxiv/10.3390/jcm15145671,2026-07-29T20:27:45+00:00,200,250daef102af48a34b3cd79d78baddf5ea228e9d33a4bd5925e4349079e7e669,data/raw/scholarly_metadata/biorxiv/0fd4e178cfb8a449a2c45d956f1d21b9be9427744c76ff65330b328de08cda5a.json,True,1,,,
biorxiv,https://api.biorxiv.org/pubs/medrxiv/10.1016/j.jnha.2026.100918,2026-07-29T20:23:58+00:00,200,5cbba84c2704f825fb2bf6d988aaf6c733e348de61a4126618f27922c3d2fca1,data/raw/scholarly_metadata/biorxiv/1043d92d81d730d112d4be155c9edf1c8589f1db9be7638fe9039a765859fb60.json,True,1,,,
biorxiv,https://api.biorxiv.org/pubs/biorxiv/10.1177/11795514261471400,2026-07-29T20:26:06+00:00,200,57536e1d58c9bae982852d00c13306e52548d48ca0403e180ce6b2e2dbac27ad,data/raw/scholarly_metadata/biorxiv/105680948adc0198b6ccb0e462ee7eb0aaf15b6f98662cfb1e0d7ab741a0add2.json,True,1,,,
biorxiv,https://api.biorxiv.org/pubs/medrxiv/10.1186/s12933-025-02874-7,2026-07-29T20:21:27+00:00,200,6a53165a359bd7689442cad7450a3dc8c7b8c7c68924c0752fa30ad6e9f4e512,data/raw/scholarly_metadata/biorxiv/1185ff4501e0f7115f2b4db9004fc276f9c6a0e270e8a1e7478398b9440aedbe.json,True,1,,,
biorxiv,https://api.biorxiv.org/pubs/biorxiv/10.3389/fpubh.2024.1487034,2026-07-29T20:20:32+00:00,200,3327bc6a813b3fdd1384c5715a9ca691355f49ddbb55728949a2f8740a36cfd7,data/raw/scholarly_metadata/biorxiv/11e143bf61dea9bea8f0db0ecdde5e19b9d98c2fcade09b0a7e08d3de758042e.json,True,1,,,
biorxiv,https://api.biorxiv.org/pubs/medrxiv/10.1002/brb3.71620,2026-07-29T20:26:40+00:00,200,52c014f80923ed29aec676891768d1363b7e0a88689abd3000d09724ce91d678,data/raw/scholarly_metadata/biorxiv/12b9bc0fe5ae12a6f993c512fa920e851c1d05e6669a17cf9f4547da16d0f90e.json,True,1,,,
biorxiv,https://api.biorxiv.org/pubs/medrxiv/10.2340/jrm.v58.45663,2026-07-29T20:24:00+00:00,200,80ed9e6e10bed23de6fd35bb29b56c6ee6c202af427fd47f337067618bcd0841,data/raw/scholarly_metadata/biorxiv/13404446ec262bfa44f4a0f9a0f4049611779561a187885ba4fa80ba4147a524.json,True,1,,,
biorxiv,https://api.biorxiv.org/pubs/biorxiv/10.1136/bmjopen-2025-112641,2026-07-29T20:23:24+00:00,200,5d323bf6d2d57f88e30620fe0ff6f3e7a5e323973605a6a0bf13b348cc7ec740,data/raw/scholarly_metadata/biorxiv/13ed9250b63bff43566ef188d6518236c993ca1b720760ea261dfa035900c351.json,True,1,,,
biorxiv,https://api.biorxiv.org/pubs/medrxiv/10.1016/j.ijcrp.2025.200391,2026-07-29T20:20:49+00:00,200,23b0579032236a5fdf7f202dac5b907a0270ff1a4fdd09da961862ed6a0a37f1,data/raw/scholarly_metadata/biorxiv/14c3ac9e3a71a54707c17fc0ed478a586a99940e9873677da2157e6fbc1e0027.json,True,1,,,
biorxiv,https://api.biorxiv.org/pubs/medrxiv/10.1136/bmjopen-2025-115135,2026-07-29T20:25:55+00:00,200,663451b952697fb1e53730793b3f9692e06dfef1c9873ac7405a4ab235f94ef3,data/raw/scholarly_metadata/biorxiv/16b5a626285023fc0c4b41b61f4f1da8767a2cc6c36b0a4069f9e2a2e00ef67e.json,True,1,,,
biorxiv,https://api.biorxiv.org/pubs/biorxiv/10.1111/ggi.70627,2026-07-29T20:22:53+00:00,200,73a5ecd06c39aabe568582ad56b4db76614d3ce9ee0d8d71b602f294a173ceb5,data/raw/scholarly_metadata/biorxiv/18c5fcd18fd73550de8ec959b2546c12eed41ce0f3ca1ef14f7de7f2b7fdb7e6.json,True,1,,,
biorxiv,https://api.biorxiv.org/pubs/biorxiv/10.1097/md.0000000000049809,2026-07-29T20:25:41+00:00,200,9754c633d1217a477c53e412aed09e18534d6d220f69d4326b1972c3c6148230,data/raw/scholarly_metadata/biorxiv/18dcae2a5042772fdedc773c06bc6d91c7077bf951a0570fcd2a4a31cd847f7d.json,True,1,,,
biorxiv,https://api.biorxiv.org/pubs/medrxiv/10.1136/bmjopen-2025-108156,2026-07-29T20:27:15+00:00,200,2158792acc3f75e3a573c90c703200158ba2fad080a68cd20ac7d76246c0ed73,data/raw/scholarly_metadata/biorxiv/1a48299eff46a86b7bdb39bf7d8147d6739f01a3d86026210309c3a08fe95bdb.json,True,1,,,
biorxiv,https://api.biorxiv.org/pubs/biorxiv/10.7759/cureus.75058,2026-07-29T20:20:27+00:00,200,5dd2f25a4d5f665d184c8b2603eb5f01561614c371b334f9284bd0034f8136e1,data/raw/scholarly_metadata/biorxiv/1b4c68081670369b3cb9203a35c2dceffe12511ae15d31b2c05d45839f0a58a4.json,True,1,,,
biorxiv,https://api.biorxiv.org/pubs/biorxiv/10.3389/fnut.2026.1827345,2026-07-29T20:25:47+00:00,200,ef5feb7dbf9647a0bb5de5af12b58bca4ad507914350caab7212701eef273ced,data/raw/scholarly_metadata/biorxiv/1bacf388ee6e95d8da69517f336ffbfac193a515bf7fe3498fb0c9b20030dc01.json,True,1,,,
biorxiv,https://api.biorxiv.org/pubs/medrxiv/10.1016/j.jacadv.2025.101825,2026-07-29T20:21:07+00:00,200,072775e895870699d8f283b15088dddee3d0852edb6347e17427ceeca7950365,data/raw/scholarly_metadata/biorxiv/1c00a7d68a44e25936dbb6547c02938fbe54bd62abae3603ec15af2a234d3e31.json,True,1,,,
biorxiv,https://api.biorxiv.org/pubs/biorxiv/10.3390/jcm15135291,2026-07-29T20:24:40+00:00,200,1e06241d50e5deaed6f1d0483bdd8061b3bfab766d70706b2bdf41ce640088b4,data/raw/scholarly_metadata/biorxiv/1c572ac9fbbb5b5305acb2e00bdbbeabda50dd8ff387ef8cb739b22fa4186bbc.json,True,1,,,
biorxiv,https://api.biorxiv.org/pubs/medrxiv/10.3389/fcvm.2026.1830398,2026-07-29T20:25:43+00:00,200,57e11b0b1571bf7d5f2dd908d0d51ac566aab1280aad78df71de2d6c774d417c,data/raw/scholarly_metadata/biorxiv/1cd190353a0f05a2df4efdf9019fe07a7812b92e360515e2e9e572fc9fcc9e6e.json,True,1,,,
biorxiv,https://api.biorxiv.org/pubs/biorxiv/10.3390/jcm15145627,2026-07-29T20:27:40+00:00,200,374fccb64e923ec4e4865d0aaabd6ce3642a39485a6ee8a5c4d35a124bf3e704,data/raw/scholarly_metadata/biorxiv/1da50f9fd426162fb8e3a5408fb51c4ea2f8e58899c5ed17f6e9da103e04db64.json,True,1,,,
biorxiv,https://api.biorxiv.org/pubs/biorxiv/10.1136/bmjopen-2025-115135,2026-07-29T20:25:56+00:00,200,663451b952697fb1e53730793b3f9692e06dfef1c9873ac7405a4ab235f94ef3,data/raw/scholarly_metadata/biorxiv/1db9be1f77047960a725ec1c1e18d4ba5f2dd92aa87e8b1e3d84676c7e804808.json,True,1,,,
biorxiv,https://api.biorxiv.org/pubs/biorxiv/10.3389/fneur.2026.1801145,2026-07-29T20:24:52+00:00,200,f4f0a58440927ca51fb5336a53e486ab5af33a2ed04af7df4452c17c625805b5,data/raw/scholarly_metadata/biorxiv/1e9d387979a07bb1ef6aae585b39abc3ce253f08fb3484da496f81998add84b5.json,True,1,,,
biorxiv,https://api.biorxiv.org/pubs/medrxiv/10.2147/oaem.s616665,2026-07-29T20:24:49+00:00,200,8b894dc1a4863aea1598ca27501ac99461b0b228dc9219b06dc0e862236ae032,data/raw/scholarly_metadata/biorxiv/204f45306841bafd051509ee3dba44a0c91829ce52dbfcbcb5a47800ffce3e13.json,True,1,,,
biorxiv,https://api.biorxiv.org/pubs/medrxiv/10.1007/s00431-026-07214-9,2026-07-29T20:24:58+00:00,200,1316455c8816fb7b94cae05434ea772812343ba9298a41f22a86ab723c94d935,data/raw/scholarly_metadata/biorxiv/20cd7f57cb97a8f240fd5c4b9f6e370885000d64812cb7697f57895e62a476f3.json,True,1,,,
biorxiv,https://api.biorxiv.org/pubs/medrxiv/10.1177/11795514261471400,2026-07-29T20:26:05+00:00,200,57536e1d58c9bae982852d00c13306e52548d48ca0403e180ce6b2e2dbac27ad,data/raw/scholarly_metadata/biorxiv/2113e77c5f6959b722300567a4bcb2491a461502539d0673a2f0bf4a6b22f532.json,True,1,,,
biorxiv,https://api.biorxiv.org/pubs/medrxiv/10.1111/1753-0407.70128,2026-07-29T20:21:15+00:00,200,7881c365c0d3a9b662ad56cf2677cb0fb156c1c92ddab93f779c3ccfa8783e69,data/raw/scholarly_metadata/biorxiv/22164f2f88719b98ff4f4c8a996387688f459fa60f90d35fbb27affddf25b07b.json,True,1,,,
biorxiv,https://api.biorxiv.org/pubs/medrxiv/10.1111/dom.16217,2026-07-29T20:20:46+00:00,200,b4bac8ef8f9ba201257b1dd9f121357b8fda38d1f4ce6ec49dd019c04ffa4ddd,data/raw/scholarly_metadata/biorxiv/228342c5b90b2f86ba9bab269ba8a07cdd72c4b34f94180b7a3d1f8ee48c69e0.json,True,1,,,
biorxiv,https://api.biorxiv.org/pubs/medrxiv/10.1097/md.0000000000049567,2026-07-29T20:23:09+00:00,200,ddb000f79b0ff00bc8c776acdd08113afcb25a3d1daf9d0a19e60586f439078c,data/raw/scholarly_metadata/biorxiv/262a9785404f3394323427f06eb811c9c6ee19d43087eddc752292b70abbea1b.json,True,1,,,
biorxiv,https://api.biorxiv.org/pubs/biorxiv/10.1016/j.jhepr.2025.101479,2026-07-29T20:21:21+00:00,200,dea090536475b727d8126d748b4787adf2af4f0a37baf7eb535da7d6754f1631,data/raw/scholarly_metadata/biorxiv/27ec4e69e09607566646dd72aef915c0c4e42f65b215adf4032950aa46658e34.json,True,1,,,
biorxiv,https://api.biorxiv.org/pubs/biorxiv/10.1016/j.isci.2026.116526,2026-07-29T20:23:51+00:00,200,671e9606e9e0fb1912d662a7c5b2befbb3f1447adc5c983b9f0f616fc75abfdc,data/raw/scholarly_metadata/biorxiv/289e664db46258767ec6c5e62ef5fb2f8b76501f5d0fcc7a5c2e37135dd92e31.json,True,1,,,
biorxiv,https://api.biorxiv.org/pubs/biorxiv/10.1111/1753-0407.70128,2026-07-29T20:21:16+00:00,200,7881c365c0d3a9b662ad56cf2677cb0fb156c1c92ddab93f779c3ccfa8783e69,data/raw/scholarly_metadata/biorxiv/2a256f6b8309ba0925fd4c4eb3af7e310217febf88eb387d830b75f2cb80b867.json,True,1,,,
biorxiv,https://api.biorxiv.org/pubs/medrxiv/10.2196/72497,2026-07-29T20:21:22+00:00,200,c2f2a9b118492cbebe59eb4e0b7e4f1bdb3927297e935dacd305029b8de1879d,data/raw/scholarly_metadata/biorxiv/2ac48bc96345aa19e1bda001f838b5d0df58c9605cc020aabbcd88bdba693071.json,True,1,,,
biorxiv,https://api.biorxiv.org/pubs/medrxiv/10.1186/s12916-025-04067-1,2026-07-29T20:21:00+00:00,200,eebcdb677391c86b69b0b3037ee7a1110039d98e64b77455c87d24f09c016bb5,data/raw/scholarly_metadata/biorxiv/2b01df31bcffd93ea554a92cfb3347db7165bc41f50bdc32c1b8e5252b0c5abf.json,True,1,,,
biorxiv,https://api.biorxiv.org/pubs/medrxiv/10.3390/medicina61122106,2026-07-29T20:21:55+00:00,200,0cb8d1bd580d6bc2451ccdf22ee9c265715cd86bcc76108f06576a89da32ab76,data/raw/scholarly_metadata/biorxiv/2bd80de9fcaeab1dcac9f74385fb44ca9d30db97ec15ddd7cc42aa974d322445.json,True,1,,,
biorxiv,https://api.biorxiv.org/pubs/medrxiv/10.1186/s13690-025-01577-5,2026-07-29T20:20:51+00:00,200,bd4a28e9a8062c353279f989a466632050891a03c7783ddead6ffbe87101c0f3,data/raw/scholarly_metadata/biorxiv/2c36db163d0c21f4337ccc6b52ebeec39d9486b9f12cf9a236f6f935f4c530ef.json,True,1,,,
biorxiv,https://api.biorxiv.org/pubs/medrxiv/10.1097/jcma.0000000000000835,2026-07-29T20:22:06+00:00,200,3ceb8f30fdf4f5af7b35d0c1288e3a9683ae91535f98c2cc7a6d1f2c0c132ffd,data/raw/scholarly_metadata/biorxiv/2dcdea8d88c2740c8fa7d8ca0e766b29148bd16a835adf30c65cfe51b58372c5.json,True,1,,,
biorxiv,https://api.biorxiv.org/pubs/biorxiv/10.1016/j.jtumed.2026.07.003,2026-07-29T20:26:26+00:00,200,c1fa3d2a3adb48a46f2f5400d6e7bf35ce11e9aa41e3f52e88e4e68085be747a,data/raw/scholarly_metadata/biorxiv/2f6b80f339d2ca03cbd12105f360cd76725f26889525422ae6be22f88b471646.json,True,1,,,
biorxiv,https://api.biorxiv.org/pubs/medrxiv/10.3389/fendo.2026.1844215,2026-07-29T20:25:48+00:00,200,79b16f2f46e2719b53156188b28ca1a039820428d4578d7e5a4a31cf2888669c,data/raw/scholarly_metadata/biorxiv/2f8533c4e2b01bdfce9f7ca58e718ffe0cb3f5ea904f0273dffbe76e0feaf98e.json,True,1,,,
biorxiv,https://api.biorxiv.org/pubs/biorxiv/10.3389/fpubh.2025.1436520,2026-07-29T20:20:39+00:00,200,548f7db283a5dad223f6ab8d3db17b03e2fad48712fc9fa9d60db3aae7178f47,data/raw/scholarly_metadata/biorxiv/31475751051c4567d527468088b409bc98f062bec4d74f3a254e2264c5de90e9.json,True,1,,,
biorxiv,https://api.biorxiv.org/pubs/biorxiv/10.1016/j.jacadv.2025.101825,2026-07-29T20:21:08+00:00,200,072775e895870699d8f283b15088dddee3d0852edb6347e17427ceeca7950365,data/raw/scholarly_metadata/biorxiv/3151df989b2e7268bd46ceca55968e0071e470f766f0b4897eb611d554518b38.json,True,1,,,
biorxiv,https://api.biorxiv.org/pubs/biorxiv/10.7189/jogh.16.04212,2026-07-29T20:23:54+00:00,200,f77cf1c25b45f1e4a560b28fff4aabbd66c2a04b48e021e0a1448536fc6ba620,data/raw/scholarly_metadata/biorxiv/325d412c17542fb22af14ec8ed3afe85d59d7796e642a5472fbada97c7585fed.json,True,1,,,
biorxiv,https://api.biorxiv.org/pubs/medrxiv/10.1016/j.jacadv.2025.101767,2026-07-29T20:21:05+00:00,200,c42a40e41f2e63e40a4d1905ec18b8eb23bd7aa87aa710cabca27b9f44bd3fb2,data/raw/scholarly_metadata/biorxiv/34d5aef9e77a14acae49d8a50c97642b992b2123f769daca04880b442d311371.json,True,1,,,
biorxiv,https://api.biorxiv.org/pubs/medrxiv/10.1002/brb3.71578,2026-07-29T20:23:38+00:00,200,ed67f1c2a4f7dbba95fb5404fffda3b9b81e912e15f61b27338fa1d31a64035a,data/raw/scholarly_metadata/biorxiv/3668700107a8dfe69a06e5c36179b8240cc550749fcef28e5a0569e6a9f7b083.json,True,1,,,
biorxiv,https://api.biorxiv.org/pubs/biorxiv/10.1002/fsn3.72109,2026-07-29T20:24:13+00:00,200,9bbb8b211c3c35c905adecb19fc30cc899777b837577c2229c920932426cbd79,data/raw/scholarly_metadata/biorxiv/36a268036a0920d2aaab53a81ae2383fd993d9229630d7e07ebfb1d85d0891eb.json,True,1,,,
biorxiv,https://api.biorxiv.org/pubs/biorxiv/10.1186/s13690-025-01577-5,2026-07-29T20:20:52+00:00,200,bd4a28e9a8062c353279f989a466632050891a03c7783ddead6ffbe87101c0f3,data/raw/scholarly_metadata/biorxiv/37c8ad97bf2fb8e7c5ca4a390df0c6e7c721e4639fcfaa60b80cfddaad7cfdb4.json,True,1,,,
biorxiv,https://api.biorxiv.org/pubs/biorxiv/10.1371/journal.pone.0353113,2026-07-29T20:22:36+00:00,200,438a51ad01b77305fd311a14da6933538f2b3368a17f7459b072b96701c3b5e2,data/raw/scholarly_metadata/biorxiv/393b9fb45a41e7eafdfa0215624879ff9f9d2e8386b048c63019300b9fb5c7b2.json,True,1,,,
biorxiv,https://api.biorxiv.org/pubs/biorxiv/10.1093/bjsopen/zrag054,2026-07-29T20:23:02+00:00,200,f7f6b214d05d8b6bd0121b275ff6c4d2ff3e37547a872e97805a59d467dfc07a,data/raw/scholarly_metadata/biorxiv/393c64f29eb792c8fc1eb44dffce0989036a993e7476cd79401ecdc126a44dd4.json,True,1,,,
biorxiv,https://api.biorxiv.org/pubs/biorxiv/10.1097/md.0000000000049695,2026-07-29T20:24:29+00:00,200,cd2d0d9ff678a0c8ba50cf7d5e314ea77ae84ee1a48e06c720657818bba4b5f4,data/raw/scholarly_metadata/biorxiv/39b4d2d6c40a21e9195de7871644433a2152ad8c5d3adc789014bef3069a20d9.json,True,1,,,
biorxiv,https://api.biorxiv.org/pubs/medrxiv/10.1007/s00392-025-02736-y,2026-07-29T20:22:14+00:00,200,683532defda3d526c875d1000020a3b05c56b92636396b9f51594d53ec464f92,data/raw/scholarly_metadata/biorxiv/3af7ad88103af5f837e178080d3a28314d9f689dceedaae012bcfe7cf4cecd4c.json,True,1,,,
biorxiv,https://api.biorxiv.org/pubs/biorxiv/10.1093/ehjcvp/pvag031,2026-07-29T20:24:47+00:00,200,0555675e36fb50adcd9311d1399637c57aa976bd1a8ddd8bd6a9e78be1280825,data/raw/scholarly_metadata/biorxiv/3bb7057580caee572c670d509c752bef7b86d7540e60cff5da362253b683c962.json,True,1,,,
biorxiv,https://api.biorxiv.org/pubs/medrxiv/10.3389/fimmu.2026.1882018,2026-07-29T20:26:17+00:00,200,fba93601f528f4be4132dbf903ba340a4b787415a175378bb8b2c097b0642db3,data/raw/scholarly_metadata/biorxiv/3c9367b04274aaded925dd7ce00062b772909e82fff49fc23f68b4fae3552927.json,True,1,,,
biorxiv,https://api.biorxiv.org/pubs/biorxiv/10.1371/journal.pone.0353956,2026-07-29T20:25:26+00:00,200,a7897e2e0f229c1841fc0a4b090ace306d1a29c0bf57f6c94b265a48d6bd2123,data/raw/scholarly_metadata/biorxiv/3dc78a6e97f6c5ab63d17e16f98b0b958f22be5fa6cc994797b2930107bd82b9.json,True,1,,,
biorxiv,https://api.biorxiv.org/pubs/biorxiv/10.1016/j.ahjo.2025.100676,2026-07-29T20:21:54+00:00,200,99d54be14c7da507f5140681d92d66d2e3425f0c1cb6eeb672bf7a783cafcbd2,data/raw/scholarly_metadata/biorxiv/3dfa3080eccc0f2fc0a562dea3b6ec94cbd0d3e789aa6e32c715757cf01799ba.json,True,1,,,
biorxiv,https://api.biorxiv.org/pubs/medrxiv/10.1371/journal.pone.0351763,2026-07-29T20:22:37+00:00,200,3df0ef0b3f3e436ef42b66e131da226363d58d32045907cb7893b452e89e2a87,data/raw/scholarly_metadata/biorxiv/3e7d1324dfe9f6b7ea348dce022287f182f93474fc93d9fac3667fbd2496a1e6.json,True,1,,,
biorxiv,https://api.biorxiv.org/pubs/medrxiv/10.3390/jcm15135275,2026-07-29T20:24:36+00:00,200,45d349520a68233f69243b7082756de0697d67efb1bb4f06083219467e66d2d1,data/raw/scholarly_metadata/biorxiv/3ebe9be2ec270f71febaa9c2fad50d1dc5e3be5275d426bec9eadc986eddbf8a.json,True,1,,,
biorxiv,https://api.biorxiv.org/pubs/medrxiv/10.2196/91051,2026-07-29T20:23:18+00:00,200,6baea8ca9805b0e13a5f0a2b3fed741beb503de36336c7c3c78d71346a8df7ce,data/raw/scholarly_metadata/biorxiv/3ec2712782403ed5be63d8a6375a601f1745fb9892d520fc63f7857ffad1c064.json,True,1,,,
biorxiv,https://api.biorxiv.org/pubs/medrxiv/10.2147/ijwh.s614197,2026-07-29T20:24:23+00:00,200,ab4f9e2d9875efcbdc30b166c270e25e713b3f4a52b843c492f059ce6189f496,data/raw/scholarly_metadata/biorxiv/3f25fbe4cbd2b4067c71829141019b99c4341db3d27200429a737c39888c2cf2.json,True,1,,,
biorxiv,https://api.biorxiv.org/pubs/medrxiv/10.1097/md.0000000000049760,2026-07-29T20:25:38+00:00,200,ad78dc2fcb2a8de18cfcfc997fcdf1f1668745b76681051dd0c8f7b0846b7f32,data/raw/scholarly_metadata/biorxiv/3f489bd22b1d9168127f9cab63330a86f3ef60faa1bc50a34bc00d9f98b556d4.json,True,1,,,
biorxiv,https://api.biorxiv.org/pubs/biorxiv/10.5853/jos.2025.05295,2026-07-29T20:22:31+00:00,200,226a27ee5dacb22b4cdc83f5d46b6a670f950b165c064beda615f2a6cb698166,data/raw/scholarly_metadata/biorxiv/3f652bfb2117dee7e0fe462ed1e38b65d2fafef2d6e8f354abf9e8f31930b533.json,True,1,,,
biorxiv,https://api.biorxiv.org/pubs/medrxiv/10.1097/md.0000000000049786,2026-07-29T20:25:30+00:00,200,c32cabaee0166fa77a554fdbbba8fea8607cbc69da1d267af5f49e6951c8563e,data/raw/scholarly_metadata/biorxiv/425a7731cc423899a5e8067920456c2b79cc5e09d6b60ab3f6bb78d025aba8b2.json,True,1,,,
biorxiv,https://api.biorxiv.org/pubs/medrxiv/10.21542/gcsp.2025.4,2026-07-29T20:20:56+00:00,200,5d85a8a5f4928101fe41bf66258e480d65a7f525e934ee404b62c4153493190e,data/raw/scholarly_metadata/biorxiv/43da1967409276c88494dfbf798f3f8d4435267c12507ea50a4aec86c0e6827d.json,True,1,,,
biorxiv,https://api.biorxiv.org/pubs/biorxiv/10.1136/bmjopen-2026-116572,2026-07-29T20:23:27+00:00,200,35e7daf75bdd283cc02d68f86c05f7e8fc4a5f33a6557d2a30d3f31c3b7ae163,data/raw/scholarly_metadata/biorxiv/4421a958029fb9b097dc62c5993ad40f47a8a85e4fdf69047360a00f8ffd694c.json,True,1,,,
biorxiv,https://api.biorxiv.org/pubs/biorxiv/10.3389/fendo.2026.1857196,2026-07-29T20:27:12+00:00,200,c971324ac6083d578ff2675eab65590a26a44c555bb144cd7f6a5f57faaad7e4,data/raw/scholarly_metadata/biorxiv/4465d02849b21f7700268967512aaae18d4b37ac21733db86115484216cd3bda.json,True,1,,,
biorxiv,https://api.biorxiv.org/pubs/biorxiv/10.3390/jcm15135302,2026-07-29T20:24:32+00:00,200,60effb4c77b80ee151ed9e2166d31b87ed279957b506f01f53e96610f02d678a,data/raw/scholarly_metadata/biorxiv/45696b560c61bbc8db59fe6b4da401e381a48f2595f67a44a1f8723a2fae670d.json,True,1,,,
biorxiv,https://api.biorxiv.org/pubs/biorxiv/10.1177/03000605261467013,2026-07-29T20:25:11+00:00,200,4d82d6480d82fdc31f4909bc0df41a422e507ccab4ce8302d6c7d3f0cbf98842,data/raw/scholarly_metadata/biorxiv/45858ffd9692e8b8c471e8a51ea4fb3d49a3a0e83a5e8a49d2218778fe583506.json,True,1,,,
biorxiv,https://api.biorxiv.org/pubs/biorxiv/10.2147/ijwh.s615707,2026-07-29T20:24:08+00:00,200,10ae58601613b5e9ac3b506c2cdd7cfb79df4421f2115347749d1e2c1cfc3eba,data/raw/scholarly_metadata/biorxiv/468fd3badd77f57139eeed084c03ac346130302dcabad3b05bd87a5e6c00abfd.json,True,1,,,
biorxiv,https://api.biorxiv.org/pubs/biorxiv/10.1002/hsr2.72809,2026-07-29T20:24:42+00:00,200,9d4471ba53c1d4b67adca4c2e5d339372c2599f9fd75b8431e601ba782ddeed5,data/raw/scholarly_metadata/biorxiv/46adb50132efea2fbd4cd7757974a41be56d300e271619f07b2c5c265cfa59fd.json,True,1,,,
biorxiv,https://api.biorxiv.org/pubs/medrxiv/10.3389/fendo.2026.1873073,2026-07-29T20:24:56+00:00,200,6ebbc14aacadf7bd7424b1a7c1c1ba690540ab705b68d80d770f634e5726e461,data/raw/scholarly_metadata/biorxiv/47278c7b82b896e61e2c9596a73dd13b7742d22347527831ed06126a825e9e16.json,True,1,,,
biorxiv,https://api.biorxiv.org/pubs/biorxiv/10.1371/journal.pone.0353388,2026-07-29T20:25:02+00:00,200,ac70c79cb492f3f43d7eb12261ff763f3d8a07bf8c7533f9940082de7bcf3120,data/raw/scholarly_metadata/biorxiv/4785b15d639790c5cb200bd9d2ede8e33f2a400d3b909fd8ff18e0bf22aa6551.json,True,1,,,
biorxiv,https://api.biorxiv.org/pubs/medrxiv/10.2147/dmso.s569698,2026-07-29T20:21:57+00:00,200,450e87e9844727e291b1111afe373f4e52af568e4f4977f2dd020a8539831bcc,data/raw/scholarly_metadata/biorxiv/4807261025aa5576cc0d57189288f78bf3502026c8d400f07ae32f3f0ce597b6.json,True,1,,,
biorxiv,https://api.biorxiv.org/pubs/medrxiv/10.1136/bmjopen-2025-112641,2026-07-29T20:23:23+00:00,200,5d323bf6d2d57f88e30620fe0ff6f3e7a5e323973605a6a0bf13b348cc7ec740,data/raw/scholarly_metadata/biorxiv/4a68298ce4c1ac234d77e826a5f8a25f549df5f53d2a18dfdd38564662b500c5.json,True,1,,,
biorxiv,https://api.biorxiv.org/pubs/medrxiv/10.1080/07853890.2026.2703887,2026-07-29T20:27:25+00:00,200,9e8a21d4269035b2c345e256d6dbf6f1bc6ce8bcec86e2ed97e887c7bd48c50b,data/raw/scholarly_metadata/biorxiv/4a95aadeca65dba72d9278ccf50749f39e4bda3c302f25a2f5f0c056289de820.json,True,1,,,
biorxiv,https://api.biorxiv.org/pubs/medrxiv/10.3346/jkms.2026.41.e161,2026-07-29T20:25:57+00:00,200,aacc75fb309f42c834b75f1b8fbbe344ee9fd2f2bbde0a158e600c5dda12ade4,data/raw/scholarly_metadata/biorxiv/4acc1408cf67992cee90268f37eb97a288e6db2fa1ef17c0b9a05f9d8b0da708.json,True,1,,,
biorxiv,https://api.biorxiv.org/pubs/biorxiv/10.20945/2359-4292-2026-0076,2026-07-29T20:26:44+00:00,200,e9bf64b354c9d773ceddd65909343e6cb0506bbde18a06286ab46ce74d509922,data/raw/scholarly_metadata/biorxiv/4afe7665396871b7dcd82796854c155833922a1565da250f0f0f56ef677e90ac.json,True,1,,,
biorxiv,https://api.biorxiv.org/pubs/medrxiv/10.1016/j.jacadv.2025.101864,2026-07-29T20:21:29+00:00,200,1dad474c192d6b4113cb92c0911a0fad5747c06ab032360673b056e161fbd4d4,data/raw/scholarly_metadata/biorxiv/4d2d5ee36dde0cd3ce45d33204f0f55307bdf012475b3f8f476bf3003ec7dd68.json,True,1,,,
biorxiv,https://api.biorxiv.org/pubs/medrxiv/10.1016/j.isci.2026.116526,2026-07-29T20:23:50+00:00,200,671e9606e9e0fb1912d662a7c5b2befbb3f1447adc5c983b9f0f616fc75abfdc,data/raw/scholarly_metadata/biorxiv/4d593638ca8d91e78b4f78a0e80aec3f295c1249bcc0e6f3ddb5848064e145c1.json,True,1,,,
biorxiv,https://api.biorxiv.org/pubs/biorxiv/10.1161/jaha.125.041413,2026-07-29T20:21:46+00:00,200,2adce9a78afb422bc867711b31aa6fb79c4ac385446b0117d8d1a5c69aa4d25d,data/raw/scholarly_metadata/biorxiv/4ecc6641daf47c0fc8eff6f8899de65add5c6afc9d7afbf24e86dcdb4c56090d.json,True,1,,,
biorxiv,https://api.biorxiv.org/pubs/biorxiv/10.1136/bmjopen-2024-086919,2026-07-29T20:20:35+00:00,200,63319260c19f89683c30ed96f2341e2c9e39b1a8ff39b0ce90794c972e535db4,data/raw/scholarly_metadata/biorxiv/4eeb7b544d0c22a92c69c95a9356a1c421f251900787b63e36959a72c4d5665c.json,True,1,,,
biorxiv,https://api.biorxiv.org/pubs/medrxiv/10.7189/jogh.16.04212,2026-07-29T20:23:53+00:00,200,f77cf1c25b45f1e4a560b28fff4aabbd66c2a04b48e021e0a1448536fc6ba620,data/raw/scholarly_metadata/biorxiv/4f43018f8fe0f97ae29d6f9cf09e0a056b19cbf7135beb1b730e015c274c78b9.json,True,1,,,
biorxiv,https://api.biorxiv.org/pubs/biorxiv/10.3390/jcdd13070320,2026-07-29T20:27:24+00:00,200,ac1819aae292f33c9e93eb9590583c2daa9075f0018bdeec05b2a947587711fd,data/raw/scholarly_metadata/biorxiv/52127dc073b000e3d86de114e337356eeffe5e79e613d4cc765f2d920220a0db.json,True,1,,,
biorxiv,https://api.biorxiv.org/pubs/biorxiv/10.2196/93631,2026-07-29T20:23:07+00:00,200,5365b23d284bc128859704d3e238d91c7193510a60c2a76ed6077c4d77fe7342,data/raw/scholarly_metadata/biorxiv/52cb411bbe8897d42887d3bba9d8a15483e0e6a3e1226389264e4ae272dc4b30.json,True,1,,,
biorxiv,https://api.biorxiv.org/pubs/biorxiv/10.1016/j.jnha.2026.100918,2026-07-29T20:23:59+00:00,200,5cbba84c2704f825fb2bf6d988aaf6c733e348de61a4126618f27922c3d2fca1,data/raw/scholarly_metadata/biorxiv/52e87884dd8a7c7c423fc01d54a5af68106a3e0125a96c394015f8739866ea7a.json,True,1,,,
biorxiv,https://api.biorxiv.org/pubs/biorxiv/10.1590/2175-8239-jbn-2025-0241en,2026-07-29T20:22:29+00:00,200,6212a6f70036287e687975b03dd73a07a1579bbb662fd64b1925300ce92b4c59,data/raw/scholarly_metadata/biorxiv/53527f2594109295588f11212bd2d7376fd8d4feec5f544ccfa55bd3f6020bd9.json,True,1,,,
biorxiv,https://api.biorxiv.org/pubs/medrxiv/10.1186/s41043-025-01083-y,2026-07-29T20:21:38+00:00,200,3d4c2ce2ccc130549cc7adf536163fe93ff313b9df085b1831c1bd73ad175203,data/raw/scholarly_metadata/biorxiv/54000072362247fd2e03aceaec6bf1cd05adf9891c568ec5b40b9f402a9ff022.json,True,1,,,
biorxiv,https://api.biorxiv.org/pubs/biorxiv/10.1177/20420986261462669,2026-07-29T20:26:08+00:00,200,45f346952c0ba42146b87cb21267d8bf19e38fb253801292411d0693897247c8,data/raw/scholarly_metadata/biorxiv/54722848a208a71be76ec92c2bdef1cc27a762964e17deee0ee245e7abc48fc2.json,True,1,,,
biorxiv,https://api.biorxiv.org/pubs/biorxiv/10.1002/hsr2.72801,2026-07-29T20:24:54+00:00,200,1781ec4e8a54f060d4424857c22826014a69748e8a1477eaa49766e28ee456b4,data/raw/scholarly_metadata/biorxiv/549dac6c908d3a42124dc6c011b33e95f81ad2c6b63b45300d75f266a722bd20.json,True,1,,,
biorxiv,https://api.biorxiv.org/pubs/medrxiv/10.7189/jogh.16.04204,2026-07-29T20:22:55+00:00,200,c26e411e599bda97b8347e3ebfde7e1fac3b3ccaa3906b0b75a53d30937640ae,data/raw/scholarly_metadata/biorxiv/5558a2e22b3159d180cac49b16a8d6fbe9a44a7717e68fe595f31b6aded56063.json,True,1,,,
biorxiv,https://api.biorxiv.org/pubs/biorxiv/10.1002/hsr2.72620,2026-07-29T20:26:11+00:00,200,2f42f0ea05bd478f264aef498cbb444b6d5a928947859d110336242367d16a4d,data/raw/scholarly_metadata/biorxiv/5635bef7cc595efb4240c1919fc60f3a3c6f574ba823259ceb6e11b89054ae11.json,True,1,,,
biorxiv,https://api.biorxiv.org/pubs/biorxiv/10.1007/s40200-026-02002-6,2026-07-29T20:23:37+00:00,200,abf67214b20148dbd9e7d12bd2878cfe359eb57b4076716e7deefd72ae38925b,data/raw/scholarly_metadata/biorxiv/56e592b72cd7bcab030a1e235a1c20b3f84b39817968da6b40221e35495d8df7.json,True,1,,,
biorxiv,https://api.biorxiv.org/pubs/medrxiv/10.1093/eurheartj/ehaf677,2026-07-29T20:23:13+00:00,200,acb64211192422586fa31ed8b0c3e0f349f59a5f6ad5047b8e298ec07aeace8b,data/raw/scholarly_metadata/biorxiv/573906094b140382d488ddc802f7fec1d4fb0e334589f914ba60b6125d4ececc.json,True,1,,,
biorxiv,https://api.biorxiv.org/pubs/biorxiv/10.1080/07853890.2026.2698905,2026-07-29T20:24:19+00:00,200,ac438611be2cab08c14b57e3bf1ba4b3e4a9df56d2b33d4515267d49e81ae080,data/raw/scholarly_metadata/biorxiv/575f37fdf3eab26a7481c1f39240780c9c7319b93dd53596ae8c5b9f1e5da499.json,True,1,,,
biorxiv,https://api.biorxiv.org/pubs/medrxiv/10.3389/fnut.2026.1854100,2026-07-29T20:25:20+00:00,200,7a161924ceb349a1b47a6d06fe030c192de0443ad44b8cb6cebbe8c8ed5cf1d1,data/raw/scholarly_metadata/biorxiv/57e9d2bbf325525393a52ec499eaab685a482f8664e0233ce0866b3d578ed993.json,True,1,,,
biorxiv,https://api.biorxiv.org/pubs/biorxiv/10.1016/j.ijcha.2026.101964,2026-07-29T20:24:03+00:00,200,94f7a74d803d10d51a7c36433d292e2abf518ab08758b2092342f6629a63f061,data/raw/scholarly_metadata/biorxiv/58004a64d355d442c1e47a159158d977d39c538ffe7b391542fb832cc6a15b57.json,True,1,,,
biorxiv,https://api.biorxiv.org/pubs/biorxiv/10.1007/s00420-026-02224-4,2026-07-29T20:23:17+00:00,200,d5f23fac9063c55624adc085a0473e373c093c9ebf032588e82949a12d03f6e5,data/raw/scholarly_metadata/biorxiv/585ac3c252ca9149c8ae78661b3c1fa6412715b8fcf6f3923e068aedae83fea3.json,True,1,,,
biorxiv,https://api.biorxiv.org/pubs/medrxiv/10.1016/j.ijcha.2026.101977,2026-07-29T20:26:22+00:00,200,ddc4ec2954ea1a917ca05fd1dd56415b1da75e284c89e3e9c137db235de7a338,data/raw/scholarly_metadata/biorxiv/59ae6b31dc55d8ecdd7304f2d52b7dcabc61abc600f5ab81724425ecf5cdff60.json,True,1,,,
biorxiv,https://api.biorxiv.org/pubs/biorxiv/10.3389/fendo.2026.1914586,2026-07-29T20:27:03+00:00,200,bd398e6dd7b99cb2e6c6a551316922dbad8f0a27bacfd363dfdb35ba9a2abdb9,data/raw/scholarly_metadata/biorxiv/5aa89de5eba51fcf63353bd97244ffe87e55303d046e48d4a54c8942354386cb.json,True,1,,,
biorxiv,https://api.biorxiv.org/pubs/medrxiv/10.1186/s12889-025-21609-7,2026-07-29T20:20:41+00:00,200,b5dda694d36dd889b0113f91205a602ed0e251078a8052ec0f7b92e274b46fd9,data/raw/scholarly_metadata/biorxiv/5b0cbaa351507abcebc8f6488d5a6bbba941e22b505eec41ce03db51cc60f573.json,True,1,,,
biorxiv,https://api.biorxiv.org/pubs/medrxiv/10.7189/jogh.14.04176,2026-07-29T20:20:24+00:00,200,556c6b4d9661772ef8d5c535737ea8ca897e475ba9dc453e7dac4332a449b1df,data/raw/scholarly_metadata/biorxiv/5b496492b304b6f17446ffa43a69e3c8fe73e673b267398ed44cd5338c09c317.json,True,1,,,
biorxiv,https://api.biorxiv.org/pubs/medrxiv/10.1002/hsr2.72809,2026-07-29T20:24:41+00:00,200,9d4471ba53c1d4b67adca4c2e5d339372c2599f9fd75b8431e601ba782ddeed5,data/raw/scholarly_metadata/biorxiv/5b57652f52968cd2f7c50b8be78843bb5196334a5fb5a1adc852471f5d626b62.json,True,1,,,
biorxiv,https://api.biorxiv.org/pubs/biorxiv/10.1111/dom.16040,2026-07-29T20:20:30+00:00,200,2e504c0ac2a9ece8a8acf54b198ab229187937fd8dd9d4caf50162aa290d18d4,data/raw/scholarly_metadata/biorxiv/5baf42f092ccb36a5fc38033b0721c16c30a03b2cd2cde37c6f31f2411e94c0c.json,True,1,,,
biorxiv,https://api.biorxiv.org/pubs/biorxiv/10.1002/ueg2.70255,2026-07-29T20:23:42+00:00,200,2d6731e7a5eab1e8e676ae8f1a2ff1f6fb38b94f8896a47ffc9251a23e18bf51,data/raw/scholarly_metadata/biorxiv/5c669738b5476a41efe0e91060e40b67252c97004266ef69ce5acf1a43a0163f.json,True,1,,,
biorxiv,https://api.biorxiv.org/pubs/biorxiv/10.1371/journal.pmed.1005180,2026-07-29T20:25:05+00:00,200,40fbf2599d3f93e5e22dc9f6a5b516741794205f03d27733b6004df0bbf4bae6,data/raw/scholarly_metadata/biorxiv/5d0ddec880db56638d086653d72c920d194078b191b59152239c16f71b0d6088.json,True,1,,,
biorxiv,https://api.biorxiv.org/pubs/medrxiv/10.1136/openhrt-2026-004236,2026-07-29T20:27:20+00:00,200,e070db95d1cd06c389f49ac75ab0c2a0ea1025dbbd33de971be2bb9ce40469c0,data/raw/scholarly_metadata/biorxiv/5d751e5257c9e39600f5c49227697c5ee1e9f0954883100ce67dd521f38a130b.json,True,1,,,
biorxiv,https://api.biorxiv.org/pubs/medrxiv/10.3389/fendo.2026.1914586,2026-07-29T20:27:02+00:00,200,bd398e6dd7b99cb2e6c6a551316922dbad8f0a27bacfd363dfdb35ba9a2abdb9,data/raw/scholarly_metadata/biorxiv/5f1f832f43f1397219e6e74529641f3f2dd594435ea48d34d408304bd06740ee.json,True,1,,,
biorxiv,https://api.biorxiv.org/pubs/biorxiv/10.1161/jaha.124.037597,2026-07-29T20:22:05+00:00,200,e955551e20cc3356e7f1362e4dfb8a2cf3570d2d8108d43067702fbdda2559f1,data/raw/scholarly_metadata/biorxiv/5f58f3838575dedb209d8c42d7d89b5de546cb8849e4e01cb510a53875ca62ba.json,True,1,,,
biorxiv,https://api.biorxiv.org/pubs/biorxiv/10.1111/dom.16217,2026-07-29T20:20:47+00:00,200,b4bac8ef8f9ba201257b1dd9f121357b8fda38d1f4ce6ec49dd019c04ffa4ddd,data/raw/scholarly_metadata/biorxiv/5f93f737a9f3e57348633aed2de8da49cb17223be1ebac8591fc37f80e2c975e.json,True,1,,,
biorxiv,https://api.biorxiv.org/pubs/medrxiv/10.1016/j.ahjo.2025.100676,2026-07-29T20:21:53+00:00,200,99d54be14c7da507f5140681d92d66d2e3425f0c1cb6eeb672bf7a783cafcbd2,data/raw/scholarly_metadata/biorxiv/5ff9a70f3f394ea11e09a642fab5f6ef0e6139b108658780f67cb582135867b0.json,True,1,,,
biorxiv,https://api.biorxiv.org/pubs/medrxiv/10.1002/hsr2.72801,2026-07-29T20:24:53+00:00,200,1781ec4e8a54f060d4424857c22826014a69748e8a1477eaa49766e28ee456b4,data/raw/scholarly_metadata/biorxiv/6046dde2dea3656003e64e677f249eee8d143678146b8d9bb04f5f10d6a4fa9a.json,True,1,,,
biorxiv,https://api.biorxiv.org/pubs/biorxiv/10.2147/ijwh.s614197,2026-07-29T20:24:24+00:00,200,ab4f9e2d9875efcbdc30b166c270e25e713b3f4a52b843c492f059ce6189f496,data/raw/scholarly_metadata/biorxiv/61427631ed38a4513e82ea6518ed6438fb588f297739b352e6400456b9e5c0c2.json,True,1,,,
biorxiv,https://api.biorxiv.org/pubs/medrxiv/10.2196/80377,2026-07-29T20:23:46+00:00,200,6cfdec70a3831909c9b66fbe71b4ad32fea9476ab433eafb92dc11f72e26fd1e,data/raw/scholarly_metadata/biorxiv/61c8318ebbb55e1e2e46b3a2bb4bd8a939ef72b1b8631205df994f2d4bb3d987.json,True,1,,,
biorxiv,https://api.biorxiv.org/pubs/biorxiv/10.1136/bmjopen-2025-116166,2026-07-29T20:27:14+00:00,200,c20de93a6275fcfa93bb2cc1511a8a738afe2652e80d925314f7c9eb0a0d03e6,data/raw/scholarly_metadata/biorxiv/62b202f81d436d083266e2722efda3cc44dab9570f68b7791dff8167c5efe755.json,True,1,,,
biorxiv,https://api.biorxiv.org/pubs/medrxiv/10.1371/journal.pone.0353956,2026-07-29T20:25:25+00:00,200,a7897e2e0f229c1841fc0a4b090ace306d1a29c0bf57f6c94b265a48d6bd2123,data/raw/scholarly_metadata/biorxiv/641ba6a1c225e52697373e15c6cd604030011f5e4807bdfb9112595d29caa5d0.json,True,1,,,
biorxiv,https://api.biorxiv.org/pubs/biorxiv/10.1371/journal.pone.0354691,2026-07-29T20:26:33+00:00,200,eca2960e9b85bc5416fff4cfcb80d1a87a666f608f27998e96091f31afb06994,data/raw/scholarly_metadata/biorxiv/64544490e55cee90fb73c1ea92127d650208cd7446e89f15c066449a42faaf6a.json,True,1,,,
biorxiv,https://api.biorxiv.org/pubs/biorxiv/10.1093/esj/aakag086,2026-07-29T20:26:46+00:00,200,89ba287d3a71596a80dfe62d37df23c71cb46db3915b97b9c89c440bd02ce284,data/raw/scholarly_metadata/biorxiv/64b29464ec4bd5d7fe73c9b1d04cacd3f71d03db4bffb07abe60650408d776ff.json,True,1,,,
biorxiv,https://api.biorxiv.org/pubs/biorxiv/10.1007/s00392-025-02736-y,2026-07-29T20:22:16+00:00,200,683532defda3d526c875d1000020a3b05c56b92636396b9f51594d53ec464f92,data/raw/scholarly_metadata/biorxiv/65716e77c80750b5fec78f74ea7b3a60921f7ce0c26a27076fe7fbec01c9baff.json,True,1,,,
biorxiv,https://api.biorxiv.org/pubs/medrxiv/10.1016/j.jacadv.2026.102937,2026-07-29T20:26:47+00:00,200,db3fe3eceb9e6efce453750f8b6e70a1806a18bd5ed039348130fa8e3ae3ec60,data/raw/scholarly_metadata/biorxiv/65b1accf2a3ad531e565a0ab33791d88bd36cc1954f9ed6b8ecff5c5fad8422f.json,True,1,,,
biorxiv,https://api.biorxiv.org/pubs/biorxiv/10.1016/j.ijcrp.2026.200678,2026-07-29T20:25:18+00:00,200,ec5adc396f5387803e16f4918f62388855f28273a8936232959d2278d785291d,data/raw/scholarly_metadata/biorxiv/65cad162e948ca4e74738fa964f0c307be84b37dfd243cd707f16beccd81415c.json,True,1,,,
biorxiv,https://api.biorxiv.org/pubs/biorxiv/10.1016/j.jacadv.2025.101767,2026-07-29T20:21:06+00:00,200,c42a40e41f2e63e40a4d1905ec18b8eb23bd7aa87aa710cabca27b9f44bd3fb2,data/raw/scholarly_metadata/biorxiv/66f7ac6bf5f8041f4dbcc2230dea0394b40bb75c370dda3ccde2b002a9370b14.json,True,1,,,
biorxiv,https://api.biorxiv.org/pubs/medrxiv/10.1016/j.eclinm.2026.104043,2026-07-29T20:23:55+00:00,200,98d5de515d32c74af85413de8baaaade1dc30eee112add687bae603247210c3b,data/raw/scholarly_metadata/biorxiv/680412eb82a6bfa5933b7692bc3d3555ce8811ebf817b0cf1d939a94829e3dff.json,True,1,,,
biorxiv,https://api.biorxiv.org/pubs/medrxiv/10.2147/dmso.s624979,2026-07-29T20:24:05+00:00,200,fcdd42b0cf950668286a1e4ac39fcf9fc89fa5c626ffd0aa8093529109a3855b,data/raw/scholarly_metadata/biorxiv/68364becc58ea05b1f867a90f310d1e843f8bc17bc89d948ca39573d1f1b6e65.json,True,1,,,
biorxiv,https://api.biorxiv.org/pubs/medrxiv/10.1136/bmjopen-2024-092374,2026-07-29T20:21:12+00:00,200,058ed4b2712e5fc71ba56f48cb17e0bc5ef1e055892e9a1b9acacfdaf6d6ec06,data/raw/scholarly_metadata/biorxiv/687f7da67951553e4d9663c303dfc329953ce1cb4286858d91815ce544b9a632.json,True,1,,,
biorxiv,https://api.biorxiv.org/pubs/medrxiv/10.1161/jaha.125.040962,2026-07-29T20:21:40+00:00,200,fa579f559668ac0cb7ac6b9b6a299c646dc626c8714116d09730520801d18f69,data/raw/scholarly_metadata/biorxiv/6881a13da4fad8225dd3396737cd6c689a26103e88472bc3aa6fac40ebaa35e1.json,True,1,,,
biorxiv,https://api.biorxiv.org/pubs/medrxiv/10.3389/fnut.2026.1863689,2026-07-29T20:26:57+00:00,200,738eb7eafea4727993fa36c71d907e3a92af86d0896da8718417b02075acf13f,data/raw/scholarly_metadata/biorxiv/68eadb0503db7c0899e5f312686532bd130b998f05d9d1906c5a8f1483d9885f.json,True,1,,,
biorxiv,https://api.biorxiv.org/pubs/medrxiv/10.1016/j.gastha.2025.100806,2026-07-29T20:21:48+00:00,200,279d52e9c2bf7e06e7308b63cdfc3037b6e0642947888857913d52a8e7cff0f7,data/raw/scholarly_metadata/biorxiv/69a146ad119648672044e3212cf53a5c5760cd9bad15524d21050faf6c8598a4.json,True,1,,,
biorxiv,https://api.biorxiv.org/pubs/biorxiv/10.3389/fnut.2025.1650514,2026-07-29T20:21:44+00:00,200,942008bf4bccb8d3765de3cf75877295deedfcf16c322057ad196783a13dc27b,data/raw/scholarly_metadata/biorxiv/6aa352897279b020d49886ca03006c54dcbe98bf143fdefd049f77b1c1dde1b0.json,True,1,,,
biorxiv,https://api.biorxiv.org/pubs/medrxiv/10.1097/hc9.0000000000001013,2026-07-29T20:27:37+00:00,200,52db7d450b87170ed63dce6393159665bcc13d92299b397a180707b485bad5b7,data/raw/scholarly_metadata/biorxiv/6dd5a95f02e18cff9d8fb0c1fd756aeed409d7e838f39ff2d6f8208ff65e9f71.json,True,1,,,
biorxiv,https://api.biorxiv.org/pubs/medrxiv/10.1371/journal.pone.0351075,2026-07-29T20:23:33+00:00,200,2e369716148aea18091e5d76e51232c953fb86bb9e0152dcfe540cb0a3c01916,data/raw/scholarly_metadata/biorxiv/6e9169699f9e1fda745eb5330c7495263b0900f96bb1206d46016e060bbd0a02.json,True,1,,,
biorxiv,https://api.biorxiv.org/pubs/biorxiv/10.3389/fnut.2026.1877513,2026-07-29T20:26:56+00:00,200,831a9f642a36c9dedf332b68514b1184f39f223509654ccd5db3cd65f1cc9c87,data/raw/scholarly_metadata/biorxiv/6ed3692d0b3c764de0199b01945b6b5e9598c67ee4dd2bb4dd1f6e8bca0d2025.json,True,1,,,
biorxiv,https://api.biorxiv.org/pubs/biorxiv/10.1186/s12933-026-03208-x,2026-07-29T20:23:05+00:00,200,3499dd338843eea5ac2bd9b935af1902f6af5f25d68bff1690088aa4abc0ad66,data/raw/scholarly_metadata/biorxiv/70b40acc6915cbb9913ec4046d3c6d32bb9ecfb07a37633a5abae0dd8a522636.json,True,1,,,
biorxiv,https://api.biorxiv.org/pubs/biorxiv/10.7189/jogh.14.04176,2026-07-29T20:20:25+00:00,200,556c6b4d9661772ef8d5c535737ea8ca897e475ba9dc453e7dac4332a449b1df,data/raw/scholarly_metadata/biorxiv/70b62548b1d8419f1e77304ae1587a9ca937a963536f606d5e7eaac583e41444.json,True,1,,,
biorxiv,https://api.biorxiv.org/pubs/medrxiv/10.1080/0886022x.2026.2697379,2026-07-29T20:24:43+00:00,200,078e60d0eff8043fb5ce86b78ca27cbab7a7f4c4bc48a14a02490bb4016c8c48,data/raw/scholarly_metadata/biorxiv/70f13bf8ee4c59050bc3a4497fa2158f923d9b62b3c4b3c6948b422f318b0435.json,True,1,,,
biorxiv,https://api.biorxiv.org/pubs/medrxiv/10.1371/journal.pone.0354691,2026-07-29T20:26:32+00:00,200,eca2960e9b85bc5416fff4cfcb80d1a87a666f608f27998e96091f31afb06994,data/raw/scholarly_metadata/biorxiv/7184c0b9a8df649a77c96f44899a21ee151d64585e4d926e2eecd468fc71e8f9.json,True,1,,,
biorxiv,https://api.biorxiv.org/pubs/biorxiv/10.1097/md.0000000000049760,2026-07-29T20:25:39+00:00,200,ad78dc2fcb2a8de18cfcfc997fcdf1f1668745b76681051dd0c8f7b0846b7f32,data/raw/scholarly_metadata/biorxiv/7280f6ff6d0e6edc50c9e9f53b23f6287418ed01b6766295047650aedb8f0042.json,True,1,,,
biorxiv,https://api.biorxiv.org/pubs/medrxiv/10.1002/fsn3.72109,2026-07-29T20:24:12+00:00,200,9bbb8b211c3c35c905adecb19fc30cc899777b837577c2229c920932426cbd79,data/raw/scholarly_metadata/biorxiv/73e3dc5e2ecb0b0d67c65b1ad5630bfed6c9b4aaad352d03d98d7a7f66e01ca6.json,True,1,,,
biorxiv,https://api.biorxiv.org/pubs/biorxiv/10.3346/jkms.2026.41.e161,2026-07-29T20:25:58+00:00,200,aacc75fb309f42c834b75f1b8fbbe344ee9fd2f2bbde0a158e600c5dda12ade4,data/raw/scholarly_metadata/biorxiv/755d35e4906c8ecb976095e663561d1a11114be18d6478da74793507354910c6.json,True,1,,,
biorxiv,https://api.biorxiv.org/pubs/biorxiv/10.1016/j.gastha.2025.100806,2026-07-29T20:21:49+00:00,200,279d52e9c2bf7e06e7308b63cdfc3037b6e0642947888857913d52a8e7cff0f7,data/raw/scholarly_metadata/biorxiv/7576488701ef9235ea9345fd364d22611b4beb52124172c5bb7bd8b98b16e9fc.json,True,1,,,
biorxiv,https://api.biorxiv.org/pubs/biorxiv/10.3389/fnut.2026.1863689,2026-07-29T20:26:58+00:00,200,738eb7eafea4727993fa36c71d907e3a92af86d0896da8718417b02075acf13f,data/raw/scholarly_metadata/biorxiv/75e86c9013e56a753250048eaf9920c56583c94e8e644dac49404cbb2ee404eb.json,True,1,,,
biorxiv,https://api.biorxiv.org/pubs/biorxiv/10.3389/fendo.2026.1844215,2026-07-29T20:25:49+00:00,200,79b16f2f46e2719b53156188b28ca1a039820428d4578d7e5a4a31cf2888669c,data/raw/scholarly_metadata/biorxiv/78707bdab5846778c9a3e112f2c6a3703ec2cd5fda87231fa898ea77f7b451cf.json,True,1,,,
biorxiv,https://api.biorxiv.org/pubs/medrxiv/10.1016/j.jnha.2025.100754,2026-07-29T20:22:09+00:00,200,483532b1682c05c13bdb591293aae7fd55cef71f2ee4637057c08e5ecb0972e2,data/raw/scholarly_metadata/biorxiv/78d8028b4ddaa8c3c128816dbe2f9a38c57a4d1354ff8265d9dbde0867970d3e.json,True,1,,,
biorxiv,https://api.biorxiv.org/pubs/biorxiv/10.3389/fmed.2026.1899226,2026-07-29T20:26:38+00:00,200,67bb5218ea70dd8fc44add0018ba15dcccbbd3ed951e4c1c9c2f2a7ef886ea33,data/raw/scholarly_metadata/biorxiv/79635c7a0a64637c40292316f3a25e6fc8393fa583c718271f594f199b396176.json,True,1,,,
biorxiv,https://api.biorxiv.org/pubs/medrxiv/10.1136/bmjno-2025-001538,2026-07-29T20:22:59+00:00,200,dc6ad0fb2a0bc2c81d051d020b5ea8d9aac6ff4f9f6b1b75faed990329f4b2aa,data/raw/scholarly_metadata/biorxiv/79864abffd6ddfdd7d8a099808fd0d518f8e9129124b6a26b95eaca216787d98.json,True,1,,,
biorxiv,https://api.biorxiv.org/pubs/biorxiv/10.1371/journal.pone.0353160,2026-07-29T20:23:44+00:00,200,20717035f6c5117f365e1693a415f3b805315cc86681185ba2abc2262cf3b572,data/raw/scholarly_metadata/biorxiv/79967f221250b67d30c550429c9948a34b3f6a10988bde5d1582fb3b6f95ec34.json,True,1,,,
biorxiv,https://api.biorxiv.org/pubs/medrxiv/10.2147/dddt.s615968,2026-07-29T20:25:53+00:00,200,402ee0b550cfb233503b9d22ba315eef179dff0f4734f183d3ea30e53800f230,data/raw/scholarly_metadata/biorxiv/7c3d3d3a8f7c03298d7e27aedbd290796e01ad6a0f748f340054744e2d5dfbb9.json,True,1,,,
biorxiv,https://api.biorxiv.org/pubs/biorxiv/10.1016/j.lanepe.2026.101612,2026-07-29T20:22:22+00:00,200,b34d161d717c57a130583676588d4b84aa3c79478abbf9f219b5e78ac9b3de9a,data/raw/scholarly_metadata/biorxiv/7cc9896f2292c6859f9a2cab075bec1397e748d3f72365c044ad85d4d55e4f2b.json,True,1,,,
biorxiv,https://api.biorxiv.org/pubs/medrxiv/10.3389/fcvm.2026.1832873,2026-07-29T20:26:02+00:00,200,107dab41e93ac86c0bb53a43a04b8b34d1808243be3ffdcbbe42357edfd8c820,data/raw/scholarly_metadata/biorxiv/7d1131fbd8d639b635e63e444e38f9d5121e9531219619121ae9a5a79d744461.json,True,1,,,
biorxiv,https://api.biorxiv.org/pubs/biorxiv/10.1016/j.ijcha.2026.101977,2026-07-29T20:26:23+00:00,200,ddc4ec2954ea1a917ca05fd1dd56415b1da75e284c89e3e9c137db235de7a338,data/raw/scholarly_metadata/biorxiv/7e35659e87306c209e4605a5b4f421698b5c0169d85cc6deb58cf744aacbe005.json,True,1,,,
biorxiv,https://api.biorxiv.org/pubs/medrxiv/10.3390/jcm15145671,2026-07-29T20:27:44+00:00,200,250daef102af48a34b3cd79d78baddf5ea228e9d33a4bd5925e4349079e7e669,data/raw/scholarly_metadata/biorxiv/7e42c80e64c6219122ac6db046161c4c76aabcf534f142c6e57927f87033afad.json,True,1,,,
biorxiv,https://api.biorxiv.org/pubs/medrxiv/10.1590/2175-8239-jbn-2025-0241en,2026-07-29T20:22:28+00:00,200,6212a6f70036287e687975b03dd73a07a1579bbb662fd64b1925300ce92b4c59,data/raw/scholarly_metadata/biorxiv/7e66727ea567f5b25e294410256b6a9cff66c5e06e8299801c40421df389ef75.json,True,1,,,
biorxiv,https://api.biorxiv.org/pubs/medrxiv/10.1111/ggi.70627,2026-07-29T20:22:52+00:00,200,73a5ecd06c39aabe568582ad56b4db76614d3ce9ee0d8d71b602f294a173ceb5,data/raw/scholarly_metadata/biorxiv/806a866eebae21ebfb5298c00ca774c30bd7bb8bfef92ce5976976e85d556755.json,True,1,,,
biorxiv,https://api.biorxiv.org/pubs/biorxiv/10.1093/oncolo/oyag268,2026-07-29T20:26:31+00:00,200,21d3c73bd3a1b45ce924bd0f8f98232894e152b268909c61b1dba287b7124967,data/raw/scholarly_metadata/biorxiv/8090c42c3d0bbdd8b85cae145efb9f23d70427aee58c7c7f048b03bbb491578c.json,True,1,,,
biorxiv,https://api.biorxiv.org/pubs/medrxiv/10.1186/s12933-026-03208-x,2026-07-29T20:23:04+00:00,200,3499dd338843eea5ac2bd9b935af1902f6af5f25d68bff1690088aa4abc0ad66,data/raw/scholarly_metadata/biorxiv/81417a75543803afe89eef02e6108ed28ccad2f5a8b10637209811fd9527d17a.json,True,1,,,
biorxiv,https://api.biorxiv.org/pubs/medrxiv/10.3389/fpubh.2026.1889187,2026-07-29T20:25:50+00:00,200,cb4d80d162dbf2bc22feab5043b40008e474713d640e4e402252d62507fdc289,data/raw/scholarly_metadata/biorxiv/814e2544d3a5d16553e5a4379162a78876d9d6f5e90e6fdd18affbf3f5b924e5.json,True,1,,,
biorxiv,https://api.biorxiv.org/pubs/medrxiv/10.1111/dme.15516,2026-07-29T20:20:54+00:00,200,c4881198e3cf0424d0bf6718776467bffe19f4296deddc4a39d4067ee57067b8,data/raw/scholarly_metadata/biorxiv/8219e63e12784ebf5e7e15cc56e84a6d45157729fe14690f62f73aa3a974e690.json,True,1,,,
biorxiv,https://api.biorxiv.org/pubs/biorxiv/10.1016/j.jacadv.2025.101864,2026-07-29T20:21:31+00:00,200,1dad474c192d6b4113cb92c0911a0fad5747c06ab032360673b056e161fbd4d4,data/raw/scholarly_metadata/biorxiv/83e3864f06ca44fcc4ff9d5170929f7c6db78f03a4c74c734cb0589d6967b681.json,True,1,,,
biorxiv,https://api.biorxiv.org/pubs/biorxiv/10.3389/fcvm.2026.1832873,2026-07-29T20:26:03+00:00,200,107dab41e93ac86c0bb53a43a04b8b34d1808243be3ffdcbbe42357edfd8c820,data/raw/scholarly_metadata/biorxiv/852e2294b28030a58914a36cfbd8431432db19f80a815b6702b56821be056757.json,True,1,,,
biorxiv,https://api.biorxiv.org/pubs/biorxiv/10.1016/j.eclinm.2026.104071,2026-07-29T20:25:23+00:00,200,18a1826bf82d4f7fb793b3ad9147d2c16527215754be0f6fc3952a2c31039847,data/raw/scholarly_metadata/biorxiv/85ab78b793c2e864f028a6de72d8c0ad2b27b8a2de1e7185d3eadb73c1d175f2.json,True,1,,,
biorxiv,https://api.biorxiv.org/pubs/medrxiv/10.1136/bmjopen-2026-116572,2026-07-29T20:23:26+00:00,200,35e7daf75bdd283cc02d68f86c05f7e8fc4a5f33a6557d2a30d3f31c3b7ae163,data/raw/scholarly_metadata/biorxiv/85db762afc3fbf7e60baf38be934afb198b64664175dfde8bb99b57a292030ba.json,True,1,,,
biorxiv,https://api.biorxiv.org/pubs/medrxiv/10.20945/2359-4292-2026-0076,2026-07-29T20:26:43+00:00,200,e9bf64b354c9d773ceddd65909343e6cb0506bbde18a06286ab46ce74d509922,data/raw/scholarly_metadata/biorxiv/86244ac1f0d77f346a4671c300d23d8356acd83a9498a2bf55f7c467a3f26ea3.json,True,1,,,
biorxiv,https://api.biorxiv.org/pubs/medrxiv/10.1371/journal.pone.0353388,2026-07-29T20:25:01+00:00,200,ac70c79cb492f3f43d7eb12261ff763f3d8a07bf8c7533f9940082de7bcf3120,data/raw/scholarly_metadata/biorxiv/88bc261add6ce714ac8fca108927f04c8ea7ffc592e9c35aa05b46b6aea1e67a.json,True,1,,,
biorxiv,https://api.biorxiv.org/pubs/biorxiv/10.1136/openhrt-2026-004236,2026-07-29T20:27:21+00:00,200,e070db95d1cd06c389f49ac75ab0c2a0ea1025dbbd33de971be2bb9ce40469c0,data/raw/scholarly_metadata/biorxiv/8923f7eee371fa2e93e3d067541bb1a8fdcf54dbe2d61775846c61651c7a5687.json,True,1,,,
biorxiv,https://api.biorxiv.org/pubs/medrxiv/10.4239/wjd.v16.i6.105080,2026-07-29T20:21:10+00:00,200,465b49e77e62f185995b9f6ec0f71026cc0a9e66035b0257e38b83a35ff353c4,data/raw/scholarly_metadata/biorxiv/8932158371edd9ffbcf91e6b90a874cc598e09f56c4a6f3e9995521874fe03c1.json,True,1,,,
biorxiv,https://api.biorxiv.org/pubs/medrxiv/10.1093/jrr/rrag036,2026-07-29T20:26:50+00:00,200,d2125bc120a73a25c3dc4de4d8f538df3c15e0948f79b43f354ffb9a980ed4c4,data/raw/scholarly_metadata/biorxiv/8afd4810c077bf72d500e2df1db947e93aa1cef6a4fe53d3d2c1d39ab8cecf3f.json,True,1,,,
biorxiv,https://api.biorxiv.org/pubs/medrxiv/10.3389/fnins.2026.1818367,2026-07-29T20:26:00+00:00,200,71e0c53ff269d37cceb1b75a10a709473c1150af81855419a478570773c4a762,data/raw/scholarly_metadata/biorxiv/8b22faf16a06b13b605da41219a6fc7434bfe57e7aadff32089374c200c3c51f.json,True,1,,,
biorxiv,https://api.biorxiv.org/pubs/biorxiv/10.1136/bmjopen-2024-092374,2026-07-29T20:21:13+00:00,200,058ed4b2712e5fc71ba56f48cb17e0bc5ef1e055892e9a1b9acacfdaf6d6ec06,data/raw/scholarly_metadata/biorxiv/8b299691a8c57624b5c0a6fc9095916d54627fcfb71c4df2b5302918cfa6f1e9.json,True,1,,,
biorxiv,https://api.biorxiv.org/pubs/biorxiv/10.1093/jrr/rrag036,2026-07-29T20:26:51+00:00,200,d2125bc120a73a25c3dc4de4d8f538df3c15e0948f79b43f354ffb9a980ed4c4,data/raw/scholarly_metadata/biorxiv/8b2f8429d48d4cb3c0e6968d0d1af4a9fc3a970d3295b4f7d4599f07207f1771.json,True,1,,,
biorxiv,https://api.biorxiv.org/pubs/medrxiv/10.2147/jhc.s611091,2026-07-29T20:24:21+00:00,200,eec22d493d0458139529220c8c05232ea0a778941828f9a845cbe0f7e974643a,data/raw/scholarly_metadata/biorxiv/8cd417f62604143ea09256273084043cc29721d0c7ea8e7ede75c2c5db65236c.json,True,1,,,
biorxiv,https://api.biorxiv.org/pubs/medrxiv/10.6026/973206300213000,2026-07-29T20:22:01+00:00,200,5cef6585d049a4906f789d0aa0e340a650d9d723b365df655a45a0c1ce9505e0,data/raw/scholarly_metadata/biorxiv/8ea0f22a9dbae6e1ec4a68329ae8f14ee5f34a594a582f54cd1285bd022d39c5.json,True,1,,,
biorxiv,https://api.biorxiv.org/pubs/medrxiv/10.1097/md.0000000000049713,2026-07-29T20:25:33+00:00,200,6357861e30ea3135d7fce6a39ecb2a496bfce3446801cdd4a7b16fab02b88da9,data/raw/scholarly_metadata/biorxiv/8f9e08d2a000c83a41231c1630a99cf6df3cb2d93342fb79b89c0b348f05c450.json,True,1,,,
biorxiv,https://api.biorxiv.org/pubs/biorxiv/10.1136/bmjno-2025-001538,2026-07-29T20:23:00+00:00,200,dc6ad0fb2a0bc2c81d051d020b5ea8d9aac6ff4f9f6b1b75faed990329f4b2aa,data/raw/scholarly_metadata/biorxiv/8fb5b85f9af23ab3db4a4a38dedaec7d08b7a09092c840fdc88864e017b24343.json,True,1,,,
biorxiv,https://api.biorxiv.org/pubs/medrxiv/10.1016/j.eclinm.2026.104061,2026-07-29T20:25:15+00:00,200,a2a67f6ae287aca9d92cb4757c9d3131ccb67890f45793fa081f0cf5526f7929,data/raw/scholarly_metadata/biorxiv/900a977c99fc5b8829ce9c539f78c7e64c7377d0f620f87d51fa10ac258edfc2.json,True,1,,,
biorxiv,https://api.biorxiv.org/pubs/biorxiv/10.1016/j.lanepe.2025.101428,2026-07-29T20:21:26+00:00,200,796159dfc14f038826562eb3e3eb6edcf847692a168e14b14e035ab9c01a0316,data/raw/scholarly_metadata/biorxiv/90ab09c7cbb06965bccb578fb389b7d19f23267fab465912731bdab531f0dd40.json,True,1,,,
biorxiv,https://api.biorxiv.org/pubs/biorxiv/10.2147/dddt.s615968,2026-07-29T20:25:54+00:00,200,402ee0b550cfb233503b9d22ba315eef179dff0f4734f183d3ea30e53800f230,data/raw/scholarly_metadata/biorxiv/90dde9cbe9a87ea4ea4cf67379e9205e3fee3b237952a89b582f8278696aa534.json,True,1,,,
biorxiv,https://api.biorxiv.org/pubs/medrxiv/10.11613/bm.2025.030502,2026-07-29T20:21:17+00:00,200,451d4692f68544dc6cebdcdd6abed645dd7f4ded3f8c4ff0c53d015b1f16b867,data/raw/scholarly_metadata/biorxiv/9159ef5798223b48fac9b42b416b9e00a6463b32161f5775247e319f748c728f.json,True,1,,,
biorxiv,https://api.biorxiv.org/pubs/medrxiv/10.3389/fpubh.2025.1436520,2026-07-29T20:20:38+00:00,200,548f7db283a5dad223f6ab8d3db17b03e2fad48712fc9fa9d60db3aae7178f47,data/raw/scholarly_metadata/biorxiv/9196a52a549cdefe05d8159c89426144716991bfb519d3972b265bcf18fbb7be.json,True,1,,,
biorxiv,https://api.biorxiv.org/pubs/biorxiv/10.1002/acn3.70473,2026-07-29T20:26:28+00:00,200,4772630875f96986dfe2c283f7ca1de986b62fc3e26e5537c2c8ab1bee860de9,data/raw/scholarly_metadata/biorxiv/91d7bb20718c3ee4de813899fe3882a66143cb76fe243e44e58769ef51c7148c.json,True,1,,,
biorxiv,https://api.biorxiv.org/pubs/biorxiv/10.3390/jcm15145695,2026-07-29T20:27:43+00:00,200,a714d10e0237d5c52a676bf3e1be8bde5c1bb8fb4c471a79ed30c0289b0b6a0b,data/raw/scholarly_metadata/biorxiv/91f1e523fd732bf3a4c01f8b86f6bb3b08fdb701e8cbc98e9914b3773dee765c.json,True,1,,,
biorxiv,https://api.biorxiv.org/pubs/biorxiv/10.1371/journal.pone.0354433,2026-07-29T20:26:16+00:00,200,6e8305b0c4a7f97f25b0daee4ee0eec47cf9636ae652553264cf0f729aee19f9,data/raw/scholarly_metadata/biorxiv/9295f1b868c4fd3cf16d7020539b4dd55ce587230ffdc3316f205424763da78d.json,True,1,,,
biorxiv,https://api.biorxiv.org/pubs/biorxiv/10.2196/91051,2026-07-29T20:23:19+00:00,200,6baea8ca9805b0e13a5f0a2b3fed741beb503de36336c7c3c78d71346a8df7ce,data/raw/scholarly_metadata/biorxiv/938ae16a40f91c6db1ad0495b3b72e68b438ed9da8769345300c11d0d5c1ac67.json,True,1,,,
biorxiv,https://api.biorxiv.org/pubs/biorxiv/10.1007/s00431-026-07214-9,2026-07-29T20:25:00+00:00,200,1316455c8816fb7b94cae05434ea772812343ba9298a41f22a86ab723c94d935,data/raw/scholarly_metadata/biorxiv/954672db9ad8a8c4d1847a5635afadc86a16a2d17d6b02065bd8f3682ec3546e.json,True,1,,,
biorxiv,https://api.biorxiv.org/pubs/biorxiv/10.1136/bmjopen-2025-113148,2026-07-29T20:23:29+00:00,200,bd0fb90599dcc3e0259ddac9d805d532eeaf46223a7639cd0bdefe30cd899337,data/raw/scholarly_metadata/biorxiv/95d75ecb7e2fc21fecca8045b47608e4c44cf46fb8d0efe86525a33bea897d87.json,True,1,,,
biorxiv,https://api.biorxiv.org/pubs/biorxiv/10.1097/jcma.0000000000000835,2026-07-29T20:22:08+00:00,200,3ceb8f30fdf4f5af7b35d0c1288e3a9683ae91535f98c2cc7a6d1f2c0c132ffd,data/raw/scholarly_metadata/biorxiv/96e7455a5b7e21410f534eb9f13b4c578e3b3123edace83ca423b25b52872727.json,True,1,,,
biorxiv,https://api.biorxiv.org/pubs/biorxiv/10.1186/s12967-026-07850-7,2026-07-29T20:22:26+00:00,200,73efc5c59470274d5442d11de51aa048dcc95f19c2da3e064663842bb00a7e4e,data/raw/scholarly_metadata/biorxiv/9772acce6cfacf4869867697ccbb7fe7800184f847a3a90ba5922ae060d5eebf.json,True,1,,,
biorxiv,https://api.biorxiv.org/pubs/biorxiv/10.7189/jogh.16.04204,2026-07-29T20:22:56+00:00,200,c26e411e599bda97b8347e3ebfde7e1fac3b3ccaa3906b0b75a53d30937640ae,data/raw/scholarly_metadata/biorxiv/98cd9979f9dc868e034400b957bcfd288c8ac6e45dff53ea1f737415f9b6ac79.json,True,1,,,
biorxiv,https://api.biorxiv.org/pubs/medrxiv/10.3390/healthcare14142043,2026-07-29T20:27:30+00:00,200,07eecbab205df4f8e0d46f778066d155b4ff4552174c84810b53de8bfebbad26,data/raw/scholarly_metadata/biorxiv/9919842dc1108ded9a5687a2a414ceeba19bc902cf82ae6ab0e498d4412851d2.json,True,1,,,
biorxiv,https://api.biorxiv.org/pubs/biorxiv/10.1093/ckj/sfae401,2026-07-29T20:20:37+00:00,200,1cc6fb8504b3f818610a799ec473ff367d0d9d98ca1d2c899ce3268e69e0c321,data/raw/scholarly_metadata/biorxiv/994a6a48569e47986596460a51a033f63ca734e462bf96711931a40b8d26899c.json,True,1,,,
biorxiv,https://api.biorxiv.org/pubs/medrxiv/10.3389/fendo.2026.1857196,2026-07-29T20:27:10+00:00,200,c971324ac6083d578ff2675eab65590a26a44c555bb144cd7f6a5f57faaad7e4,data/raw/scholarly_metadata/biorxiv/99621ebe2256159138cd79bacfb7ecca7ea6cdbfae76f69f11ae0094450171e7.json,True,1,,,
biorxiv,https://api.biorxiv.org/pubs/medrxiv/10.1161/jaha.124.037597,2026-07-29T20:22:04+00:00,200,e955551e20cc3356e7f1362e4dfb8a2cf3570d2d8108d43067702fbdda2559f1,data/raw/scholarly_metadata/biorxiv/99b9af266fb926734a6d607ed396a52b24f8b9d448f9560bf3883ccd737b7a00.json,True,1,,,
biorxiv,https://api.biorxiv.org/pubs/biorxiv/10.3390/healthcare14142043,2026-07-29T20:27:31+00:00,200,07eecbab205df4f8e0d46f778066d155b4ff4552174c84810b53de8bfebbad26,data/raw/scholarly_metadata/biorxiv/99c9f12cac0060632ec4c912c7d03042b350a4ffa6d1fb6c08b9762722ddf851.json,True,1,,,
biorxiv,https://api.biorxiv.org/pubs/biorxiv/10.1186/s12933-026-03279-w,2026-07-29T20:26:21+00:00,200,bdb22410e392419d32f1ef97e94c42f09473689ffdf21a1b00e0b9b29b1b3266,data/raw/scholarly_metadata/biorxiv/9b5ce2e43e69052ff2292ca00eb6e981e4669154aa5c1c320bb9f25fc672e35f.json,True,1,,,
biorxiv,https://api.biorxiv.org/pubs/biorxiv/10.1002/brb3.71578,2026-07-29T20:23:39+00:00,200,ed67f1c2a4f7dbba95fb5404fffda3b9b81e912e15f61b27338fa1d31a64035a,data/raw/scholarly_metadata/biorxiv/9d34ab4644344b21fe1bf4dacaa685fc47dd674907904591847d50185d9b3d6f.json,True,1,,,
biorxiv,https://api.biorxiv.org/pubs/medrxiv/10.1136/bmjopen-2025-113148,2026-07-29T20:23:28+00:00,200,bd0fb90599dcc3e0259ddac9d805d532eeaf46223a7639cd0bdefe30cd899337,data/raw/scholarly_metadata/biorxiv/9d4d4e07670b4702c5085573aeeeb3bd0ccc205199cb3f9b9e73f84983274884.json,True,1,,,
biorxiv,https://api.biorxiv.org/pubs/medrxiv/10.1093/ehjcvp/pvag031,2026-07-29T20:24:46+00:00,200,0555675e36fb50adcd9311d1399637c57aa976bd1a8ddd8bd6a9e78be1280825,data/raw/scholarly_metadata/biorxiv/9ea66defc82856bca881b163b2d7f5e02a66836ae7f704091407056680468dbe.json,True,1,,,
biorxiv,https://api.biorxiv.org/pubs/medrxiv/10.3904/kjim.2025.082,2026-07-29T20:21:50+00:00,200,4263360b2d06afb7887a91128b37863f00fe92b96149bef8919c96184613f62a,data/raw/scholarly_metadata/biorxiv/a01a92b26a346d67238510cc93169a878e4039e2395add6a2be21e783fcd9c48.json,True,1,,,
biorxiv,https://api.biorxiv.org/pubs/biorxiv/10.3389/fnut.2025.1657587,2026-07-29T20:21:36+00:00,200,da7f40894ae1570f271fc1bc7ca8385e7ec68415a630ebc584e8a714eb9dfde1,data/raw/scholarly_metadata/biorxiv/a09cc07aeca5ea088e07ceceee1408dc46c35475c705467a9b43388ca30f6f0f.json,True,1,,,
biorxiv,https://api.biorxiv.org/pubs/medrxiv/10.1186/s12967-026-07850-7,2026-07-29T20:22:25+00:00,200,73efc5c59470274d5442d11de51aa048dcc95f19c2da3e064663842bb00a7e4e,data/raw/scholarly_metadata/biorxiv/a1b70234e484da4bebe131977a2401cd8d859527c2c52d366998db08974bf209.json,True,1,,,
biorxiv,https://api.biorxiv.org/pubs/biorxiv/10.1097/md.0000000000049742,2026-07-29T20:24:34+00:00,200,87154bddaaaa6eb72d087ecfe9f818091d2789a2e641d9b2b5876eae3d2464bf,data/raw/scholarly_metadata/biorxiv/a1beac9cd376cd7832efec8c6c4083083b7a9e606c4923e80a56d88296cf1612.json,True,1,,,
biorxiv,https://api.biorxiv.org/pubs/medrxiv/10.1177/03000605261467013,2026-07-29T20:25:10+00:00,200,4d82d6480d82fdc31f4909bc0df41a422e507ccab4ce8302d6c7d3f0cbf98842,data/raw/scholarly_metadata/biorxiv/a2c22f19dbcb97538737b6d08aeb6f3519c1ebb49a1360ef86ab4ae46621bc26.json,True,1,,,
biorxiv,https://api.biorxiv.org/pubs/medrxiv/10.5853/jos.2025.05295,2026-07-29T20:22:30+00:00,200,226a27ee5dacb22b4cdc83f5d46b6a670f950b165c064beda615f2a6cb698166,data/raw/scholarly_metadata/biorxiv/a3991e875d12abeea89020ad83153201fe2a5107f9e7ca854d8b3a35a9e71ead.json,True,1,,,
biorxiv,https://api.biorxiv.org/pubs/biorxiv/10.1097/md.0000000000049321,2026-07-29T20:23:12+00:00,200,8e0794105f42024f94cfaddd3091381a9dd20e3bbfec1720bc9aec5820cf2d6a,data/raw/scholarly_metadata/biorxiv/a427e5a774055e44cb8d70069115d8e82ea893a0745625d6f680eecd1653ec32.json,True,1,,,
biorxiv,https://api.biorxiv.org/pubs/biorxiv/10.2196/80377,2026-07-29T20:23:47+00:00,200,6cfdec70a3831909c9b66fbe71b4ad32fea9476ab433eafb92dc11f72e26fd1e,data/raw/scholarly_metadata/biorxiv/a48012cbc90250291e7684b4ecb64d13eaf9bec218a61068effbd6deb5fc02fa.json,True,1,,,
biorxiv,https://api.biorxiv.org/pubs/medrxiv/10.1371/journal.pone.0353113,2026-07-29T20:22:35+00:00,200,438a51ad01b77305fd311a14da6933538f2b3368a17f7459b072b96701c3b5e2,data/raw/scholarly_metadata/biorxiv/a58523a5e464a8a4f76fa3830a9d0b23823db59b6772c6a9a719c6c8c969875a.json,True,1,,,
biorxiv,https://api.biorxiv.org/pubs/medrxiv/10.3390/diagnostics16132113,2026-07-29T20:24:14+00:00,200,4dd12f71e289e2c0fd7a4f989a369d28cd9f3b154ee38843a00a48202c5e3c60,data/raw/scholarly_metadata/biorxiv/a5a0ec5a254c89a258d755e3086d84a1fa1e3b4f033df3392fd778ff94fb5c2a.json,True,1,,,
biorxiv,https://api.biorxiv.org/pubs/biorxiv/10.1093/eurheartj/ehaf677,2026-07-29T20:23:14+00:00,200,acb64211192422586fa31ed8b0c3e0f349f59a5f6ad5047b8e298ec07aeace8b,data/raw/scholarly_metadata/biorxiv/a767f3cd649a2500fd08cfb5c192d7ef046ba0041a886d46ab368aa7653e983a.json,True,1,,,
biorxiv,https://api.biorxiv.org/pubs/biorxiv/10.2147/oaem.s616665,2026-07-29T20:24:50+00:00,200,8b894dc1a4863aea1598ca27501ac99461b0b228dc9219b06dc0e862236ae032,data/raw/scholarly_metadata/biorxiv/a76c8237ab9ff55a965b455be3f3c4097a9a94f02b098b496fe9867b5dc756cd.json,True,1,,,
biorxiv,https://api.biorxiv.org/pubs/biorxiv/10.3389/fendo.2026.1873073,2026-07-29T20:24:57+00:00,200,6ebbc14aacadf7bd7424b1a7c1c1ba690540ab705b68d80d770f634e5726e461,data/raw/scholarly_metadata/biorxiv/a85b7cc297ec72d4464c3f75f98067bf94db4f8ba71c79027f3edf25ef7f0924.json,True,1,,,
biorxiv,https://api.biorxiv.org/pubs/biorxiv/10.3390/jcm15145453,2026-07-29T20:27:33+00:00,200,f9f3590dd3dc0a0bd0c5e7098ee80075d35ea334742ccedf9d0071dbcf7aed05,data/raw/scholarly_metadata/biorxiv/a8ddb6fec3258395f96b554c8b1ff0c9c1b03662ca2a4d39a3eb56de86952e42.json,True,1,,,
biorxiv,https://api.biorxiv.org/pubs/medrxiv/10.1093/cid/ciag261,2026-07-29T20:23:21+00:00,200,b3413b74789d68e5f29249d3232d652915a806fff66da4a7b0a14c4450e55e26,data/raw/scholarly_metadata/biorxiv/a992796e7352df77d68955fce7669889fb52ab0e38bd90f3c54a5e8dadaaf6ae.json,True,1,,,
biorxiv,https://api.biorxiv.org/pubs/biorxiv/10.1136/bmjph-2025-003402,2026-07-29T20:22:18+00:00,200,a607f1e99db1c62efcdfb89fa94668942560c78109cfeee436b091e4ade045a3,data/raw/scholarly_metadata/biorxiv/aa68e2d6a3edb27ff28cda6b1c5b7b837a808f6e07d56913501d04e334aff252.json,True,1,,,
biorxiv,https://api.biorxiv.org/pubs/biorxiv/10.4239/wjd.v16.i6.105080,2026-07-29T20:21:11+00:00,200,465b49e77e62f185995b9f6ec0f71026cc0a9e66035b0257e38b83a35ff353c4,data/raw/scholarly_metadata/biorxiv/aa77649980fdd0db8b1c5fd9caaa1f7bfdeefb9dd549e8b0cec767f3329c82b9.json,True,1,,,
biorxiv,https://api.biorxiv.org/pubs/medrxiv/10.3390/healthcare14142221,2026-07-29T20:27:34+00:00,200,74229733a70403b1a42b3981a2bcb48e585a0d266cfd8e1942fc4018645381c0,data/raw/scholarly_metadata/biorxiv/aadb46e938f1f6e310db24c5591b1f22c89a98f237fe3730b47a4338596e747c.json,True,1,,,
biorxiv,https://api.biorxiv.org/pubs/medrxiv/10.3389/fmed.2026.1899226,2026-07-29T20:26:37+00:00,200,67bb5218ea70dd8fc44add0018ba15dcccbbd3ed951e4c1c9c2f2a7ef886ea33,data/raw/scholarly_metadata/biorxiv/ab8773b78740ddc731d18cb420e5d8472772d13e9a4b2c40acb35acb675ce346.json,True,1,,,
biorxiv,https://api.biorxiv.org/pubs/biorxiv/10.3389/fimmu.2026.1882018,2026-07-29T20:26:18+00:00,200,fba93601f528f4be4132dbf903ba340a4b787415a175378bb8b2c097b0642db3,data/raw/scholarly_metadata/biorxiv/acfd7fa5b4568d4363bd1d989b566d57f033a4278e3709b925271b31c1b1fb2a.json,True,1,,,
biorxiv,https://api.biorxiv.org/pubs/biorxiv/10.1038/s41598-026-63006-z,2026-07-29T20:27:18+00:00,200,4de9c53d7628fb2714b91ec9786bde66f70d4d0802e75b7533e8977fc8c99b70,data/raw/scholarly_metadata/biorxiv/ad4bef39aa8a497b4f9dbbde890feddf49d14a6385dd1fe67ebe3550f29403b5.json,True,1,,,
biorxiv,https://api.biorxiv.org/pubs/medrxiv/10.3390/jcm15145394,2026-07-29T20:27:27+00:00,200,a7b3a66e72ae34347d6526363c5e679a0e9138535b7f4904ad1c27e5dee63532,data/raw/scholarly_metadata/biorxiv/adac16b3aaf14657e41d91d33769feaf9e977ca651e8347a8e81fcfd343186d3.json,True,1,,,
biorxiv,https://api.biorxiv.org/pubs/biorxiv/10.21542/gcsp.2025.4,2026-07-29T20:20:57+00:00,200,5d85a8a5f4928101fe41bf66258e480d65a7f525e934ee404b62c4153493190e,data/raw/scholarly_metadata/biorxiv/add2ce1a67b1351b24f2e60743710d6c024403768039791a7028a1ead3077df8.json,True,1,,,
biorxiv,https://api.biorxiv.org/pubs/medrxiv/10.3389/fnut.2025.1650514,2026-07-29T20:21:42+00:00,200,942008bf4bccb8d3765de3cf75877295deedfcf16c322057ad196783a13dc27b,data/raw/scholarly_metadata/biorxiv/ae954363144bffe029284a784133c2db2dbb8144402277173a68af9207860c14.json,True,1,,,
biorxiv,https://api.biorxiv.org/pubs/biorxiv/10.1002/clc.70422,2026-07-29T20:27:01+00:00,200,dbf26f27dc09c73749dae8fbddbd2dbf55cf604fa082032ad3c5f6cd7682e060,data/raw/scholarly_metadata/biorxiv/af2d760ed5d51a42ccd1f615717d02cc2f43a3356c56d6ebce8b1b351a0d1833.json,True,1,,,
biorxiv,https://api.biorxiv.org/pubs/medrxiv/10.3390/jcm15145627,2026-07-29T20:27:39+00:00,200,374fccb64e923ec4e4865d0aaabd6ce3642a39485a6ee8a5c4d35a124bf3e704,data/raw/scholarly_metadata/biorxiv/afb7a8dccfbca0df9b744204b435c11132ef4c91951b80c3f5bb60b438509d75.json,True,1,,,
biorxiv,https://api.biorxiv.org/pubs/medrxiv/10.1016/j.lanepe.2025.101428,2026-07-29T20:21:25+00:00,200,796159dfc14f038826562eb3e3eb6edcf847692a168e14b14e035ab9c01a0316,data/raw/scholarly_metadata/biorxiv/b0bac7b01aefe3ead793ed62a989438286a334e1dfd77939c234e7211c6a5282.json,True,1,,,
biorxiv,https://api.biorxiv.org/pubs/medrxiv/10.3389/fneur.2026.1801145,2026-07-29T20:24:51+00:00,200,f4f0a58440927ca51fb5336a53e486ab5af33a2ed04af7df4452c17c625805b5,data/raw/scholarly_metadata/biorxiv/b0d34136658779b4b196e0b2ecf5573bfdb232d55333e9b402f33243d45ff72d.json,True,1,,,
biorxiv,https://api.biorxiv.org/pubs/medrxiv/10.1097/md.0000000000049695,2026-07-29T20:24:28+00:00,200,cd2d0d9ff678a0c8ba50cf7d5e314ea77ae84ee1a48e06c720657818bba4b5f4,data/raw/scholarly_metadata/biorxiv/b0f681e5b38efc6ab4574a1d0e09f8ae7740d4267b0da913b26ee307078f2bd9.json,True,1,,,
biorxiv,https://api.biorxiv.org/pubs/medrxiv/10.3390/jcm15135302,2026-07-29T20:24:30+00:00,200,60effb4c77b80ee151ed9e2166d31b87ed279957b506f01f53e96610f02d678a,data/raw/scholarly_metadata/biorxiv/b0f921e2689195993417d528b5cda6285150e5ac8d399f17978f43e3e96db5c6.json,True,1,,,
biorxiv,https://api.biorxiv.org/pubs/medrxiv/10.1093/oncolo/oyag268,2026-07-29T20:26:30+00:00,200,21d3c73bd3a1b45ce924bd0f8f98232894e152b268909c61b1dba287b7124967,data/raw/scholarly_metadata/biorxiv/b2fb26870ba78398a0459de57e0639d5e8cede7a372bcb9d7d7c340436f01cf7.json,True,1,,,
biorxiv,https://api.biorxiv.org/pubs/medrxiv/10.12669/pjms.42.7.13245,2026-07-29T20:26:12+00:00,200,07f1f752487c46444c015d1dd70b11bfe4d52fd1e8464e5bb5c0b6db144f45d5,data/raw/scholarly_metadata/biorxiv/b3d2647ce639bfbd69c1919088e3d853db2e74be50e28e051eb4df382ee9bfe0.json,True,1,,,
biorxiv,https://api.biorxiv.org/pubs/biorxiv/10.1177/00368504261466110,2026-07-29T20:23:49+00:00,200,35b3e50a8d05dd7edb7fafe4646dd3df57200761cf3a02a1a6f754a9bc6b01ad,data/raw/scholarly_metadata/biorxiv/b3fa76d202cf99c6952590ed2bff7e2b10c22a3bf0c8777aca2c22abb993ee55.json,True,1,,,
biorxiv,https://api.biorxiv.org/pubs/medrxiv/10.1371/journal.pone.0353160,2026-07-29T20:23:43+00:00,200,20717035f6c5117f365e1693a415f3b805315cc86681185ba2abc2262cf3b572,data/raw/scholarly_metadata/biorxiv/b525335daabcf6c9223c6ea68588ddf1f3539067798467899cd8137b219a38d9.json,True,1,,,
biorxiv,https://api.biorxiv.org/pubs/biorxiv/10.1093/cid/ciag261,2026-07-29T20:23:22+00:00,200,b3413b74789d68e5f29249d3232d652915a806fff66da4a7b0a14c4450e55e26,data/raw/scholarly_metadata/biorxiv/b6262442b657a84f5c55fe0e40a2b29e7bf70e86d16dd2dbec828c0d3d23377f.json,True,1,,,
biorxiv,https://api.biorxiv.org/pubs/biorxiv/10.1111/ggi.70622,2026-07-29T20:22:34+00:00,200,c8c15452db2a3d0bfbf058bfb208e8c3d5363378356f664ee4e5c08cd52a6ef9,data/raw/scholarly_metadata/biorxiv/b7c09ead871008934ee0ab9c30255297aa3400d4dbfbb600640b788b901f2b02.json,True,1,,,
biorxiv,https://api.biorxiv.org/pubs/medrxiv/10.1136/bmjph-2025-003402,2026-07-29T20:22:17+00:00,200,a607f1e99db1c62efcdfb89fa94668942560c78109cfeee436b091e4ade045a3,data/raw/scholarly_metadata/biorxiv/b82e313dcddf775e436fb09da207e06397563e58eedf5f5de3a5a68863d5afd9.json,True,1,,,
biorxiv,https://api.biorxiv.org/pubs/biorxiv/10.1111/dme.15516,2026-07-29T20:20:55+00:00,200,c4881198e3cf0424d0bf6718776467bffe19f4296deddc4a39d4067ee57067b8,data/raw/scholarly_metadata/biorxiv/bac048b44f7b2e1056194a0c8ca27b9c9068f061e343d5740cd5e1dfe1a7eb62.json,True,1,,,
biorxiv,https://api.biorxiv.org/pubs/medrxiv/10.1016/j.ijcha.2026.101964,2026-07-29T20:24:02+00:00,200,94f7a74d803d10d51a7c36433d292e2abf518ab08758b2092342f6629a63f061,data/raw/scholarly_metadata/biorxiv/bbb93dbec28867faf73763ca20e5353144a4db0e7a7654bac1d5fa3192852bf9.json,True,1,,,
biorxiv,https://api.biorxiv.org/pubs/biorxiv/10.1097/md.0000000000049836,2026-07-29T20:25:37+00:00,200,7773089bed2d814c2f7105375c3bceef5db2b92f643708f44ef3224310df9358,data/raw/scholarly_metadata/biorxiv/bc57544211d7859e737be78cdb9e9badf88fd6db4f8a34254b1917dc269bd499.json,True,1,,,
biorxiv,https://api.biorxiv.org/pubs/medrxiv/10.3390/jcdd13070320,2026-07-29T20:27:23+00:00,200,ac1819aae292f33c9e93eb9590583c2daa9075f0018bdeec05b2a947587711fd,data/raw/scholarly_metadata/biorxiv/bdf65e0fee27558a31b67fa5cefa7882dd947a4b7b610b8c5a43f5d5e97f619d.json,True,1,,,
biorxiv,https://api.biorxiv.org/pubs/medrxiv/10.1016/j.eclinm.2026.104071,2026-07-29T20:25:22+00:00,200,18a1826bf82d4f7fb793b3ad9147d2c16527215754be0f6fc3952a2c31039847,data/raw/scholarly_metadata/biorxiv/bfa9c70db3bbbdb57ddbc541b9467af6f128365d0e2d40d0075f256fb9adfffa.json,True,1,,,
biorxiv,https://api.biorxiv.org/pubs/medrxiv/10.1093/esj/aakag086,2026-07-29T20:26:45+00:00,200,89ba287d3a71596a80dfe62d37df23c71cb46db3915b97b9c89c440bd02ce284,data/raw/scholarly_metadata/biorxiv/c04960100511272b82b2e01f896d6c2cf3e8d024609d3088f9da622b7f2c2dc6.json,True,1,,,
biorxiv,https://api.biorxiv.org/pubs/medrxiv/10.3389/fnut.2025.1657587,2026-07-29T20:21:35+00:00,200,da7f40894ae1570f271fc1bc7ca8385e7ec68415a630ebc584e8a714eb9dfde1,data/raw/scholarly_metadata/biorxiv/c06533e5e6edb3e274b5e6a6e67b041570172ab85e469014fb0d79e8d2049722.json,True,1,,,
biorxiv,https://api.biorxiv.org/pubs/medrxiv/10.1002/acn3.70473,2026-07-29T20:26:27+00:00,200,4772630875f96986dfe2c283f7ca1de986b62fc3e26e5537c2c8ab1bee860de9,data/raw/scholarly_metadata/biorxiv/c0c896d80c2a960589b06ed1d45a73aff7290b1a5e7c047d961af5d264b27b04.json,True,1,,,
biorxiv,https://api.biorxiv.org/pubs/biorxiv/10.3390/healthcare14131932,2026-07-29T20:24:27+00:00,200,18981e849c91332f7556a9e5ff4048b9a0b392c2eabfa505503dc628766356b5,data/raw/scholarly_metadata/biorxiv/c0ecd612d71b784fb929d8235e695c6cf208ca6a071955813267059925e02c50.json,True,1,,,
biorxiv,https://api.biorxiv.org/pubs/medrxiv/10.1177/00368504261466110,2026-07-29T20:23:48+00:00,200,35b3e50a8d05dd7edb7fafe4646dd3df57200761cf3a02a1a6f754a9bc6b01ad,data/raw/scholarly_metadata/biorxiv/c218f5bd16f3e99aebf890894b91e84030c2de91407f475e6f9345c4a16de87a.json,True,1,,,
biorxiv,https://api.biorxiv.org/pubs/medrxiv/10.2196/86651,2026-07-29T20:23:30+00:00,200,52fd2d79594941a968240ea86fa1c48c9a3f198250d6607dc2f865d3b4c3d851,data/raw/scholarly_metadata/biorxiv/c2a41bd2f3ea68c08d2712130d7fd5bb6344bf2f2f846ba9e353a7ffe2f6313d.json,True,1,,,
biorxiv,https://api.biorxiv.org/pubs/medrxiv/10.1111/dom.16040,2026-07-29T20:20:29+00:00,200,2e504c0ac2a9ece8a8acf54b198ab229187937fd8dd9d4caf50162aa290d18d4,data/raw/scholarly_metadata/biorxiv/c2edc4b705fad8b16208c6d4a1f32305fae86e696003a86607b90c97188a2537.json,True,1,,,
biorxiv,https://api.biorxiv.org/pubs/biorxiv/10.1007/s44197-026-00615-x,2026-07-29T20:25:07+00:00,200,9fc93d3c1875af6e2cb862bca0eba8b01da461235cd667a56aa21b27b590d0df,data/raw/scholarly_metadata/biorxiv/c3704e38f451347815ab937b96c713987fdb89523013cd77f0ca9491a10f32eb.json,True,1,,,
biorxiv,https://api.biorxiv.org/pubs/biorxiv/10.1186/s12916-025-04067-1,2026-07-29T20:21:01+00:00,200,eebcdb677391c86b69b0b3037ee7a1110039d98e64b77455c87d24f09c016bb5,data/raw/scholarly_metadata/biorxiv/c3c3a9ea038709f34d4da53a9a82aee52e1b6278dd852cef82028fae022f7d2a.json,True,1,,,
biorxiv,https://api.biorxiv.org/pubs/biorxiv/10.1136/bmjopen-2025-108156,2026-07-29T20:27:16+00:00,200,2158792acc3f75e3a573c90c703200158ba2fad080a68cd20ac7d76246c0ed73,data/raw/scholarly_metadata/biorxiv/c48fdbd5db996ef4e3c185a4599f837e3139ee951723a5930dbb9bfaef67aa55.json,True,1,,,
biorxiv,https://api.biorxiv.org/pubs/biorxiv/10.1177/17539447261469508,2026-07-29T20:26:53+00:00,200,942e3a7026f6d28a65de13a0f2dae871fee07a731410ad7afde190dc09ffb5b0,data/raw/scholarly_metadata/biorxiv/c6909794dc84f48c5f8a985c9727b6a6f417a0774dcdf9ab12f6aaf951107219.json,True,1,,,
biorxiv,https://api.biorxiv.org/pubs/medrxiv/10.1097/md.0000000000049809,2026-07-29T20:25:40+00:00,200,9754c633d1217a477c53e412aed09e18534d6d220f69d4326b1972c3c6148230,data/raw/scholarly_metadata/biorxiv/c6a14ce24d877d68bd419819bde99becdd79bb34dd47204c90f2d182e1f0cb5a.json,True,1,,,
biorxiv,https://api.biorxiv.org/pubs/biorxiv/10.1097/md.0000000000049786,2026-07-29T20:25:31+00:00,200,c32cabaee0166fa77a554fdbbba8fea8607cbc69da1d267af5f49e6951c8563e,data/raw/scholarly_metadata/biorxiv/c76208b0d70942223f3b898888689cf399121b4485f54ae70bee336ec2fcc683.json,True,1,,,
biorxiv,https://api.biorxiv.org/pubs/medrxiv/10.1136/bmjopen-2024-086919,2026-07-29T20:20:34+00:00,200,63319260c19f89683c30ed96f2341e2c9e39b1a8ff39b0ce90794c972e535db4,data/raw/scholarly_metadata/biorxiv/c773e96e7c8f2b85ad4a79c2e30bc63a0407800a05961acd352b26ba6dad347e.json,True,1,,,
biorxiv,https://api.biorxiv.org/pubs/medrxiv/10.3390/jcm15135291,2026-07-29T20:24:39+00:00,200,1e06241d50e5deaed6f1d0483bdd8061b3bfab766d70706b2bdf41ce640088b4,data/raw/scholarly_metadata/biorxiv/c7802c7a0300a831676e6bf0e01416bc42341c8523b9f7b821543e00d91ceae9.json,True,1,,,
biorxiv,https://api.biorxiv.org/pubs/medrxiv/10.1097/md.0000000000049321,2026-07-29T20:23:11+00:00,200,8e0794105f42024f94cfaddd3091381a9dd20e3bbfec1720bc9aec5820cf2d6a,data/raw/scholarly_metadata/biorxiv/c88ef88791aed7ea9d03d9e3e987e5e8b2251063059084b561076dc292397af5.json,True,1,,,
biorxiv,https://api.biorxiv.org/pubs/biorxiv/10.1016/j.ijcrp.2025.200391,2026-07-29T20:20:50+00:00,200,23b0579032236a5fdf7f202dac5b907a0270ff1a4fdd09da961862ed6a0a37f1,data/raw/scholarly_metadata/biorxiv/c96b67ddcf092c35cc23a5af90d61e05078092d0cb3b17df0ad92ce7b9913cfd.json,True,1,,,
biorxiv,https://api.biorxiv.org/pubs/medrxiv/10.1371/journal.pone.0352164,2026-07-29T20:22:41+00:00,200,b362ef2f10b6734f1955f1d36146e2cd75e6a34c5304ed1e48b711a182875aae,data/raw/scholarly_metadata/biorxiv/ca623f13e292c97c8f0ad47f7679b6e5f67b8e094d01005871b11d8057e6515c.json,True,1,,,
biorxiv,https://api.biorxiv.org/pubs/medrxiv/10.1136/bmjopen-2025-116166,2026-07-29T20:27:13+00:00,200,c20de93a6275fcfa93bb2cc1511a8a738afe2652e80d925314f7c9eb0a0d03e6,data/raw/scholarly_metadata/biorxiv/cb3ceb5def17617c0b23b10ffafc83044cc7496cb3814ce22b156834b0be143e.json,True,1,,,
biorxiv,https://api.biorxiv.org/pubs/biorxiv/10.1371/journal.pone.0351075,2026-07-29T20:23:34+00:00,200,fe56eda5d1f2d16704bbf9e88c71d506fe9b05e22e8e88e784ee9ca28ac850a5,data/raw/scholarly_metadata/biorxiv/cb4f71d4838570ced73ac032abc8786e4aa886790445d21dd524ea50292a59a0.json,True,1,,,
biorxiv,https://api.biorxiv.org/pubs/biorxiv/10.2147/dmso.s569698,2026-07-29T20:21:59+00:00,200,450e87e9844727e291b1111afe373f4e52af568e4f4977f2dd020a8539831bcc,data/raw/scholarly_metadata/biorxiv/cbfaa7a031b58fca86cd9cf7164ac9b333e31611ccb81456e473a2100504e321.json,True,1,,,
biorxiv,https://api.biorxiv.org/pubs/biorxiv/10.1371/journal.pone.0351763,2026-07-29T20:22:39+00:00,200,3df0ef0b3f3e436ef42b66e131da226363d58d32045907cb7893b452e89e2a87,data/raw/scholarly_metadata/biorxiv/cd7d3657fdbae35a8f4b290f420d89a7c26caa35f3f605a6ede848836230a435.json,True,1,,,
biorxiv,https://api.biorxiv.org/pubs/biorxiv/10.12669/pjms.42.7.13245,2026-07-29T20:26:13+00:00,200,07f1f752487c46444c015d1dd70b11bfe4d52fd1e8464e5bb5c0b6db144f45d5,data/raw/scholarly_metadata/biorxiv/cdc3c299e516e80f59b421c692e41b05e8707081ad51de8e23efe8211a19befe.json,True,1,,,
biorxiv,https://api.biorxiv.org/pubs/biorxiv/10.1161/jaha.125.040962,2026-07-29T20:21:41+00:00,200,fa579f559668ac0cb7ac6b9b6a299c646dc626c8714116d09730520801d18f69,data/raw/scholarly_metadata/biorxiv/ce227aab62af06f6640bca3f2f679d041c557b505391f66855f9cee2b9f98023.json,True,1,,,
biorxiv,https://api.biorxiv.org/pubs/medrxiv/10.3389/fnut.2026.1827345,2026-07-29T20:25:46+00:00,200,ef5feb7dbf9647a0bb5de5af12b58bca4ad507914350caab7212701eef273ced,data/raw/scholarly_metadata/biorxiv/ce714ec508bc33e9a5640f82091d5e7c72fc56e2c10913af48b8a0fabe335070.json,True,1,,,
biorxiv,https://api.biorxiv.org/pubs/biorxiv/10.3389/fpubh.2026.1889187,2026-07-29T20:25:52+00:00,200,cb4d80d162dbf2bc22feab5043b40008e474713d640e4e402252d62507fdc289,data/raw/scholarly_metadata/biorxiv/cedfc425b32d614b4d2c95a8d87c606b056ecafc68ce5d3339e2523ebeffba7f.json,True,1,,,
biorxiv,https://api.biorxiv.org/pubs/medrxiv/10.1002/ueg2.70255,2026-07-29T20:23:40+00:00,200,2d6731e7a5eab1e8e676ae8f1a2ff1f6fb38b94f8896a47ffc9251a23e18bf51,data/raw/scholarly_metadata/biorxiv/cf857b829c930905ac897ee3dbef8e8f4cdaba1b6630a455b11b1518fdb9c98c.json,True,1,,,
biorxiv,https://api.biorxiv.org/pubs/medrxiv/10.1002/hsr2.72620,2026-07-29T20:26:10+00:00,200,2f42f0ea05bd478f264aef498cbb444b6d5a928947859d110336242367d16a4d,data/raw/scholarly_metadata/biorxiv/d01502d79d9f876d648f4311417a2dd0593553cc6d7ad068ad67431f70d81f5f.json,True,1,,,
biorxiv,https://api.biorxiv.org/pubs/medrxiv/10.1093/ckj/sfae401,2026-07-29T20:20:36+00:00,200,1cc6fb8504b3f818610a799ec473ff367d0d9d98ca1d2c899ce3268e69e0c321,data/raw/scholarly_metadata/biorxiv/d035bc1ce5d323303dcb06de75a1037bc1b040b44065b75f1b17503684af8f97.json,True,1,,,
biorxiv,https://api.biorxiv.org/pubs/biorxiv/10.2147/jmdh.s590099,2026-07-29T20:24:11+00:00,200,424f49c2347de9c4f32b5b621b56c93049644fd70ef3f946f7f8c3eebe2fd40a,data/raw/scholarly_metadata/biorxiv/d069eb5bcca7bd838ddd73b109e68b5a403622dfb18838f5b67e3d550c2eca63.json,True,1,,,
biorxiv,https://api.biorxiv.org/pubs/medrxiv/10.1177/17539447261469508,2026-07-29T20:26:52+00:00,200,942e3a7026f6d28a65de13a0f2dae871fee07a731410ad7afde190dc09ffb5b0,data/raw/scholarly_metadata/biorxiv/d08bc534cb4703b289e41ca3c6d13ead018042e6b115987462b45ce686389d1f.json,True,1,,,
biorxiv,https://api.biorxiv.org/pubs/biorxiv/10.1080/07853890.2026.2703887,2026-07-29T20:27:26+00:00,200,9e8a21d4269035b2c345e256d6dbf6f1bc6ce8bcec86e2ed97e887c7bd48c50b,data/raw/scholarly_metadata/biorxiv/d09c94a92968c9559dd71e4268535a0faa5a6c9e3e5d4ee881e7733292550f5a.json,True,1,,,
biorxiv,https://api.biorxiv.org/pubs/medrxiv/10.1002/clc.70422,2026-07-29T20:26:59+00:00,200,dbf26f27dc09c73749dae8fbddbd2dbf55cf604fa082032ad3c5f6cd7682e060,data/raw/scholarly_metadata/biorxiv/d108b2d18e72c677365c9ea29f61668fe80ed3960178ac5cb45b51bc3d57ad11.json,True,1,,,
biorxiv,https://api.biorxiv.org/pubs/medrxiv/10.1007/s44197-026-00615-x,2026-07-29T20:25:06+00:00,200,9fc93d3c1875af6e2cb862bca0eba8b01da461235cd667a56aa21b27b590d0df,data/raw/scholarly_metadata/biorxiv/d1d8cf399b06e090a016dd8f91dfc1d425dfb12bb24b72f3c3986db8309e8a05.json,True,1,,,
biorxiv,https://api.biorxiv.org/pubs/biorxiv/10.3390/medicina61122106,2026-07-29T20:21:56+00:00,200,0cb8d1bd580d6bc2451ccdf22ee9c265715cd86bcc76108f06576a89da32ab76,data/raw/scholarly_metadata/biorxiv/d2103e2ed5660f33c9ff79bf98a99d2c8818007f243f7fd19c18e5ece4faccaa.json,True,1,,,
biorxiv,https://api.biorxiv.org/pubs/medrxiv/10.1097/md.0000000000049836,2026-07-29T20:25:35+00:00,200,7773089bed2d814c2f7105375c3bceef5db2b92f643708f44ef3224310df9358,data/raw/scholarly_metadata/biorxiv/d5b581c510d44868087a698d3a327fe6d6ddb32e0fbac7337e285b4bed572e48.json,True,1,,,
biorxiv,https://api.biorxiv.org/pubs/medrxiv/10.1016/j.jhepr.2025.101479,2026-07-29T20:21:20+00:00,200,dea090536475b727d8126d748b4787adf2af4f0a37baf7eb535da7d6754f1631,data/raw/scholarly_metadata/biorxiv/d7d47b447372cce2c6e09ab01b955c60c58e388847878f8dc4fb21b542ac3261.json,True,1,,,
biorxiv,https://api.biorxiv.org/pubs/biorxiv/10.3389/fnins.2026.1818367,2026-07-29T20:26:01+00:00,200,71e0c53ff269d37cceb1b75a10a709473c1150af81855419a478570773c4a762,data/raw/scholarly_metadata/biorxiv/d9191772f899ed1e155ffeb06e9833b564977e217970f5d2b3465212eb5aa4d3.json,True,1,,,
biorxiv,https://api.biorxiv.org/pubs/medrxiv/10.1371/journal.pone.0351780,2026-07-29T20:25:12+00:00,200,257b388a70b09b7b3b3641dd847e740c0cc58909561a7e463c2a60e7b47db1aa,data/raw/scholarly_metadata/biorxiv/db7874de9c9ad76047f06e6ae8e39d270fed56ff77917469c4ff220be1a3fcbf.json,True,1,,,
biorxiv,https://api.biorxiv.org/pubs/biorxiv/10.1016/j.jmh.2025.100306,2026-07-29T20:20:45+00:00,200,5e45a433bf053dfbd314e7b3b441fb0095b2ae504ec97324531b0173ee750a9a,data/raw/scholarly_metadata/biorxiv/decd19fc0b3280a8ee56a2d74eecc621bcbb9237b42843d0dceb5179617bc017.json,True,1,,,
biorxiv,https://api.biorxiv.org/pubs/medrxiv/10.2196/93631,2026-07-29T20:23:06+00:00,200,5365b23d284bc128859704d3e238d91c7193510a60c2a76ed6077c4d77fe7342,data/raw/scholarly_metadata/biorxiv/def0adfd5b9133ea27cc55a507168f972d6889a954dcd2271490a05e8a7b5b7c.json,True,1,,,
biorxiv,https://api.biorxiv.org/pubs/biorxiv/10.2147/jhc.s611091,2026-07-29T20:24:22+00:00,200,eec22d493d0458139529220c8c05232ea0a778941828f9a845cbe0f7e974643a,data/raw/scholarly_metadata/biorxiv/dfaff93636ad0fc821e89cde400d30ef2153ce518979ac030632158262046fcf.json,True,1,,,
biorxiv,https://api.biorxiv.org/pubs/medrxiv/10.1016/j.jtumed.2026.07.003,2026-07-29T20:26:25+00:00,200,c1fa3d2a3adb48a46f2f5400d6e7bf35ce11e9aa41e3f52e88e4e68085be747a,data/raw/scholarly_metadata/biorxiv/e0ee1965842cda1c0ecb93c9820e47730a26485d3bb34aac5505f21341b5d388.json,True,1,,,
biorxiv,https://api.biorxiv.org/pubs/medrxiv/10.3389/fnut.2026.1877513,2026-07-29T20:26:55+00:00,200,831a9f642a36c9dedf332b68514b1184f39f223509654ccd5db3cd65f1cc9c87,data/raw/scholarly_metadata/biorxiv/e0f34659ae1244b5eaa81598a23957d2a0f2f450acdc7bc567e923d87275b3f3.json,True,1,,,
biorxiv,https://api.biorxiv.org/pubs/medrxiv/10.3389/fpubh.2024.1487034,2026-07-29T20:20:31+00:00,200,3327bc6a813b3fdd1384c5715a9ca691355f49ddbb55728949a2f8740a36cfd7,data/raw/scholarly_metadata/biorxiv/e116e8204a8f5376685d1208e239d06ead0993c8c28b189508e54625e407e5ad.json,True,1,,,
biorxiv,https://api.biorxiv.org/pubs/biorxiv/10.3390/jcm15135275,2026-07-29T20:24:38+00:00,200,45d349520a68233f69243b7082756de0697d67efb1bb4f06083219467e66d2d1,data/raw/scholarly_metadata/biorxiv/e3d8a733e0b4a7e66a862a94c9bf931e2730a70c3767a8707f0e923222fd74aa.json,True,1,,,
biorxiv,https://api.biorxiv.org/pubs/biorxiv/10.3389/fnut.2026.1854100,2026-07-29T20:25:21+00:00,200,7a161924ceb349a1b47a6d06fe030c192de0443ad44b8cb6cebbe8c8ed5cf1d1,data/raw/scholarly_metadata/biorxiv/e49fc15213f21415cc9d1ccac6d0585f7ec46cb080bbd3f63c32a158fe6894eb.json,True,1,,,
biorxiv,https://api.biorxiv.org/pubs/medrxiv/10.3389/ti.2025.15709,2026-07-29T20:22:11+00:00,200,7e45cd98dbdf78ca351563922b71c2d5a9862ca83b7a2113c0c20a2f419f2a89,data/raw/scholarly_metadata/biorxiv/e58a574b91e0b3e9d62ec4839b99cc002bf8420c3be42c8c5842456bccfb48a6.json,True,1,,,
biorxiv,https://api.biorxiv.org/pubs/biorxiv/10.3389/fcvm.2026.1830398,2026-07-29T20:25:44+00:00,200,57e11b0b1571bf7d5f2dd908d0d51ac566aab1280aad78df71de2d6c774d417c,data/raw/scholarly_metadata/biorxiv/e5918d48eac753bb695c134746ed78f1166cca997a5abfe2eeefea3ceee31661.json,True,1,,,
biorxiv,https://api.biorxiv.org/pubs/biorxiv/10.1186/s41043-025-01083-y,2026-07-29T20:21:39+00:00,200,3d4c2ce2ccc130549cc7adf536163fe93ff313b9df085b1831c1bd73ad175203,data/raw/scholarly_metadata/biorxiv/e652dd7bb442235ed9eecf5dcc7bdbc4e8dfae2968e52a68ff5185f63835691b.json,True,1,,,
biorxiv,https://api.biorxiv.org/pubs/medrxiv/10.1007/s00420-026-02224-4,2026-07-29T20:23:16+00:00,200,d5f23fac9063c55624adc085a0473e373c093c9ebf032588e82949a12d03f6e5,data/raw/scholarly_metadata/biorxiv/e8222c064940291a1bcd1b94cce1c8bc72370a83005e72df58f496b85000b577.json,True,1,,,
biorxiv,https://api.biorxiv.org/pubs/biorxiv/10.3390/healthcare14142221,2026-07-29T20:27:35+00:00,200,74229733a70403b1a42b3981a2bcb48e585a0d266cfd8e1942fc4018645381c0,data/raw/scholarly_metadata/biorxiv/e8b2b001a5a003d1dcc1b5645cd7210752fc0e5cb004888e30364384cf03fbfc.json,True,1,,,
biorxiv,https://api.biorxiv.org/pubs/biorxiv/10.1080/0886022x.2026.2697379,2026-07-29T20:24:45+00:00,200,078e60d0eff8043fb5ce86b78ca27cbab7a7f4c4bc48a14a02490bb4016c8c48,data/raw/scholarly_metadata/biorxiv/ec43ef80e055ad6d35d2e312385e697c78fb906958ec6eba272141d0a5b7d013.json,True,1,,,
biorxiv,https://api.biorxiv.org/pubs/biorxiv/10.3904/kjim.2025.082,2026-07-29T20:21:51+00:00,200,4263360b2d06afb7887a91128b37863f00fe92b96149bef8919c96184613f62a,data/raw/scholarly_metadata/biorxiv/eca03d20fed79a52f96685d74f3b9cce360e5fb6de898054d4352d6ad8292570.json,True,1,,,
biorxiv,https://api.biorxiv.org/pubs/medrxiv/10.7759/cureus.75058,2026-07-29T20:20:26+00:00,200,5dd2f25a4d5f665d184c8b2603eb5f01561614c371b334f9284bd0034f8136e1,data/raw/scholarly_metadata/biorxiv/ed29e93a02cfbd176eb9625ce2fe38f54a1881425318ca961c5af38467426c6f.json,True,1,,,
biorxiv,https://api.biorxiv.org/pubs/medrxiv/10.1016/j.ajpc.2025.101004,2026-07-29T20:21:02+00:00,200,f42822ba85e657ede63ce0d965c1b39770b96a6c360fb080b490bb486b46bc24,data/raw/scholarly_metadata/biorxiv/edb9da50d7297f7201b1cf7316fba923838b41f1321412acf01b00a906835feb.json,True,1,,,
biorxiv,https://api.biorxiv.org/pubs/medrxiv/10.1038/s41598-026-63006-z,2026-07-29T20:27:17+00:00,200,4de9c53d7628fb2714b91ec9786bde66f70d4d0802e75b7533e8977fc8c99b70,data/raw/scholarly_metadata/biorxiv/f03459e2501a8ccc9193a96d16dbcb39437996ba2dcecdce9ff8b5d2ebad8d2c.json,True,1,,,
biorxiv,https://api.biorxiv.org/pubs/medrxiv/10.1016/j.jmh.2025.100306,2026-07-29T20:20:43+00:00,200,5e45a433bf053dfbd314e7b3b441fb0095b2ae504ec97324531b0173ee750a9a,data/raw/scholarly_metadata/biorxiv/f23cc5019ba9f6e3c7e9c2a7eabeb54a88a95b01bb9dc3125f600a30019cc347.json,True,1,,,
biorxiv,https://api.biorxiv.org/pubs/medrxiv/10.3390/jcm15145453,2026-07-29T20:27:32+00:00,200,f9f3590dd3dc0a0bd0c5e7098ee80075d35ea334742ccedf9d0071dbcf7aed05,data/raw/scholarly_metadata/biorxiv/f4b7ea80254d279f959ed8757b8af1ffc44bde95e637f40709b658ed74a0b3de.json,True,1,,,
biorxiv,https://api.biorxiv.org/pubs/biorxiv/10.1097/md.0000000000049567,2026-07-29T20:23:10+00:00,200,ddb000f79b0ff00bc8c776acdd08113afcb25a3d1daf9d0a19e60586f439078c,data/raw/scholarly_metadata/biorxiv/f4cb946a51b6097089180671af28f278e3dafbd4a91ff6e4469b154b5564119e.json,True,1,,,
biorxiv,https://api.biorxiv.org/pubs/biorxiv/10.1097/md.0000000000049713,2026-07-29T20:25:34+00:00,200,6357861e30ea3135d7fce6a39ecb2a496bfce3446801cdd4a7b16fab02b88da9,data/raw/scholarly_metadata/biorxiv/f4fd1f98fc7240a4fe79363592e072e3d5ddcc7c5187c07c0da8eb6676bad54a.json,True,1,,,
biorxiv,https://api.biorxiv.org/pubs/biorxiv/10.1016/j.jacadv.2026.102937,2026-07-29T20:26:48+00:00,200,db3fe3eceb9e6efce453750f8b6e70a1806a18bd5ed039348130fa8e3ae3ec60,data/raw/scholarly_metadata/biorxiv/f5bb09e72ebfb2b34e7356de8fd71e825ec2877d5c26c80d3a042b2212f74f8f.json,True,1,,,
biorxiv,https://api.biorxiv.org/pubs/biorxiv/10.1016/j.jnha.2025.100754,2026-07-29T20:22:10+00:00,200,483532b1682c05c13bdb591293aae7fd55cef71f2ee4637057c08e5ecb0972e2,data/raw/scholarly_metadata/biorxiv/f667f87aca137c15e33801acc258a70ee101a18f1599e46c6d80a67734e652a1.json,True,1,,,
biorxiv,https://api.biorxiv.org/pubs/medrxiv/10.1093/bjsopen/zrag054,2026-07-29T20:23:01+00:00,200,f7f6b214d05d8b6bd0121b275ff6c4d2ff3e37547a872e97805a59d467dfc07a,data/raw/scholarly_metadata/biorxiv/f7344b97fd49c123087fa11fa826ea387700a93b0fbd108657cebb25f9917870.json,True,1,,,
biorxiv,https://api.biorxiv.org/pubs/biorxiv/10.2196/72497,2026-07-29T20:21:23+00:00,200,c2f2a9b118492cbebe59eb4e0b7e4f1bdb3927297e935dacd305029b8de1879d,data/raw/scholarly_metadata/biorxiv/f79bf67ca575d6672cb84fcf27351d0b369bbf12a431fa75ec500b7644889817.json,True,1,,,
biorxiv,https://api.biorxiv.org/pubs/biorxiv/10.1016/j.eclinm.2026.104043,2026-07-29T20:23:56+00:00,200,98d5de515d32c74af85413de8baaaade1dc30eee112add687bae603247210c3b,data/raw/scholarly_metadata/biorxiv/f7f820a62ac06f0bec37558b71026d99ff4816226232221cc1619d608de61e62.json,True,1,,,
biorxiv,https://api.biorxiv.org/pubs/biorxiv/10.2340/jrm.v58.45663,2026-07-29T20:24:01+00:00,200,80ed9e6e10bed23de6fd35bb29b56c6ee6c202af427fd47f337067618bcd0841,data/raw/scholarly_metadata/biorxiv/f94a1ef99a4a07e8aec23b0ce65b79cdc4e321831a7225920bbd042916ec35a8.json,True,1,,,
biorxiv,https://api.biorxiv.org/pubs/biorxiv/10.1002/brb3.71620,2026-07-29T20:26:41+00:00,200,52c014f80923ed29aec676891768d1363b7e0a88689abd3000d09724ce91d678,data/raw/scholarly_metadata/biorxiv/f957dc972246edf0011ce099bcb7c4cd6272386e3cb68e8e7f6bfa10dd85a6d7.json,True,1,,,
biorxiv,https://api.biorxiv.org/pubs/biorxiv/10.3399/bjgpo.2024.0197,2026-07-29T20:21:33+00:00,200,25f2d009fc6e986f7ce2c3e96412eea5ceb792342a508f43f8e65127e2786d01,data/raw/scholarly_metadata/biorxiv/f973d9a8172d3baad26e6c051ae66a53e7f9e507df8e937e68fff4e73a4d8d45.json,True,1,,,
biorxiv,https://api.biorxiv.org/pubs/medrxiv/10.1371/journal.pmed.1005180,2026-07-29T20:25:04+00:00,200,40fbf2599d3f93e5e22dc9f6a5b516741794205f03d27733b6004df0bbf4bae6,data/raw/scholarly_metadata/biorxiv/fb87a98f5e5dd6746e782a305814168bd428cdb7fb8acc9217f07843c994cd0d.json,True,1,,,
biorxiv,https://api.biorxiv.org/pubs/biorxiv/10.3390/jcm15145394,2026-07-29T20:27:28+00:00,200,a7b3a66e72ae34347d6526363c5e679a0e9138535b7f4904ad1c27e5dee63532,data/raw/scholarly_metadata/biorxiv/fd2424cec2ab941e5abe2c258463469e9a1b68392ebc13deac624413a3ddbbb9.json,True,1,,,
biorxiv,https://api.biorxiv.org/pubs/biorxiv/10.1186/s12889-025-21609-7,2026-07-29T20:20:42+00:00,200,b5dda694d36dd889b0113f91205a602ed0e251078a8052ec0f7b92e274b46fd9,data/raw/scholarly_metadata/biorxiv/fe0c820d80e90e93227a33329275d6491da001f070b7590ed9fd496587c7cc49.json,True,1,,,
crossref,https://api.crossref.org/works?filter=doi%3A10.2196%2F80377&rows=1,2026-07-29T20:23:45+00:00,200,7954bede419c4a89076b7f42a1919ffbc1f1147cc23e078347a85528ae8ddfcf,data/raw/scholarly_metadata/crossref/00c381686565b807fd4769377e84fb15d42a92b12b4c54afc09d12123dfca14a.json,True,1,,,
crossref,https://api.crossref.org/works?filter=doi%3A10.1097%2Fmd.0000000000049760&rows=1,2026-07-29T20:25:37+00:00,200,6a44fe6f3721cb8c324e2a03cb8d3c9c25be26cdb1e00e2715697db862e1a74a,data/raw/scholarly_metadata/crossref/02baa0b4e9456013b01c0e19d57d674a75f46c7366fbc138a87c3d31ea2715a5.json,True,1,,,
crossref,https://api.crossref.org/works?filter=doi%3A10.1177%2F03000605261467013&rows=1,2026-07-29T20:25:09+00:00,200,fdf5dcf2a413eb50ab37fd0df5a9177b961dd823bae37b51124fb114cbd068f7,data/raw/scholarly_metadata/crossref/0343383a3f2d168a9ca6f2c72d11a7d949dae0b986c30b18911e80d96eea5f34.json,True,1,,,
crossref,https://api.crossref.org/works?filter=doi%3A10.1093%2Foncolo%2Foyag268&rows=1,2026-07-29T20:26:29+00:00,200,8fdd756435c6e59dca7207b4ae672942fa9a4407f60b360c6a4594a4b72747a2,data/raw/scholarly_metadata/crossref/0351d32b091542dbcc473bbf6662398ef132e588336159084105c65d03b6c908.json,True,1,,,
crossref,https://api.crossref.org/works?filter=doi%3A10.1136%2Fbmjopen-2025-113148&rows=1,2026-07-29T20:23:27+00:00,200,961cbd29c823ec20ab31847d7abda237adc0c457dcfebb1f7a1f6f5418524eaa,data/raw/scholarly_metadata/crossref/054f548557bc2e34390c1a88af2868dfe49c1b694f8c41d59842520281f46a8e.json,True,1,,,
crossref,https://api.crossref.org/works?filter=doi%3A10.5853%2Fjos.2025.05295&rows=1,2026-07-29T20:22:30+00:00,200,331a748f45fc7bdebc0bdb814b811c254e393d49dc68d191811176b8a6baae01,data/raw/scholarly_metadata/crossref/05f881671cb2d733df89c3b97d3e5a1ef82c57eecfb4bdb8d2a1b04efc5a440b.json,True,1,,,
crossref,https://api.crossref.org/works?filter=doi%3A10.1016%2Fj.gastha.2025.100806&rows=1,2026-07-29T20:21:47+00:00,200,de5d956c35e85de481254a7d50a96f39bdbef6703564ea0f4636c8eb8e57bc33,data/raw/scholarly_metadata/crossref/0621fc48a2fda4e246fcf79d2096424df3d98b8b28b442b6cc19cc495c9241cc.json,True,1,,,
crossref,https://api.crossref.org/works?filter=doi%3A10.2340%2Fjrm.v58.45663&rows=1,2026-07-29T20:23:59+00:00,200,ac6b219697713c5a4b266e830dc4f1ea4a88caacc3ab2e55830958903c8ddd1a,data/raw/scholarly_metadata/crossref/0848e1746de698dbc14a9cfdf934a1e410742f2f8a7e40d225cfb67e0177a29e.json,True,1,,,
crossref,https://api.crossref.org/works?filter=doi%3A10.3389%2Ffnut.2026.1863689&rows=1,2026-07-29T20:26:56+00:00,200,140d598dc4af19de19a424786838f2196bdc1f655765f0d3e31724c5a8207dad,data/raw/scholarly_metadata/crossref/08a717662f6fce78a3620528f1a31e6890fa9fb85eafa38114c7d4b1941d1b49.json,True,1,,,
crossref,https://api.crossref.org/works?filter=doi%3A10.1177%2F17539447261469508&rows=1,2026-07-29T20:26:52+00:00,200,b6fa483bd445aa5df09bb09fc29b0f4356ac36491bc73b1d5a53f8cead808e5d,data/raw/scholarly_metadata/crossref/08bfb273a47b3a603321a7fd82661196e50b93c73897bb47f435e05b283f11e1.json,True,1,,,
crossref,https://api.crossref.org/works?filter=doi%3A10.1186%2Fs12916-025-04067-1&rows=1,2026-07-29T20:20:59+00:00,200,07471adb0754634c95dd54bc0fc0eb7457e5a72e8224c21c111a74afab6c0350,data/raw/scholarly_metadata/crossref/09062df3b5404212fbfd17bace9d8fea3acef97ece86c0aa57c886fd8b37fb6e.json,True,1,,,
crossref,https://api.crossref.org/works?filter=doi%3A10.1016%2Fj.ijcha.2026.101964&rows=1,2026-07-29T20:24:02+00:00,200,005381b48dcce91e85a4ecc7a4a8101709355336c51b0b4425035a4d6bc35ee6,data/raw/scholarly_metadata/crossref/0a9c78db647295e961bc2cd45ce75f36a10f25e82c05257a1e818b8ee6c1f34b.json,True,1,,,
crossref,https://api.crossref.org/works?filter=doi%3A10.1002%2Fueg2.70255&rows=1,2026-07-29T20:23:40+00:00,200,20fdb045b196c209504fa12010626eeb71e7251a9ef38ae022cdc79b0309354f,data/raw/scholarly_metadata/crossref/0d6d8fa20192ded354b11c28811677471e485290fa09d7f3ca3a18106d54bcd6.json,True,1,,,
crossref,https://api.crossref.org/works?filter=doi%3A10.3390%2Fhealthcare14131932&rows=1,2026-07-29T20:24:25+00:00,200,a81388b76681002d011fcbe817e1ef4822401473fd55f3121e27d951a35d65e2,data/raw/scholarly_metadata/crossref/0eb1d0b8464b88357d55b9b969d83e9aa3b39971664ca4f10e7208f184db64a8.json,True,1,,,
crossref,https://api.crossref.org/works?filter=doi%3A10.7189%2Fjogh.16.04212&rows=1,2026-07-29T20:23:52+00:00,200,c31d0bdfc0e71950f28a9f8a36c9b71df01e57ecaf6563002c79ed5bdb5e48d5,data/raw/scholarly_metadata/crossref/1271064c3dae88bd60c72e94af12a59d7dc128a70c3c4ba74397d107e342b9b7.json,True,1,,,
crossref,https://api.crossref.org/works?filter=doi%3A10.2196%2F86651&rows=1,2026-07-29T20:23:30+00:00,200,1263b2bb5779b58ba740667059dc19902b6d53e24aec30ce0cf6f1d6ebf00ba4,data/raw/scholarly_metadata/crossref/13b3b0b2bc3b6c8a57be417446d8a5180590f0e6ebfd6ac686d418e0a062d1ed.json,True,1,,,
crossref,https://api.crossref.org/works?filter=doi%3A10.1016%2Fj.eclinm.2026.104061&rows=1,2026-07-29T20:25:14+00:00,200,2141526932e6d62cbdc25d3d87e5c58a05731c5068e5b299bf019f14494762cd,data/raw/scholarly_metadata/crossref/1acb4b8a760ee539df868aa16f3dabb3447105067d0ad2468673003a7b9226de.json,True,1,,,
crossref,https://api.crossref.org/works?filter=doi%3A10.3390%2Fdiagnostics16132113&rows=1,2026-07-29T20:24:14+00:00,200,e3cf4239f12a743261821ab5efe88654f8fa6a35a79abc7c8ba56159964a4162,data/raw/scholarly_metadata/crossref/1dbd246685b4b481f32dd502576ee1ad85a2442a52c93149993500306cf29933.json,True,1,,,
crossref,https://api.crossref.org/works?filter=doi%3A10.1111%2Fggi.70622&rows=1,2026-07-29T20:22:32+00:00,200,74d0e5fe24e631e5b059775aadb093866afe8f9c399211c538954ff9d248db26,data/raw/scholarly_metadata/crossref/219c4906e1c532192846a0880ab5052df73e9a8ecf698fc4bf63d73d178f03bb.json,True,1,,,
crossref,https://api.crossref.org/works?filter=doi%3A10.1016%2Fj.jnha.2026.100918&rows=1,2026-07-29T20:23:57+00:00,200,aecf7f10b813699b2e6c448abeeb0a18378fead7c82ed15d96539b8a9c6d210a,data/raw/scholarly_metadata/crossref/21b335065201eb7bf7535309c991cdd6ed5b91222ef972b56bb306c78e6b83a8.json,True,1,,,
crossref,https://api.crossref.org/works?filter=doi%3A10.1371%2Fjournal.pone.0351763&rows=1,2026-07-29T20:22:37+00:00,200,096898cba64d7f29a36f3911abd3793322fe7bda2002460cdb980912427f2f5e,data/raw/scholarly_metadata/crossref/228e0043a16ee4001dd16fcb6321d93ae8f81e49c0c67825162c7454b448468e.json,True,1,,,
crossref,https://api.crossref.org/works?filter=doi%3A10.3390%2Fjcm15145394&rows=1,2026-07-29T20:27:27+00:00,200,8945571b1c4c48baad54977f22c66023cf79da48f3710db6250e59bb108f8830,data/raw/scholarly_metadata/crossref/23dfc14dfefb556984838f6bf49f2b3758dbb58649e52bdf10440c94fe6d0ef4.json,True,1,,,
crossref,https://api.crossref.org/works?filter=doi%3A10.1016%2Fj.ijcrp.2026.200678&rows=1,2026-07-29T20:25:17+00:00,200,7a6397be9398bf6048029e2cd0636376fe8ccb1fce3aef6e9ae246fa6847866a,data/raw/scholarly_metadata/crossref/242a459ef4a614fa7563d39481ed157b15aa8ebeeaf9263e06533ba0fb82e3e8.json,True,1,,,
crossref,https://api.crossref.org/works?filter=doi%3A10.1080%2F07853890.2026.2703887&rows=1,2026-07-29T20:27:24+00:00,200,e4f9e432e9c1318933d9f0bfd920dbbaf9122cc662cef390de4730bbd58a0628,data/raw/scholarly_metadata/crossref/24342f11cd1e29fcd94db4f9bdbbfade561c4410bcf4ce07b8d56f19598354aa.json,True,1,,,
crossref,https://api.crossref.org/works?filter=doi%3A10.3389%2Ffnut.2025.1650514&rows=1,2026-07-29T20:21:42+00:00,200,fa1007a492c4930a65975f36d9aff853a6e2486dc77142b7b6351c729fb7e7ec,data/raw/scholarly_metadata/crossref/25f1eca17436b1f5ee542bf61a108f025a069208a6648d1f0955373721e8a7d8.json,True,1,,,
crossref,https://api.crossref.org/works?filter=doi%3A10.3389%2Ffnins.2026.1818367&rows=1,2026-07-29T20:25:59+00:00,200,b6af55a991d7d72e7a463030d084b7700e8fa42e815725af835426714ba4df98,data/raw/scholarly_metadata/crossref/26d65d8d23667f759676adf0d7430dfd7ec3a8ffb0a4eec640cd650b30b71c9f.json,True,1,,,
crossref,https://api.crossref.org/works?filter=doi%3A10.1177%2F00368504261466110&rows=1,2026-07-29T20:23:47+00:00,200,4a9367e1aae522d67d9628c9893a1c4a0c3bb312cd3c10487bb0059ac96f1e24,data/raw/scholarly_metadata/crossref/295797a71c090e155772cb12f3e2a1cd468eed32812b15d5ec2c6679c7f2ec39.json,True,1,,,
crossref,https://api.crossref.org/works?filter=doi%3A10.1016%2Fj.eclinm.2026.104043&rows=1,2026-07-29T20:23:54+00:00,200,e47dc9c1dbb88a73df14261f623ea3e7d291ab17edff34922a3d3d250a01953e,data/raw/scholarly_metadata/crossref/2ceff4c112bbd205036c2f74a6783d847a47c4002362f43b114a22544cafcb36.json,True,1,,,
crossref,https://api.crossref.org/works?filter=doi%3A10.1136%2Fbmjopen-2025-116166&rows=1,2026-07-29T20:27:12+00:00,200,59f894afd9881f6703e757d68601b558073078753ca7901a35477eb6608128a0,data/raw/scholarly_metadata/crossref/2e5d1d94442ec6348672fb7642ddc6c17b64f70e8903b0c8d34aa5f954b5bdc5.json,True,1,,,
crossref,https://api.crossref.org/works?filter=doi%3A10.7759%2Fcureus.75058&rows=1,2026-07-29T20:20:26+00:00,200,8a1d3bc5774babef8be1446bc0876222503d3c9a239daa48d4ef33ccf9d4100e,data/raw/scholarly_metadata/crossref/301d72a9a13be22c33bf4b1baaa964ea8aa40239f75e2cc70c0cc597dcfd7fbb.json,True,1,,,
crossref,https://api.crossref.org/works?filter=doi%3A10.1016%2Fj.ajpc.2025.101004&rows=1,2026-07-29T20:21:01+00:00,200,5961a92c885d2f4fbec20b5ee7a4a8edea55364018c9d3d230495d40e772c9cd,data/raw/scholarly_metadata/crossref/31c57eaa05692becc77982fbf533f0854f18d6b4e89aa9e98127f67d035acc45.json,True,1,,,
crossref,https://api.crossref.org/works?filter=doi%3A10.3389%2Ffnut.2026.1827345&rows=1,2026-07-29T20:25:45+00:00,200,bbac083f27be6f31ad4184a3e13ade1af5e602f8019108ce142327a20d3e3216,data/raw/scholarly_metadata/crossref/31ea6f91244304aeefaebdf0da335d7baafd580b4db38471eb3f3cbd3f2a4ada.json,True,1,,,
crossref,https://api.crossref.org/works?filter=doi%3A10.1016%2Fj.lanepe.2026.101612&rows=1,2026-07-29T20:22:19+00:00,200,a993524769388ad65576f4c4289c59c3a1af50fd7c6abe5f5432a0fcd8d282c5,data/raw/scholarly_metadata/crossref/3220e65da24d908198ae3e2184ca4589551f9a06d08c5f35cf712f6d96a835bf.json,True,1,,,
crossref,https://api.crossref.org/works?filter=doi%3A10.1002%2Fhsr2.72809&rows=1,2026-07-29T20:24:40+00:00,200,fe1919a08ad744e9efdb74df1ec0c35b765c673eac700bbbbfce6c2032ecbd5e,data/raw/scholarly_metadata/crossref/3456e5500921e0a15af8ed0aa583b82fbb8b5aad8affb44a082b7505753fa5a3.json,True,1,,,
crossref,https://api.crossref.org/works?filter=doi%3A10.1093%2Fehjcvp%2Fpvag031&rows=1,2026-07-29T20:24:45+00:00,200,693b2c7454c9612b5bae89e050008021335667004c785bfe5d6e602d49284d28,data/raw/scholarly_metadata/crossref/351915437e733f8ec07918fcf1dd022e3e8ff3db59a694d94466a28e44a7aee0.json,True,1,,,
crossref,https://api.crossref.org/works?filter=doi%3A10.1136%2Fbmjno-2025-001538&rows=1,2026-07-29T20:22:58+00:00,200,c1e7cd1d14a7a07897df00ee2b3f243823c90048f110513f615d3fda444101bd,data/raw/scholarly_metadata/crossref/356285c3716219eb0afa2eb77eb982d9e13fe6a9f19b95b6e643388743a7b97b.json,True,1,,,
crossref,https://api.crossref.org/works?filter=doi%3A10.1111%2Fdme.15516&rows=1,2026-07-29T20:20:53+00:00,200,bd3a1777fbeabd1a730d84e6c919714471382816067d6b8a4319cc2b6a12d972,data/raw/scholarly_metadata/crossref/3edd59a28c2ec54758df2ad55e5eaa601202f1eea693576d9f589d161a759534.json,True,1,,,
crossref,https://api.crossref.org/works?filter=doi%3A10.3390%2Fjcm15145695&rows=1,2026-07-29T20:27:41+00:00,200,cdc6ad3d770326884b361a26daf80ee168d59f934da918eee52736fca8762f12,data/raw/scholarly_metadata/crossref/3ff30b9b3b0c707bed407c60a4f10870155f278bc1b7fe66217293c09f05e492.json,True,1,,,
crossref,https://api.crossref.org/works?filter=doi%3A10.1080%2F07853890.2026.2698905&rows=1,2026-07-29T20:24:17+00:00,200,165d250f50bc7d78f661da826088d6cb4181b10193bb922f1c884d1ae92e5bdc,data/raw/scholarly_metadata/crossref/4107c38ccb7e22b04028e71032b28e7a000fa0eb85a00c97108b95d44e15e3a1.json,True,1,,,
crossref,https://api.crossref.org/works?filter=doi%3A10.1016%2Fj.ijcha.2026.101977&rows=1,2026-07-29T20:26:21+00:00,200,dcb0ab98ea6198c9a6c4c1ee4d51e3cd1a9e240a480aae06f0becc521cd3063b,data/raw/scholarly_metadata/crossref/42459d24769aaacc54b2469212c2f04be3931fce3ac50da1e0792b83bb350806.json,True,1,,,
crossref,https://api.crossref.org/works?filter=doi%3A10.1371%2Fjournal.pmed.1005180&rows=1,2026-07-29T20:25:03+00:00,200,7e8dafb6054f8f2ca1f8473a85736d95c281b76dcd481d3c541a8a516b893c51,data/raw/scholarly_metadata/crossref/45551ad8142741483d65f3e3d7212a43145a0ea7be7da2c8f132d8fe8fb56e9e.json,True,1,,,
crossref,https://api.crossref.org/works?filter=doi%3A10.1002%2Fhsr2.72620&rows=1,2026-07-29T20:26:09+00:00,200,9aa5881f6d5d21af907d5cdfe5194feac5f6b7a0b181f549a92526cb2c820d0b,data/raw/scholarly_metadata/crossref/45b79aaad14d5d5da0f6379335c498340b499f7d360005447452dfafc0d5a8e6.json,True,1,,,
crossref,https://api.crossref.org/works?filter=doi%3A10.1161%2Fjaha.125.040962&rows=1,2026-07-29T20:21:39+00:00,200,5911862a91ed8349f60dece67ee1e1b8111d6150f12ded584a53abae94e50f5e,data/raw/scholarly_metadata/crossref/46879c260582ecdfb36181e46bd1ddb375c3fc7ae2daaff32ebd5cf52f07124e.json,True,1,,,
crossref,https://api.crossref.org/works?filter=doi%3A10.1590%2F2175-8239-jbn-2025-0241en&rows=1,2026-07-29T20:22:27+00:00,200,d348fa37cfd64cddbd81b2df8c7013c7685c275c6af7cc2dd9e352c1950be6c1,data/raw/scholarly_metadata/crossref/47af6906b0dae8d103d12b532139d6f11bb5e7e939c70ab70a449af65d4a1818.json,True,1,,,
crossref,https://api.crossref.org/works?filter=doi%3A10.3389%2Ffnut.2026.1877513&rows=1,2026-07-29T20:26:54+00:00,200,35322a479c59e7a03801e68b27c59c74b3fa372e69ce51a6d9eb5243e1ef2dea,data/raw/scholarly_metadata/crossref/48ae6f79ee134a568e07dc3be323e8692be225e8be3b8409235f6c39734ee400.json,True,1,,,
crossref,https://api.crossref.org/works?filter=doi%3A10.1016%2Fj.ahjo.2025.100676&rows=1,2026-07-29T20:21:52+00:00,200,3ea1e8ee7c6d7a642cdd7efcab2b34a3576475287fa33f76bcfbf973eacce377,data/raw/scholarly_metadata/crossref/494bb70c38f0e44ef214fa02a9547833f532413933b4fa81b7dac06eadea1b5d.json,True,1,,,
crossref,https://api.crossref.org/works?filter=doi%3A10.1161%2Fjaha.125.041413&rows=1,2026-07-29T20:21:44+00:00,200,d48f1af12619413df87f2bbb17aecb53166addb34763282d93863b417dd3af71,data/raw/scholarly_metadata/crossref/4ba726c37be3fc8d766518af19c6d4702460edecf2f69f3cc08b0d9ab39d4a3b.json,True,1,,,
crossref,https://api.crossref.org/works?filter=doi%3A10.2196%2F72497&rows=1,2026-07-29T20:21:21+00:00,200,a4ab22974b35e5afb573ccc03d8acbd04d9eab1ff5ac35acf0cd3e6465b03e18,data/raw/scholarly_metadata/crossref/4c753e5867d7f9da909a46e4930e499fbaa11949277e6c9c8d29334d60d3ff06.json,True,1,,,
crossref,https://api.crossref.org/works?filter=doi%3A10.3390%2Fhealthcare14142221&rows=1,2026-07-29T20:27:34+00:00,200,22a602480399c7ea7ecf5a92b600c179392d463ef9c62bfbd3ff990c6276c161,data/raw/scholarly_metadata/crossref/4caffa4a3aed1291b6dd9d05831048ea9599ea4e9374268b69020f5ceffa7201.json,True,1,,,
crossref,https://api.crossref.org/works?filter=doi%3A10.1136%2Fopenhrt-2026-004236&rows=1,2026-07-29T20:27:19+00:00,200,43b339c5d0e33d0511acc57443cb0218bd5c27e4e4df9fd3c651767c7246fd19,data/raw/scholarly_metadata/crossref/50c6084fd0fdb58fa66fddc67f3c2be20a98d99dbe6304a2fd406c352f883622.json,True,1,,,
crossref,https://api.crossref.org/works?filter=doi%3A10.1097%2Fmd.0000000000049321&rows=1,2026-07-29T20:23:10+00:00,200,a1ef87f9f58262ccc7c1e26e3ec367c6e239765077b3ba31e1c7e2ea453e5494,data/raw/scholarly_metadata/crossref/516312a36121327f0ae185d5e1dbacb7695fc854a72af0c8eaea9f4f13e85dde.json,True,1,,,
crossref,https://api.crossref.org/works?filter=doi%3A10.1097%2Fmd.0000000000049742&rows=1,2026-07-29T20:24:32+00:00,200,22ddfa59d8e86ff6c06efa2d613dcb5f9f5a9fd3b26fa131f399154170c313d2,data/raw/scholarly_metadata/crossref/51828bb6ed0ec60334401c03eba852ec901b4e728f1b1723585829131f52378e.json,True,1,,,
crossref,https://api.crossref.org/works?filter=doi%3A10.1111%2Fdom.16040&rows=1,2026-07-29T20:20:28+00:00,200,ab6ea5bc8538662161eefda0ad2b9d5218cb95ac210fb41fd9e24d2840bdcf97,data/raw/scholarly_metadata/crossref/542a7444be86b420b0d577aaa6d5ce38305629274129415928e8dd5ff737fb54.json,True,1,,,
crossref,https://api.crossref.org/works?filter=doi%3A10.1016%2Fj.jacadv.2025.101825&rows=1,2026-07-29T20:21:07+00:00,200,d63ed2f1b1c90ad9db7356ab767f305fa3b8e5a4386f2b44e677341bc8dbb4d2,data/raw/scholarly_metadata/crossref/5504e54daeea8a68cfbc85f1b93fdbc382afdbba51b21e1b6dbbdd47aebcb670.json,True,1,,,
crossref,https://api.crossref.org/works?filter=doi%3A10.1093%2Fbjsopen%2Fzrag054&rows=1,2026-07-29T20:23:01+00:00,200,afb368db2f270a2f81b97bb13c83d556575419d21b74538d1315324cf6c4b3bc,data/raw/scholarly_metadata/crossref/55fe65cd27ead21888aa9b499905f0446c890cb3e4e0d9f79c3fa577a312fb83.json,True,1,,,
crossref,https://api.crossref.org/works?filter=doi%3A10.3390%2Fjcm15145627&rows=1,2026-07-29T20:27:39+00:00,200,6c883fcdfbe02b7c9923c262a7a66f6ccd651d60b28ba9483852432b2ea23866,data/raw/scholarly_metadata/crossref/5633ff8e5523e7c6795b74664dd9bba1022e7f4d4011477f507c4fa17b316a90.json,True,1,,,
crossref,https://api.crossref.org/works?filter=doi%3A10.20945%2F2359-4292-2026-0076&rows=1,2026-07-29T20:26:42+00:00,200,d2dc98680f770ffcbfec609bd746f736728b2e65b5489f78bb714c8359d2c7b3,data/raw/scholarly_metadata/crossref/57bafa0ed4eb923cb91f0e0fdf44ad0dd9c7f346f38f561629c0711a50005263.json,True,1,,,
crossref,https://api.crossref.org/works?filter=doi%3A10.2147%2Fdddt.s615968&rows=1,2026-07-29T20:25:52+00:00,200,0f9ec25dfb703b7e612196ff6e878252c4a1af405defe478cfd2a733657792d5,data/raw/scholarly_metadata/crossref/5822da7d142de064300a53365d88afd15b45b1e80876a96fb6f75f1b33216a13.json,True,1,,,
crossref,https://api.crossref.org/works?filter=doi%3A10.1093%2Feurheartj%2Fehaf677&rows=1,2026-07-29T20:23:13+00:00,200,c0be52bd4f5e0b1e9ad43877a8c59d68603f0e330a817d323bc4568ff18dab05,data/raw/scholarly_metadata/crossref/587b70d5cd944f4d1ba41469dde67919b4bda95ebb2965e13092f425eb3c5b46.json,True,1,,,
crossref,https://api.crossref.org/works?filter=doi%3A10.3390%2Fjcm15135302&rows=1,2026-07-29T20:24:30+00:00,200,5c5fdb32c91ce88097c2b31fd4988a61b860f91eee436df0d6ea0dc5c56e1640,data/raw/scholarly_metadata/crossref/58d361e4a855926856423e065d3fadde872a1dcbc4a3b4f86d4f4d5c001dea06.json,True,1,,,
crossref,https://api.crossref.org/works?filter=doi%3A10.1007%2Fs44197-026-00615-x&rows=1,2026-07-29T20:25:06+00:00,200,f080ec3d9036947022220d8375ca26719a1d0ef6c6df54f641a1200bc62bf896,data/raw/scholarly_metadata/crossref/59ae2467b85a324b92433acc2ad0998f0c83680eebf3a73f5d7391698c327ed8.json,True,1,,,
crossref,https://api.crossref.org/works?filter=doi%3A10.1371%2Fjournal.pone.0353388&rows=1,2026-07-29T20:25:01+00:00,200,b5cd81f29c0a8ce394d9f57ce8b28bb752fefab4d56e99049c8c009d1bbdfa79,data/raw/scholarly_metadata/crossref/5b3f058fc2118205f0612cf1771c1d3e0daaf13e95ed1d3e2bfe798d6dceb7e2.json,True,1,,,
crossref,https://api.crossref.org/works?filter=doi%3A10.1136%2Fbmjph-2025-003402&rows=1,2026-07-29T20:22:16+00:00,200,2486637c228f3cd1f430779143d48055fbd0ae1f3e37f332537c716dc3f506e8,data/raw/scholarly_metadata/crossref/5dda187ea2699fa3f8908b0158a6088724baec063d41cedf2ef638aa5607a299.json,True,1,,,
crossref,https://api.crossref.org/works?filter=doi%3A10.3390%2Fjcm15135275&rows=1,2026-07-29T20:24:36+00:00,200,80d35ad723451ee3ebfc5bab9b8ac795ed38f05f35447d0251985cea93a02785,data/raw/scholarly_metadata/crossref/5e3928c9ea0792d7fc9833aa72948ed77ad17c55476c72fb6dad91f5fe883678.json,True,1,,,
crossref,https://api.crossref.org/works?filter=doi%3A10.3399%2Fbjgpo.2024.0197&rows=1,2026-07-29T20:21:32+00:00,200,00ec6c9210b6eee696956b31cf97e7ad23c0a1f67d8e0678d3cbc361762d87b5,data/raw/scholarly_metadata/crossref/5ed2ebf79aef257b6b123730b26bf4d53f55b46df99fab4ac241edd4b47e8ed3.json,True,1,,,
crossref,https://api.crossref.org/works?filter=doi%3A10.4239%2Fwjd.v16.i6.105080&rows=1,2026-07-29T20:21:09+00:00,200,d7f6cfd4a697bbbc13f344f9c5d8765034ddcd03a2e5a6db3b87a00218297e34,data/raw/scholarly_metadata/crossref/5eec4a6e7faccd93cc8f663b6a749068d87d71299b3b805d92f47b86e43144b0.json,True,1,,,
crossref,https://api.crossref.org/works?filter=doi%3A10.1002%2Fhsr2.72801&rows=1,2026-07-29T20:24:53+00:00,200,af3feb7cf08eb02e62782029ce3219fa244c3aa6b998f239b06990d7f2a0b489,data/raw/scholarly_metadata/crossref/6175d8046b5084c1917f51289e9c251ce8bdc14ccda2a22bcf444ad5dcf69487.json,True,1,,,
crossref,https://api.crossref.org/works?filter=doi%3A10.1097%2Fhc9.0000000000001013&rows=1,2026-07-29T20:27:36+00:00,200,532a5a6cadc44c73778534a74fc90d920f4e4bf5f8b8f6979f822b1492683c7b,data/raw/scholarly_metadata/crossref/63ede68ee3ad894bc3eafed8d3c6e879e434bcda813ad2c60c2ee5ba75b5a623.json,True,1,,,
crossref,https://api.crossref.org/works?filter=doi%3A10.1097%2Fmd.0000000000049786&rows=1,2026-07-29T20:25:29+00:00,200,97a569649078f674ffb1d77aad934ba9756bd7a892ac78100ff7f71297d47bea,data/raw/scholarly_metadata/crossref/67215a2358c1ce3458a3f974298dcf091590a6204cc95526648e4e80deb67732.json,True,1,,,
crossref,https://api.crossref.org/works?filter=doi%3A10.1002%2Fclc.70422&rows=1,2026-07-29T20:26:59+00:00,200,83ef03200d344a5263c0a771cedd38887994473695e6d23227c2c0a174d383f8,data/raw/scholarly_metadata/crossref/678c563e490df5b4ff925fca75455a5f9b4a6089d202b57783ba690a702b69d1.json,True,1,,,
crossref,https://api.crossref.org/works?filter=doi%3A10.1371%2Fjournal.pone.0353113&rows=1,2026-07-29T20:22:34+00:00,200,017f3f225226bffdc3e3b1000401f782b87d31583af4048cfce57838d092578d,data/raw/scholarly_metadata/crossref/68766e132078f838dfe6f8eab29486c3e9885b320a53f28e6f152b6511c30086.json,True,1,,,
crossref,https://api.crossref.org/works?filter=doi%3A10.3389%2Ffneur.2026.1864966&rows=1,2026-07-29T20:26:33+00:00,200,6be45cf3311317a9d7dc1847de5c1972202bd93e964ba3f1917e6daee8f11734,data/raw/scholarly_metadata/crossref/6b5fd5de5457bde3e00172cff9420a7ff1b2d74cf942945867fe49f7925cc649.json,True,1,,,
crossref,https://api.crossref.org/works?filter=doi%3A10.2147%2Fdmso.s624979&rows=1,2026-07-29T20:24:04+00:00,200,ca2e594211f29a47127e01832ac052889513cb1bf8049947d762baff263027ef,data/raw/scholarly_metadata/crossref/6c68c567a4a0318ee6862f107815df766930526a89ea5f962c8654bb8449bf51.json,True,1,,,
crossref,https://api.crossref.org/works?filter=doi%3A10.1371%2Fjournal.pone.0352164&rows=1,2026-07-29T20:22:39+00:00,200,43062664a34e04dc851af1fe54258bb8523e077d4b8711d12c19d85277056dbd,data/raw/scholarly_metadata/crossref/6c75c4ac4f19fbd6854d17f32b725ff0b587e010f8a19b0bc9b8c160d5a05013.json,True,1,,,
crossref,https://api.crossref.org/works?filter=doi%3A10.3389%2Ffendo.2026.1844215&rows=1,2026-07-29T20:25:47+00:00,200,e093c6f594c50ac0f9c47eab6cc76d28a85d923573b6c3532f90c5b1f09a4fc6,data/raw/scholarly_metadata/crossref/6cf5d6df27bfde60c7dcb599355675a0fd8eec94c20931c9d0f9aef426925b4f.json,True,1,,,
crossref,https://api.crossref.org/works?filter=doi%3A10.1371%2Fjournal.pone.0353160&rows=1,2026-07-29T20:23:42+00:00,200,c2209bb026c15aea5ea275ef8d05f2914ec9c40c7710383e5ddbacc61a3e8203,data/raw/scholarly_metadata/crossref/6fc457df24d89c710d4a4e7e1f78fab737576940cebdfdb807cb9e31b3fc2c0c.json,True,1,,,
crossref,https://api.crossref.org/works?filter=doi%3A10.2147%2Fijwh.s614197&rows=1,2026-07-29T20:24:22+00:00,200,36ee04d02decd5c049971e7ecb5f4c488d62a1910367ff143eb173c725a13664,data/raw/scholarly_metadata/crossref/758737fcbdeaa5f0b4bae2e4112c490e2904507da105644a9718c10522827af1.json,True,1,,,
crossref,https://api.crossref.org/works?filter=doi%3A10.2196%2F93631&rows=1,2026-07-29T20:23:05+00:00,200,8bf4c1556fcf72255d1ab3667aea21d402bcac327d63436aa0bb5e2e326dfe05,data/raw/scholarly_metadata/crossref/75875b559158a851fa7000f4b4c234a1d92b22a965be7e6b2651fad21585d10d.json,True,1,,,
crossref,https://api.crossref.org/works?filter=doi%3A10.1186%2Fs12889-025-21609-7&rows=1,2026-07-29T20:20:40+00:00,200,cf962406c1674994b748c330e86324af858f15a3c2c6a460dfae319c7b316905,data/raw/scholarly_metadata/crossref/790c992892a211ed4ccff5c8743fe2488cdae2fa0519538d7e7399bc837abe80.json,True,1,,,
crossref,https://api.crossref.org/works?filter=doi%3A10.3390%2Fjcm15145453&rows=1,2026-07-29T20:27:31+00:00,200,f421bdfb9c4a25ca59d2f59433e19631833e41fa81045534ec675757d02669bf,data/raw/scholarly_metadata/crossref/7b77348053b6f7b227e64491d54c88e34923e34bf6a1c7f27c921abe9f117f80.json,True,1,,,
crossref,https://api.crossref.org/works?filter=doi%3A10.2196%2F91051&rows=1,2026-07-29T20:23:18+00:00,200,ef53c96d817aba1621e4bc53294b4a639a780db65b02872e569da4891c27b56b,data/raw/scholarly_metadata/crossref/7df9586204c8f4944427874489db4567e2587147c4599f1fe59c76cc17589f2b.json,True,1,,,
crossref,https://api.crossref.org/works?filter=doi%3A10.1016%2Fj.isci.2026.116526&rows=1,2026-07-29T20:23:50+00:00,200,cb17f84ce790019ddf42ef672b488733c489d2ee8902051a8d251f1f51441ce8,data/raw/scholarly_metadata/crossref/7e602c4ceaf3b7e502fd992156598f394cb6807183174aa98079e1a19661ed65.json,True,1,,,
crossref,https://api.crossref.org/works?filter=doi%3A10.1002%2Ffsn3.72109&rows=1,2026-07-29T20:24:11+00:00,200,d8f1333a38d7fac91dd9e6507852e5f529277be0354299c308710295629fb1c3,data/raw/scholarly_metadata/crossref/7f056a0059c26699e3d8f3c20d410ec88e4518e9014fedb229bf482ac9bc7cf6.json,True,1,,,
crossref,https://api.crossref.org/works?filter=doi%3A10.3390%2Fjcm15145671&rows=1,2026-07-29T20:27:44+00:00,200,02b825effecb27c700c90ca50b60366ed7228f30ec03350cfde90128646426da,data/raw/scholarly_metadata/crossref/8046ee3e7ea18729ae56342c5ed0bd0796760ddfecdbdc27c59be82167fa5ec3.json,True,1,,,
crossref,https://api.crossref.org/works?filter=doi%3A10.3389%2Ffmed.2026.1899226&rows=1,2026-07-29T20:26:36+00:00,200,6670c5a2bbe0c12a67eb0acf2362e582eb4944dcadfdddcfba86ade30399d6c9,data/raw/scholarly_metadata/crossref/80a9598fee56f7150387df041b543bd574a6435d3b8292d1dff333e8d3835a22.json,True,1,,,
crossref,https://api.crossref.org/works?filter=doi%3A10.1007%2Fs00420-026-02224-4&rows=1,2026-07-29T20:23:15+00:00,200,0b19f5d0f96a30af426eba6cd6bff3238a7e14227105193aebe353aa33aa551a,data/raw/scholarly_metadata/crossref/8162a70851e77d834e2e7e85ba4310312da4a6469964e57140db0b16a6d4dfb9.json,True,1,,,
crossref,https://api.crossref.org/works?filter=doi%3A10.1007%2Fs00431-026-07214-9&rows=1,2026-07-29T20:24:58+00:00,200,92823715fc7740dd2cc3a4de4bcd09db557b19fc3397809f0fb47d6c1d6cee2e,data/raw/scholarly_metadata/crossref/85a8b75174a9fd1935d4b866ee9f4f682d61cddde185cacf66a2a15d913e1013.json,True,1,,,
crossref,https://api.crossref.org/works?filter=doi%3A10.3389%2Ffnut.2025.1657587&rows=1,2026-07-29T20:21:34+00:00,200,008b3b1b090c2568972f742aee17941a7a6999618c797d51d3b71c702ffc6cfb,data/raw/scholarly_metadata/crossref/87dcb2d9b1c79758df4b5dead573ba0d2b36dec039d3bbea4bfab1f5623d2811.json,True,1,,,
crossref,https://api.crossref.org/works?filter=doi%3A10.1136%2Fbmjopen-2025-115135&rows=1,2026-07-29T20:25:54+00:00,200,3a81fa18fd6932edf2ba7cb2b489bf16dc7a8402fe96cf66f51f1e0a5f68d065,data/raw/scholarly_metadata/crossref/89d452b941d399c5011961103cb44f257fdabb473c4a335b2c55b8c08c97ca18.json,True,1,,,
crossref,https://api.crossref.org/works?filter=doi%3A10.1161%2Fjaha.124.037597&rows=1,2026-07-29T20:22:03+00:00,200,23525f5c546ab31d92835efd7b8337c9e4148bcf4b43b512c8f3b52246de4524,data/raw/scholarly_metadata/crossref/8bd59cfc65759a562408f70b86b6d413841a67775fe843dd4399e55865a0b433.json,True,1,,,
crossref,https://api.crossref.org/works?filter=doi%3A10.7189%2Fjogh.14.04176&rows=1,2026-07-29T20:20:23+00:00,200,e33bca52010c15beaa0704cd5074db5995bfb152b2aed91d9e1d590446ea93d0,data/raw/scholarly_metadata/crossref/8d161ce09c3f6981f3041bf75032e16a22fab89406601e0899379e703ef4b7cf.json,True,1,,,
crossref,https://api.crossref.org/works?filter=doi%3A10.1136%2Fbmjopen-2024-086919&rows=1,2026-07-29T20:20:33+00:00,200,9bc9417e35a1626b0d006bb78d8d30cc21116fbf5720d7318c21e88ae8a1e55d,data/raw/scholarly_metadata/crossref/8fae50f6c7dca63c5f2a2ae0b579a318c433dec5ecd70998dca1a2a7e893a58e.json,True,1,,,
crossref,https://api.crossref.org/works?filter=doi%3A10.1038%2Fs41598-026-63006-z&rows=1,2026-07-29T20:27:17+00:00,200,f57fda94353595870e285d6bf70487b052b325dfbd74f1571aaeb4998f37308d,data/raw/scholarly_metadata/crossref/90bceafec51aa03cf87b4ada8389a6209421130bb2340d89a92f6d2c2a227acc.json,True,1,,,
crossref,https://api.crossref.org/works?filter=doi%3A10.1007%2Fs40200-026-02002-6&rows=1,2026-07-29T20:23:35+00:00,200,d2b60aa110d34503d6f5f95f7f9ce2f66c6925228c8f3afa0117d6c196bdebce,data/raw/scholarly_metadata/crossref/91c83679d527d60c846b861f5a461bc455fcda157295b14794ada9137f62e599.json,True,1,,,
crossref,https://api.crossref.org/works?filter=doi%3A10.11613%2Fbm.2025.030502&rows=1,2026-07-29T20:21:17+00:00,200,e5ee91cb067e4b3e04317cad35783ad044fca4aa53f40bb8904bb2861dd246f3,data/raw/scholarly_metadata/crossref/92eae1fa65cc5f81741bc90efdeef56614d03c035ef19f0e7a41f1660bba8fa8.json,True,1,,,
crossref,https://api.crossref.org/works?filter=doi%3A10.2147%2Fjhc.s611091&rows=1,2026-07-29T20:24:20+00:00,200,45ce1411ac16c4db7849eb7272079b4c54094a48a6025b945337c19326e5f8cc,data/raw/scholarly_metadata/crossref/95878e5cff8f8d6585bc05a9777fda937debeeec0b2486bb3afd22eff5776f1c.json,True,1,,,
crossref,https://api.crossref.org/works?filter=doi%3A10.1097%2Fmd.0000000000049567&rows=1,2026-07-29T20:23:08+00:00,200,45583053b90b3e74dde8bfa66f0ee29a7eee9017e9bdecded3160e1aa97f02b1,data/raw/scholarly_metadata/crossref/973c90254e37aab0a3a116f38201ee3970d0bdb57f822d637e10f3583fb806a8.json,True,1,,,
crossref,https://api.crossref.org/works?filter=doi%3A10.1093%2Fesj%2Faakag086&rows=1,2026-07-29T20:26:44+00:00,200,8977e5b06f35b2835ebba0dcf4f1a9af3669d80f2e06678e29438f330807ca68,data/raw/scholarly_metadata/crossref/979ff16d9357ec7e7536aba88d45fcfd7a7ff9b4939ad1800d8ff81ff335d5bb.json,True,1,,,
crossref,https://api.crossref.org/works?filter=doi%3A10.1136%2Fbmjopen-2024-092374&rows=1,2026-07-29T20:21:12+00:00,200,9aaf98a8a377eb2a2e597416ae265e180df67a12263d3d9ea8adda1c645dd94c,data/raw/scholarly_metadata/crossref/9b5972bec335b7a9926c5326acd7cac61d8b572f4c57c38fe4eeecc03880fc64.json,True,1,,,
crossref,https://api.crossref.org/works?filter=doi%3A10.1111%2Fdom.16217&rows=1,2026-07-29T20:20:45+00:00,200,2a58d9526d781a0a96d50fe815e5e0a25c4a4b2e496209d2be0a5b051d701b31,data/raw/scholarly_metadata/crossref/9c134d4a285e700103a4b457785ceab82206e54b464cbe5fbf76630b7c7234f7.json,True,1,,,
crossref,https://api.crossref.org/works?filter=doi%3A10.1002%2Fbrb3.71578&rows=1,2026-07-29T20:23:37+00:00,200,6bcb0b1d215ff8d1298930344eae7669d3ce2a0c466fe17f53ac5ade918f1ad2,data/raw/scholarly_metadata/crossref/a069d1a5c27054b76e8a25f061516125ec9baa79fe8752163b753c7387a9f667.json,True,1,,,
crossref,https://api.crossref.org/works?filter=doi%3A10.1016%2Fj.ijcrp.2025.200391&rows=1,2026-07-29T20:20:48+00:00,200,8a3154c61d68b85d526f1097b4a80e28db7c26e4de3226d041cb0bd63b41b157,data/raw/scholarly_metadata/crossref/a3852b89e0c2bba4f5df9798145b8d7090c409fbd0e09bcebe3d90c23be64796.json,True,1,,,
crossref,https://api.crossref.org/works?filter=doi%3A10.3389%2Ffpubh.2024.1487034&rows=1,2026-07-29T20:20:30+00:00,200,83edfebc80a8d45aac3b701a0c500762a90b0463d2934c3580e4d7d90f7c70fa,data/raw/scholarly_metadata/crossref/a68f74fa51c70b1c62be57fce01a9e501139ab21e71271a7e5f999cf99fc1d4c.json,True,1,,,
crossref,https://api.crossref.org/works?filter=doi%3A10.1186%2Fs12933-026-03279-w&rows=1,2026-07-29T20:26:19+00:00,200,ab7e0d1b3ca118ef909c8aa415c4e0d28937933da37c7bb8c881d37c2bc09a63,data/raw/scholarly_metadata/crossref/a8d8fdb16e2f978b9be9591d97bf0f583465949068e0c463b52b12ebfa920d6e.json,True,1,,,
crossref,https://api.crossref.org/works?filter=doi%3A10.1371%2Fjournal.pone.0354433&rows=1,2026-07-29T20:26:14+00:00,200,57995fdfba1d1d2415fbc7e398808c860b7a4bd911bd3fc132b1e72ce390f611,data/raw/scholarly_metadata/crossref/a961848398e2a04c0e79de1778abf31918c1ae64e597a41f77f0bf5c004184a3.json,True,1,,,
crossref,https://api.crossref.org/works?filter=doi%3A10.1016%2Fj.jacadv.2025.101767&rows=1,2026-07-29T20:21:04+00:00,200,a37b66e7a3211502d814a9c5f0939b237538c45223d8d6d921e5fcda394a5186,data/raw/scholarly_metadata/crossref/ae7689f0b639edde56e20c2caf6291eaa30cdae5e299edab7670e6089b593196.json,True,1,,,
crossref,https://api.crossref.org/works?filter=doi%3A10.1093%2Fcid%2Fciag261&rows=1,2026-07-29T20:23:20+00:00,200,b36b23a804717995fe6f28efb476b6229e1faf64d7447e77184a242a71ffa554,data/raw/scholarly_metadata/crossref/aebfde74fbf1966cc18e545c4701303018c0b52225f2b0f678a4384cae26eec3.json,True,1,,,
crossref,https://api.crossref.org/works?filter=doi%3A10.1016%2Fj.jtumed.2026.07.003&rows=1,2026-07-29T20:26:24+00:00,200,3c0e84be1d0e4ed873f11e63455303cc911867e3ee051a84be7f9074a24ca5f5,data/raw/scholarly_metadata/crossref/b01482ddf180aff25f0f13d3bd9c6072ecf67d6606d128ec4d50b05335aebc1c.json,True,1,,,
crossref,https://api.crossref.org/works?filter=doi%3A10.7189%2Fjogh.16.04204&rows=1,2026-07-29T20:22:55+00:00,200,accd0e1ee1231d529bd7e7e7c0ca7336d86f22f14436a8af0fef22c31a8fb540,data/raw/scholarly_metadata/crossref/b2e2011dea3dd5091043438f243b69777acc1363b080290611b5acb265b6f1f8.json,True,1,,,
crossref,https://api.crossref.org/works?filter=doi%3A10.3389%2Ffendo.2026.1873073&rows=1,2026-07-29T20:24:55+00:00,200,b912e40bd9325e22fe79b0771790ce18245c9c0e89b09815d75d168097dfe9ae,data/raw/scholarly_metadata/crossref/b3dee4720ce0c2737d092ecf68e74856c9078690e42792c02934f348a6502b03.json,True,1,,,
crossref,https://api.crossref.org/works?filter=doi%3A10.21542%2Fgcsp.2025.4&rows=1,2026-07-29T20:20:55+00:00,200,32f640b531c40a70e0a6ab8deb984cdac1f3b30769c2e8edd1ba883ad9d5071b,data/raw/scholarly_metadata/crossref/b3fdddd84645167bc8558f2a13382e0c4b95af8038026ccb3e08f02cb7c20ef3.json,True,1,,,
crossref,https://api.crossref.org/works?filter=doi%3A10.1007%2Fs00392-025-02736-y&rows=1,2026-07-29T20:22:14+00:00,200,aa999b87c6c7980ab8277ae6232917656b373c7486acf033c3c707c82c6a66bc,data/raw/scholarly_metadata/crossref/b5eff0e0e82b766dc59acfd8d3e9dff967f0c474e0b90cc6b4be06b2cb8160b5.json,True,1,,,
crossref,https://api.crossref.org/works?filter=doi%3A10.1186%2Fs41043-025-01083-y&rows=1,2026-07-29T20:21:37+00:00,200,9bad9e53b6a4b031937aada51870b9d0c8c8c3e3e2e768f152e00a064784ed52,data/raw/scholarly_metadata/crossref/b6ea6c8a1d7e23bd38e42b0831766db909e3e5f39634c82c89a9b8318416788a.json,True,1,,,
crossref,https://api.crossref.org/works?filter=doi%3A10.1016%2Fj.jhepr.2025.101479&rows=1,2026-07-29T20:21:19+00:00,200,07bd7b2c6e3cc7410a842e2be3aebb3eb5a8d14905de3606fcd1ccf334156f95,data/raw/scholarly_metadata/crossref/b73ca93d83bd8ba0d5c48fad35f7f1f9615dd71e1c11a9967906a6179d77a211.json,True,1,,,
crossref,https://api.crossref.org/works?filter=doi%3A10.1016%2Fj.eclinm.2026.104071&rows=1,2026-07-29T20:25:21+00:00,200,25d7e05b4686b821f0407c988795841997e70c28c1c759396fdd26841b44759b,data/raw/scholarly_metadata/crossref/b7d375276837e00d612dc9ad46da46ae142026609e51b00fd3294600438c6d6f.json,True,1,,,
crossref,https://api.crossref.org/works?filter=doi%3A10.1186%2Fs13690-025-01577-5&rows=1,2026-07-29T20:20:50+00:00,200,9c4c7b23f1d2b31f96f9bd0cd2b51434d872a56eeef56443a09743d55ad10c2c,data/raw/scholarly_metadata/crossref/b8b29f90393b39094b6611699e1f3d5ea24c5ade42bc5f69a66f844bccc5164c.json,True,1,,,
crossref,https://api.crossref.org/works?filter=doi%3A10.1186%2Fs12967-026-07850-7&rows=1,2026-07-29T20:22:24+00:00,200,e450ee02ebd1151e4ce0a5f8dbb71ea0fd56915ce5f7457df9e5548e7d53c84b,data/raw/scholarly_metadata/crossref/bc80069f8908605087bf41d77d3ec23b90ea2da5b165b800b7002f5f9baeffdf.json,True,1,,,
crossref,https://api.crossref.org/works?filter=doi%3A10.1111%2Fggi.70627&rows=1,2026-07-29T20:22:43+00:00,200,b1976d5ce0413ba239e2bf9f0451e9018bb6badc01ae99088faccf2f827b3b25,data/raw/scholarly_metadata/crossref/bf10cd1c280067b1d58ce0cdb4be17ba23e46471e90828ce15744cef9309e86d.json,True,1,,,
crossref,https://api.crossref.org/works?filter=doi%3A10.1016%2Fj.lanepe.2025.101428&rows=1,2026-07-29T20:21:24+00:00,200,fd2be7a915ee43689d0913ae66266baf5bee4fcd8b90ba8c5bc838b8b662058b,data/raw/scholarly_metadata/crossref/bfe60c13d9da15f22b9c6ac755a3141cacfd65e1f61ed3017c13b3a5b7c1d0fa.json,True,1,,,
crossref,https://api.crossref.org/works?filter=doi%3A10.1093%2Fjrr%2Frrag036&rows=1,2026-07-29T20:26:49+00:00,200,58e85d925cdc794c000b219f2e5c3c7443d941ffbf7192b2c8fd510dff5b2161,data/raw/scholarly_metadata/crossref/c2c22dc3d70e481851535d06fb9c48a0d3972c046339e52918afbf8a1907eb73.json,True,1,,,
crossref,https://api.crossref.org/works?filter=doi%3A10.1097%2Fmd.0000000000049836&rows=1,2026-07-29T20:25:35+00:00,200,5d71ddb631a980d7c4b559b8406c0529a2503d3eafb5ff41a9a59c1c30ede08b,data/raw/scholarly_metadata/crossref/c2e67ee022c1ed6c63eda4da10475c053185c4ee2609246e54c9ec3d92f7ea8d.json,True,1,,,
crossref,https://api.crossref.org/works?filter=doi%3A10.3390%2Fmedicina61122106&rows=1,2026-07-29T20:21:54+00:00,200,b4676579917f47531b069171448f501de8c128b24a1ef75b4368640c2077761e,data/raw/scholarly_metadata/crossref/c2f87a82783cdf183591d81289953232254df86a7038a2c11c1e896a930e9021.json,True,1,,,
crossref,https://api.crossref.org/works?filter=doi%3A10.1016%2Fj.jmh.2025.100306&rows=1,2026-07-29T20:20:43+00:00,200,bd6720cd781e96a5b0837483e10568260db5a92118a968e20121a122ed81d3a2,data/raw/scholarly_metadata/crossref/c65cfe2446849c4b5ca54a9537b630f9961505f9a6cbff9dd34afab6fb967ba3.json,True,1,,,
crossref,https://api.crossref.org/works?filter=doi%3A10.3904%2Fkjim.2025.082&rows=1,2026-07-29T20:21:49+00:00,200,d6435447d773bf5ae48337f6849be525a778172f1efbd86023427f42f786142f,data/raw/scholarly_metadata/crossref/c68f8fa288ec351bfba16c150ee53ccd04a1c3822b687b97e10e1df863236a50.json,True,1,,,
crossref,https://api.crossref.org/works?filter=doi%3A10.1136%2Fbmjopen-2026-116572&rows=1,2026-07-29T20:23:25+00:00,200,01e627e663b568dcbb7d0bfc35e7ccdd5d22a476d461d1ff3c66ba7fabed8e99,data/raw/scholarly_metadata/crossref/c7fb427c227db84be46b341273872142a6c1d6dbacee0a0b78b3bf29230053dd.json,True,1,,,
crossref,https://api.crossref.org/works?filter=doi%3A10.3389%2Ffcvm.2026.1830398&rows=1,2026-07-29T20:25:43+00:00,200,0c8c0f1eb2237e7b72a4435643a8a628e2942002b30a5f89237247151231fc26,data/raw/scholarly_metadata/crossref/c8b0ccd34de2b223257b3fc7b421f360d57ca8b36abc53d92b998dc69df03deb.json,True,1,,,
crossref,https://api.crossref.org/works?filter=doi%3A10.2147%2Fjmdh.s590099&rows=1,2026-07-29T20:24:09+00:00,200,f5542c0ae030d9ba30a5293505380c520aa26fa45036ee71ffa3776f9629dd81,data/raw/scholarly_metadata/crossref/c8daf0c931c0748c5af2e06c429991571b212a86ce8982381c5ea20eb9664b80.json,True,1,,,
crossref,https://api.crossref.org/works?filter=doi%3A10.3389%2Ffnut.2026.1854100&rows=1,2026-07-29T20:25:19+00:00,200,45ac186e6e2fc01d371a8dcb07d617574d457a995b2c32e9dff39c1cbc9ac4a3,data/raw/scholarly_metadata/crossref/caea4aaee19a6eb5556f2f78ab7de8d8790eb33414790baa6083235b479940bd.json,True,1,,,
crossref,https://api.crossref.org/works?filter=doi%3A10.1136%2Fbmjopen-2025-108156&rows=1,2026-07-29T20:27:14+00:00,200,a3ff58966a5e6d252b17bcace67a2b4b63fd43cd82257394f51e80cbbed0afd5,data/raw/scholarly_metadata/crossref/cc06403633445622cc4de89d1b8e1a9ee0e639bbe28afa61bf674bd4a1b336b5.json,True,1,,,
crossref,https://api.crossref.org/works?filter=doi%3A10.1371%2Fjournal.pone.0351780&rows=1,2026-07-29T20:25:11+00:00,200,a31509360df6de65b78fb58da64a9a5a07b8cc8c2e7c46b2905728869e7a8f99,data/raw/scholarly_metadata/crossref/cddf7380a05522486131e271b06f08c776794709ededaef726166a55cd5f8502.json,True,1,,,
crossref,https://api.crossref.org/works?filter=doi%3A10.1186%2Fs12933-025-02874-7&rows=1,2026-07-29T20:21:26+00:00,200,37ed5e898446c9fc35a149c2776e4dbd7b987182b10338dd5713fa4561da654e,data/raw/scholarly_metadata/crossref/d07fd4e3b8a074b9a8b2f1b6eeea6927a4849a8754e25c64c7dd5d5d15f34b0c.json,True,1,,,
crossref,https://api.crossref.org/works?filter=doi%3A10.1016%2Fj.jacadv.2025.101864&rows=1,2026-07-29T20:21:29+00:00,200,39176ba5e9ad09af1885ed9edd2a8b6c5abe70b06b3f61c28b5e90e488bd216d,data/raw/scholarly_metadata/crossref/d10a8d64a2e707d4292e711d199914cd76fb5f2450a9b1f0ae39702e925c5e94.json,True,1,,,
crossref,https://api.crossref.org/works?filter=doi%3A10.1111%2F1753-0407.70128&rows=1,2026-07-29T20:21:14+00:00,200,cfcaad65005708be1b4d67dd086fa4c34053136f094c046c9c5e9888cfab79f4,data/raw/scholarly_metadata/crossref/d35f9b5b2cbc9b9d0fcaba62c953de62b85103b0302053d56a180c0ad97b9e8f.json,True,1,,,
crossref,https://api.crossref.org/works?filter=doi%3A10.1002%2Fbrb3.71620&rows=1,2026-07-29T20:26:40+00:00,200,b658322e4f77754e0097a21541c67f1f9e60f59d200492b357f8155a4251099b,data/raw/scholarly_metadata/crossref/d3f707ccae4e185bb5454c16a583d22de9415b9a213c6c931e6e4fc3a26f83bd.json,True,1,,,
crossref,https://api.crossref.org/works?filter=doi%3A10.1177%2F20420986261462669&rows=1,2026-07-29T20:26:07+00:00,200,0a1b5c426d347f1bc85035ccdb1e689c7198433f1ec0b6edaa61f54df234c0df,data/raw/scholarly_metadata/crossref/d4357ffb7ae15020f9e37d1314e830ad1920a0df3d9a3716cebb12d7c82ed46f.json,True,1,,,
crossref,https://api.crossref.org/works?filter=doi%3A10.1371%2Fjournal.pone.0351075&rows=1,2026-07-29T20:23:32+00:00,200,ca103e0400fbcc307930ff47491b8e69e25aa2204e812cad7b00fc14ebc87cb5,data/raw/scholarly_metadata/crossref/d52c06c54d1a581298a3cae2469ac1db7a7959f98a59827258efe4373599a6c1.json,True,1,,,
crossref,https://api.crossref.org/works?filter=doi%3A10.3389%2Ffimmu.2026.1882018&rows=1,2026-07-29T20:26:17+00:00,200,c070409944c747a0c2fa86d8de6de746a373775ad4d606567af3e2ac0031c4e8,data/raw/scholarly_metadata/crossref/d6b9fe1f7e38f2c19055b9a8a18086e0e8297ddc6a1e821494fd689df6d0c421.json,True,1,,,
crossref,https://api.crossref.org/works?filter=doi%3A10.3389%2Ffendo.2026.1914586&rows=1,2026-07-29T20:27:01+00:00,200,a177df74a8e4d679666852e5199b98a2dd10b27ce5fe28def87512a43c562501,data/raw/scholarly_metadata/crossref/d750a601777e56d7c2bfb4132812c259edac7c5360a50f583ffce555af338501.json,True,1,,,
crossref,https://api.crossref.org/works?filter=doi%3A10.1016%2Fj.jacadv.2026.102937&rows=1,2026-07-29T20:26:47+00:00,200,9cd32b4d699716857b41a8880fcc94248a676c36d8926d89642dc08a3cc77116,data/raw/scholarly_metadata/crossref/d78e9f8bdda14d131e390630db5ea621916c093d282bb68773b52003cddbc912.json,True,1,,,
crossref,https://api.crossref.org/works?filter=doi%3A10.3390%2Fjcm15135291&rows=1,2026-07-29T20:24:38+00:00,200,9051a52fedeeaeef48f004c0444d31e54b51460c0737b4560d396cc6bd542811,data/raw/scholarly_metadata/crossref/d98eeb48df5c9ea3bba1c6a7323fcf22901ba471775cdfcd9f051f955e5c6aff.json,True,1,,,
crossref,https://api.crossref.org/works?filter=doi%3A10.1371%2Fjournal.pone.0353956&rows=1,2026-07-29T20:25:24+00:00,200,a343de77948134d4893d2c9a06d796e5873b1b4fc4015bd5271dfa6bbbc3d0af,data/raw/scholarly_metadata/crossref/da55adc87dd3c87637d5d99f41dc4adad0a236d95a2d072cce0f87a2a3b97f06.json,True,1,,,
crossref,https://api.crossref.org/works?filter=doi%3A10.3389%2Ffendo.2026.1857196&rows=1,2026-07-29T20:27:03+00:00,200,b7f82398422385e1095af98ca2b85bd89861b68d0ea30ce63f5f51723740ebc6,data/raw/scholarly_metadata/crossref/db2db8597eab07539366d2531c062f1eedddc163468020c4e317e3541edec537.json,True,1,,,
crossref,https://api.crossref.org/works?filter=doi%3A10.3390%2Fhealthcare14142043&rows=1,2026-07-29T20:27:29+00:00,200,cadd8cd7bcccf0a5984bdcdaaef9a2fc62709d6008e79bf84a08a71a23786599,data/raw/scholarly_metadata/crossref/db4e3229eced11f45ffcb036567393b6d03129ea19194a2daa0a454fd717303a.json,True,1,,,
crossref,https://api.crossref.org/works?filter=doi%3A10.3389%2Ffpubh.2026.1889187&rows=1,2026-07-29T20:25:50+00:00,200,8ee905e5a3d4a3a57967677c6f9531a22e236e58ab102e52c551f6e763ccc48d,data/raw/scholarly_metadata/crossref/db8fb9de679bcbcec8b88e6d9dca301aa0410039a206a245ad298ce11b8501de.json,True,1,,,
crossref,https://api.crossref.org/works?filter=doi%3A10.1002%2Facn3.70473&rows=1,2026-07-29T20:26:27+00:00,200,407071deb7324b71d3d050ae57e95083a330e0a46befe253bc6577afde28f479,data/raw/scholarly_metadata/crossref/dbb30dc66c99d6543cb32864f3860263144515b8b71f98a0df920340f1b445a1.json,True,1,,,
crossref,https://api.crossref.org/works?filter=doi%3A10.1371%2Fjournal.pone.0354691&rows=1,2026-07-29T20:26:31+00:00,200,5bdcc50ccad9a28a76ef6ed47a887fee576cdecb5fd01910bf53633b6faf1342,data/raw/scholarly_metadata/crossref/dbf98b90cbd9c1769fc9d27bad10433ebf94d038e8ef9e71a12a6148627a702a.json,True,1,,,
crossref,https://api.crossref.org/works?filter=doi%3A10.3389%2Ffcvm.2026.1832873&rows=1,2026-07-29T20:26:02+00:00,200,ec63feab80af9c328843ac795009e19fe798f8188accf393125a6caae0890c09,data/raw/scholarly_metadata/crossref/dc0477a7a036be462a2a5a0ccc4dcbeafeac79da7048e8c7ce0aaf514005495c.json,True,1,,,
crossref,https://api.crossref.org/works?filter=doi%3A10.1097%2Fmd.0000000000049695&rows=1,2026-07-29T20:24:27+00:00,200,20f2dac9855e6d34047aed8f66f164c2c5e53a99646ccbf56b6b35b1b11c428c,data/raw/scholarly_metadata/crossref/df09a8fa5e370182e9d5506d3473fb7048779cc3c1a53a1e3b7d2dcf8ff6f709.json,True,1,,,
crossref,https://api.crossref.org/works?filter=doi%3A10.12669%2Fpjms.42.7.13245&rows=1,2026-07-29T20:26:12+00:00,200,385a8551db005cff6765b58b6f7f4f3efacebdd67751da9e0271e3b4eb982369,data/raw/scholarly_metadata/crossref/e03de727840e3a8d0b90e1cf0e4ebb690fd0c96b91c7a0e98c5b19e43d764c7d.json,True,1,,,
crossref,https://api.crossref.org/works?filter=doi%3A10.1016%2Fj.jnha.2025.100754&rows=1,2026-07-29T20:22:08+00:00,200,e41377adc4e6a39ba1aa4db261514e35f09dfdbab94b76c4eff0d5eb556f6c70,data/raw/scholarly_metadata/crossref/e2a8cf4e1c163f03a3206a379a4270036e30ba28dfe8ec2d85fab0d11e83c125.json,True,1,,,
crossref,https://api.crossref.org/works?filter=doi%3A10.2147%2Fdmso.s569698&rows=1,2026-07-29T20:21:57+00:00,200,b2f2866a598d6d49b57aef4e2c111b984094143f21d023a69f70dab4eef6e20b,data/raw/scholarly_metadata/crossref/e2f6f9257925af6c244c69471bf1853dd86c3100aba2b93707c66450d5665c6c.json,True,1,,,
crossref,https://api.crossref.org/works?filter=doi%3A10.6026%2F973206300213000&rows=1,2026-07-29T20:22:00+00:00,200,a4dc824b892feaf7ccf51e1e10a849906cb142ea810a669e6cad0f3fb20250e8,data/raw/scholarly_metadata/crossref/e6c222200cc3f7a4db684c102ec037a512a7509a1a175ac41e758a15f3a3281b.json,True,1,,,
crossref,https://api.crossref.org/works?filter=doi%3A10.1136%2Fbmjopen-2025-112641&rows=1,2026-07-29T20:23:22+00:00,200,d7601b1b854653ab50b0ce61d4b29c6df994cc2648ed5f205519054a6dc68fe5,data/raw/scholarly_metadata/crossref/e965399425adfae901824972960d5d0d9e5ae2c097b7dd268f8fa399c664695c.json,True,1,,,
crossref,https://api.crossref.org/works?filter=doi%3A10.1186%2Fs12933-026-03208-x&rows=1,2026-07-29T20:23:03+00:00,200,df700cc1b8f84a1e3e3e6f9610bc04ab079efe3edf21bc70895134343e2717d9,data/raw/scholarly_metadata/crossref/e9a0fc845c9a7d5ecfa079f2b132eae78adc9b674959ddf7cb5ad54916b66c8b.json,True,1,,,
crossref,https://api.crossref.org/works?filter=doi%3A10.1177%2F11795514261471400&rows=1,2026-07-29T20:26:04+00:00,200,cadc3a69eb6e61fb538769d779a4ecb91d805b063562e182cac1d80be46096f8,data/raw/scholarly_metadata/crossref/e9a9cc5187ae372a8deeb7bd7d92184e58d5894aab055dfcdeb36a036d0bbb2e.json,True,1,,,
crossref,https://api.crossref.org/works?filter=doi%3A10.1080%2F0886022x.2026.2697379&rows=1,2026-07-29T20:24:43+00:00,200,40bdb76a2200b16c1482f9239c53d1edb7b86a760890d53e3e90f845aff10eb3,data/raw/scholarly_metadata/crossref/eaf18127f596cd9475334ef44661e06670a1c6875aac1c07b0e0e61c07f5dc94.json,True,1,,,
crossref,https://api.crossref.org/works?filter=doi%3A10.3389%2Ffneur.2026.1801145&rows=1,2026-07-29T20:24:50+00:00,200,80ab5d8ab6a8baabe10d0a381a75e1c95637ef1b086bd73d06cf81bfab9ca595,data/raw/scholarly_metadata/crossref/eb76eb50ef10e0c8dd1b5dc708aba65396bdea630fc99d749c8143ab1ecc8ece.json,True,1,,,
crossref,https://api.crossref.org/works?filter=doi%3A10.1097%2Fjcma.0000000000000835&rows=1,2026-07-29T20:22:06+00:00,200,5764861406969b4d76367cfa06fa5cd8fccce96d23cfa416b712324b1611e3b1,data/raw/scholarly_metadata/crossref/ed1f01bbeae10b786c2670203cfdaadf66d67018de0e7307aa88f449a6cd6e3e.json,True,1,,,
crossref,https://api.crossref.org/works?filter=doi%3A10.1097%2Fmd.0000000000049809&rows=1,2026-07-29T20:25:40+00:00,200,772ea6f7b31d365e2a976251e19dbad273f09763c9fc80f6c79d3b4ab114981a,data/raw/scholarly_metadata/crossref/ed818f768f1c8b041bc2301724adadc65c6ebaacbfa173c2bf2bf5ae10d46f0a.json,True,1,,,
crossref,https://api.crossref.org/works?filter=doi%3A10.3346%2Fjkms.2026.41.e161&rows=1,2026-07-29T20:25:57+00:00,200,b3d8d7bfa72a07c31658bdf436420cc6ceedbe8025399e64b5a2c06ee44cdc01,data/raw/scholarly_metadata/crossref/ef1ae0fe158de545e4a1bdfcdb4ea4c206fb412a9facf9ce4058e2ca1d5146e6.json,True,1,,,
crossref,https://api.crossref.org/works?filter=doi%3A10.2147%2Foaem.s616665&rows=1,2026-07-29T20:24:48+00:00,200,b383158e1bbb0b8fb6f81423aba9d1ca9682caa2c3ede2202891bfcd6f912131,data/raw/scholarly_metadata/crossref/f0a4aca745e10448280688b2e03fd09084f213995fcf514ce87fae70c0c9a2d7.json,True,1,,,
crossref,https://api.crossref.org/works?filter=doi%3A10.3389%2Ffpubh.2025.1436520&rows=1,2026-07-29T20:20:38+00:00,200,e5c90da48d1716a006aceb3a4a195189a72807bc5ec3d4962349004692b9ac5c,data/raw/scholarly_metadata/crossref/f2619b46291c16a1055aba9c7109de82e47458a431d1dd7bf51f3cbe9d4fbbc5.json,True,1,,,
crossref,https://api.crossref.org/works?filter=doi%3A10.1097%2Fmd.0000000000049713&rows=1,2026-07-29T20:25:32+00:00,200,15134c6b57153950bac50fef95973522711a6e951bf68fd68b257d30e2ba1fcd,data/raw/scholarly_metadata/crossref/f30f8608543dfaf6b7dc36d028b5a4493561d34e25d410eff11fc87d71773d40.json,True,1,,,
crossref,https://api.crossref.org/works?filter=doi%3A10.3389%2Fti.2025.15709&rows=1,2026-07-29T20:22:11+00:00,200,c167661468645a3c92ddb269ce6b2d0b94ac55e73074e097a91054d2bba38daa,data/raw/scholarly_metadata/crossref/f3f63124f4f5d6866f82f9e9428ec76ebf01f4e1305cb2417fb419862c81623c.json,True,1,,,
crossref,https://api.crossref.org/works?filter=doi%3A10.2147%2Fijwh.s615707&rows=1,2026-07-29T20:24:06+00:00,200,e7dea3efa1033aaeb497ca7eb2d017596d5023935052afb4cc47ae4ed862faa8,data/raw/scholarly_metadata/crossref/f485ef35999a7cce240d49b2fe3c647859be8ee3a21d25c165240fa50d92c271.json,True,1,,,
crossref,https://api.crossref.org/works?filter=doi%3A10.1093%2Fckj%2Fsfae401&rows=1,2026-07-29T20:20:35+00:00,200,d10f096babfb937a7a0e13af383033a9fc2b5a2e3faa40adebac30a1e9dbfb3b,data/raw/scholarly_metadata/crossref/f4b383baca916e1669d1aa607863546361c6ef13b553e726cfbf09a2ad812bd8.json,True,1,,,
crossref,https://api.crossref.org/works?filter=doi%3A10.3390%2Fjcdd13070320&rows=1,2026-07-29T20:27:22+00:00,200,61cf11f8e809540b00e8a2fe9e59701668ce3da4a8ade4b0b1b4176a61d536c8,data/raw/scholarly_metadata/crossref/fbb1dde1188b75254aeeb03bd853d177a7857db0a33b61b0aee463e5221e35e2.json,True,1,,,
europe_pmc,https://www.ebi.ac.uk/europepmc/webservices/rest/search?query=PMC11951197&resultType=lite&pageSize=2&format=json,2026-07-29T20:29:26+00:00,200,b1e085297a6088eef99092226448b1327e33a1a6af34ce77a6c6071c45c317ab,data/raw/scholarly_metadata/europe_pmc/010b95ddbaee7de6e7d5212a4c38d4e9bfc6a5edd9f5f1969b0f4779605561e2.json,True,1,,,
europe_pmc,https://www.ebi.ac.uk/europepmc/webservices/rest/search?query=PMC12179864&resultType=lite&pageSize=2&format=json,2026-07-29T20:29:33+00:00,200,817b7a4fadd83e379268f6723c37895ea0ec0e58125bd48c1c16c8b7b8d50817,data/raw/scholarly_metadata/europe_pmc/01e18f35d4ceb08a76761abe14184670f1cab4adc29b02d26a50f139bdda5263.json,True,1,,,
europe_pmc,https://www.ebi.ac.uk/europepmc/webservices/rest/search?query=PMC13376105&resultType=lite&pageSize=2&format=json,2026-07-29T20:30:57+00:00,200,00626e3539ff9ad5861f5795058796eb9d3d84c162fb44874711e3ce46984534,data/raw/scholarly_metadata/europe_pmc/02d6837e72bf3107b842b98733e2f76f2b6c43be6b982bb0cf087c4ace377996.json,True,1,,,
europe_pmc,https://www.ebi.ac.uk/europepmc/webservices/rest/search?query=PMC13351211&resultType=lite&pageSize=2&format=json,2026-07-29T20:30:27+00:00,200,beed1b0ab26384803429e01f021f3dc20ee6b9a5a740da515be494d4d7697d9b,data/raw/scholarly_metadata/europe_pmc/09e231201d3c1fba11cbb02fd11e4e28f97e717f65b16c76df66a864eb20b5d5.json,True,1,,,
europe_pmc,https://www.ebi.ac.uk/europepmc/webservices/rest/search?query=PMC13349111&resultType=lite&pageSize=2&format=json,2026-07-29T20:30:23+00:00,200,818c6a857585d20aacd5f3e325cce2b903b93321e07f54e19c74121c63da984b,data/raw/scholarly_metadata/europe_pmc/0a175cef025642761a433e972dec386d0d061f3bfeddfa576cca3dd531b244bc.json,True,1,,,
europe_pmc,https://www.ebi.ac.uk/europepmc/webservices/rest/search?query=PMC13363621&resultType=lite&pageSize=2&format=json,2026-07-29T20:30:45+00:00,200,ca207793fb80ffb4bd86ec1df0faf80d1c949b14f188fb896f15b7e70a060a4d,data/raw/scholarly_metadata/europe_pmc/0a8ac0cd6843ab4953aaa4320e97bdc824673ffde2de56c5a0430d0bdbfabcc6.json,True,1,,,
europe_pmc,https://www.ebi.ac.uk/europepmc/webservices/rest/search?query=PMC13327123&resultType=lite&pageSize=2&format=json,2026-07-29T20:30:03+00:00,200,05556cc711dd30c1a2c171a6b4d0606b207ba887f1ae03f8039051d040a47082,data/raw/scholarly_metadata/europe_pmc/116797cb39fd197caa6f9f9c71703bbe470b91be4efd4fc74f650f5c7a021ad1.json,True,1,,,
europe_pmc,https://www.ebi.ac.uk/europepmc/webservices/rest/search?query=PMC13396883&resultType=lite&pageSize=2&format=json,2026-07-29T20:31:28+00:00,200,2a551aa82b5cccd5c68dd6711b711ff11a64915320145f4468a62f70d20bd26f,data/raw/scholarly_metadata/europe_pmc/1276593a5a38ec0825aedc52ce8f6e421c5c95b2d8d9472ce6cf3f5406318ef9.json,True,1,,,
europe_pmc,https://www.ebi.ac.uk/europepmc/webservices/rest/search?query=PMC12085925&resultType=lite&pageSize=2&format=json,2026-07-29T20:29:29+00:00,200,18702914711e2eb7e6d978f0380c6be95f8ed9d7c8d20920f5497cd29bc3afe3,data/raw/scholarly_metadata/europe_pmc/15df81a34c105d689b88390726fa38d4a1f966c23b300887ca4f8ef7b1f127a6.json,True,1,,,
europe_pmc,https://www.ebi.ac.uk/europepmc/webservices/rest/search?query=PMC13335360&resultType=lite&pageSize=2&format=json,2026-07-29T20:30:10+00:00,200,e1bc0722cd50074048780d13680a22ca90af040120118bcf0e4c8c6826d95fc9,data/raw/scholarly_metadata/europe_pmc/15f048e1efb2329a44e389ae36ed52e0e05230052b14c312790a93f64099d74b.json,True,1,,,
europe_pmc,https://www.ebi.ac.uk/europepmc/webservices/rest/search?query=PMC13412813&resultType=lite&pageSize=2&format=json,2026-07-29T20:31:47+00:00,200,9f696d80d6c6f25721b49a0b8b0e1b84661fd39b5f532e1996b82b0198600131,data/raw/scholarly_metadata/europe_pmc/15f12c36970252023f37b1c3c1121ebd4d72736f2174f6142ca5cff0846c3637.json,True,1,,,
europe_pmc,https://www.ebi.ac.uk/europepmc/webservices/rest/search?query=PMC13310656&resultType=lite&pageSize=2&format=json,2026-07-29T20:30:01+00:00,200,534d065756667402860d70f8f1406039c7e5e60d2caa88848bd0e4b6dde31ebb,data/raw/scholarly_metadata/europe_pmc/1b959c94f76ab2e9ce636bbad7cd15e9a812099441fa86f9d3a69f108ff99bb2.json,True,1,,,
europe_pmc,https://www.ebi.ac.uk/europepmc/webservices/rest/search?query=PMC11751837&resultType=lite&pageSize=2&format=json,2026-07-29T20:29:20+00:00,200,07497386a02b0a287f9a6bb72dca7ca0769639f1ec68b6f0251d1aa9b7d73018,data/raw/scholarly_metadata/europe_pmc/1cf5c28cf4dbc996bde60947a6d6890ac9cd72a0c87900a53885c20db11d6c56.json,True,1,,,
europe_pmc,https://www.ebi.ac.uk/europepmc/webservices/rest/search?query=PMC13344933&resultType=lite&pageSize=2&format=json,2026-07-29T20:30:20+00:00,200,5d45aa782a55b813c48be8f955700140b99cbc97b716d944f2a0bcf183b14ea0,data/raw/scholarly_metadata/europe_pmc/1da61adf189c41d34ee7f4d0b07f7001168f63153e6c45754506200d58267eef.json,True,1,,,
europe_pmc,https://www.ebi.ac.uk/europepmc/webservices/rest/search?query=PMC13360819&resultType=lite&pageSize=2&format=json,2026-07-29T20:30:38+00:00,200,238e64fc75490b1a3a986c001ffc10b131cdcd189a01749614dac4946a188a16,data/raw/scholarly_metadata/europe_pmc/209d1ffd4d6a089c100b21ea109a55d412a6f16e816ca53400db0991e4150fd5.json,True,1,,,
europe_pmc,https://www.ebi.ac.uk/europepmc/webservices/rest/search?query=PMC11806717&resultType=lite&pageSize=2&format=json,2026-07-29T20:29:23+00:00,200,1c0b09a2d83155a82c1d5d3c61b903b8d71f3046290e4c7df8dca5818aed5bc0,data/raw/scholarly_metadata/europe_pmc/2197263276ccc7e685859e744bc0031d2a37d86e47f4d1a22cbce86582f343e9.json,True,1,,,
europe_pmc,https://www.ebi.ac.uk/europepmc/webservices/rest/search?query=PMC13384269&resultType=lite&pageSize=2&format=json,2026-07-29T20:31:03+00:00,200,366057b5b4bcb02c85acadc63eeca8cd0e0ab800715045740dda233b1ae5bbd6,data/raw/scholarly_metadata/europe_pmc/23404c379b2d88a8f594db71f3d4260a22d38a4f695c6b3ac59b0b2271a0a111.json,True,1,,,
europe_pmc,https://www.ebi.ac.uk/europepmc/webservices/rest/search?query=PMC13372655&resultType=lite&pageSize=2&format=json,2026-07-29T20:30:54+00:00,200,2619026c42eea2b2f09d9b00ecf3e78512db6ebf213cc744b574ddc2c011baf2,data/raw/scholarly_metadata/europe_pmc/239dbac549fe8dc9f54c0f4a007315c8b92a89912e13d8e29a987b1850134ec3.json,True,1,,,
europe_pmc,https://www.ebi.ac.uk/europepmc/webservices/rest/search?query=PMC13385639&resultType=lite&pageSize=2&format=json,2026-07-29T20:31:13+00:00,200,ef72e47f16e2e542113ab2f3cbc781977150275868762a0c6b2639e035a3e80d,data/raw/scholarly_metadata/europe_pmc/24b5ee53311e7a5c2828267ba29f1269a962dc9d0579510d4bb6efa2b4d0f856.json,True,1,,,
europe_pmc,https://www.ebi.ac.uk/europepmc/webservices/rest/search?query=PMC13345235&resultType=lite&pageSize=2&format=json,2026-07-29T20:30:21+00:00,200,dda8dc02246935ed272828ece79d3c9fdaa4ce5d38092ed2d6db3b23c8a7d165,data/raw/scholarly_metadata/europe_pmc/25d56468413cb445caa2b4a5d6ea10a7b27409e987f2e2f7d0c28995e947f813.json,True,1,,,
europe_pmc,https://www.ebi.ac.uk/europepmc/webservices/rest/search?query=PMC13343042&resultType=lite&pageSize=2&format=json,2026-07-29T20:30:17+00:00,200,85f551aac1658cd6badc5dcc99a64c03060b9ab43a9a9e6c924ae771288d4c31,data/raw/scholarly_metadata/europe_pmc/279e116b65866d21b96c446b877874765db0e299a23c1134c2fb1ddc518f0428.json,True,1,,,
europe_pmc,https://www.ebi.ac.uk/europepmc/webservices/rest/search?query=PMC13352028&resultType=lite&pageSize=2&format=json,2026-07-29T20:30:30+00:00,200,2c49d931c1c6509de97290ddce02269fac03699337c76a3eaa1c2df384c51aa1,data/raw/scholarly_metadata/europe_pmc/2870ea1060707ac4a310ec5b9d1ace089e254ce77b952c1e4ad48c4b36735560.json,True,1,,,
europe_pmc,https://www.ebi.ac.uk/europepmc/webservices/rest/search?query=PMC13379011&resultType=lite&pageSize=2&format=json,2026-07-29T20:30:59+00:00,200,d1ca39c668945c981a8a003bc0f3aefda2c317e4f18d564e0d385794c17c4248,data/raw/scholarly_metadata/europe_pmc/2a52234be9ee6b65470328541a09707dd9008877f109cc3b80c1ab1ee0614929.json,True,1,,,
europe_pmc,https://www.ebi.ac.uk/europepmc/webservices/rest/search?query=PMC13357043&resultType=lite&pageSize=2&format=json,2026-07-29T20:30:35+00:00,200,921152763eedd37dc068183a201f87719b037eb9580464332fc47aaf1b5f8e66,data/raw/scholarly_metadata/europe_pmc/2dc3ed76ad0d879a430d00f045bca044a3c8cdae86ccd96f508fc4f2812a1d14.json,True,1,,,
europe_pmc,https://www.ebi.ac.uk/europepmc/webservices/rest/search?query=PMC12911675&resultType=lite&pageSize=2&format=json,2026-07-29T20:29:57+00:00,200,0520d544efcb1f5175ff99e9652bcd938533ecf64293b924cde06d8b479d83a2,data/raw/scholarly_metadata/europe_pmc/2e21f1dd6989d227473b556efb55a8d351eb62b2b19af97c546928eb2c0b5a7d.json,True,1,,,
europe_pmc,https://www.ebi.ac.uk/europepmc/webservices/rest/search?query=PMC12400556&resultType=lite&pageSize=2&format=json,2026-07-29T20:29:40+00:00,200,d18021fc023e85d4e4e6da8eae2ae9105b631ae2397819291df8287b66be841b,data/raw/scholarly_metadata/europe_pmc/2ecf3a8d8379d4e0f20e7be567f4d2bd52c2ca2ca11e8101a428d59fb738276f.json,True,1,,,
europe_pmc,https://www.ebi.ac.uk/europepmc/webservices/rest/search?query=PMC13329938&resultType=lite&pageSize=2&format=json,2026-07-29T20:30:07+00:00,200,77925edaaa65505e2b5d100dce926e4c36d451a3af6daca9ae0ba4b0cfbc15e0,data/raw/scholarly_metadata/europe_pmc/2fe03edd6b7404f982b3919205f93a562a4f4e5cc91fc0594f6e1ac36f8e2cbc.json,True,1,,,
europe_pmc,https://www.ebi.ac.uk/europepmc/webservices/rest/search?query=PMC13411413&resultType=lite&pageSize=2&format=json,2026-07-29T20:31:44+00:00,200,38969f289df846a1e9ba7841620c2599df9ce7333b54db12fefa65fa5d9fa9d8,data/raw/scholarly_metadata/europe_pmc/314b803afab3379b37587a8a007cfe9458375f8c4d5ad9e5270d8c5ad8863d61.json,True,1,,,
europe_pmc,https://www.ebi.ac.uk/europepmc/webservices/rest/search?query=PMC13385109&resultType=lite&pageSize=2&format=json,2026-07-29T20:31:10+00:00,200,33ca3c03adade3075eb166030c48b86ed183c82041c74725f57f514918689644,data/raw/scholarly_metadata/europe_pmc/347a36254456a2b7b2adfd2556ce88e5506a7affc4c41b4bb734f9617bdd4f0f.json,True,1,,,
europe_pmc,https://www.ebi.ac.uk/europepmc/webservices/rest/search?query=PMC13243855&resultType=lite&pageSize=2&format=json,2026-07-29T20:30:00+00:00,200,4cad52fef2878ff795cffe3c89030a73a00908136466e6731092b911dee183d5,data/raw/scholarly_metadata/europe_pmc/3567d7151bbbc817ee487269f076611a339eb6e1feff8c3fcb614ff52ab0431f.json,True,1,,,
europe_pmc,https://www.ebi.ac.uk/europepmc/webservices/rest/search?query=PMC13327202&resultType=lite&pageSize=2&format=json,2026-07-29T20:30:04+00:00,200,d32727aaaadaad8ae0d243535408943f4777d0cea6b9265d5efd8239c6f2d492,data/raw/scholarly_metadata/europe_pmc/359c83de5a3d618c11e2585f5a06b7ad9a9373df1fdc3bc32f0622eae620fdd3.json,True,1,,,
europe_pmc,https://www.ebi.ac.uk/europepmc/webservices/rest/search?query=PMC13367251&resultType=lite&pageSize=2&format=json,2026-07-29T20:30:48+00:00,200,25bb0a0e5d024afa05bd619c3cdcedea0848efd4c83c87da92cfe8121c901509,data/raw/scholarly_metadata/europe_pmc/35e28fb3d090714fbdb9613e44c953c63bf561c740a9c01cfc4942c6ab6abd65.json,True,1,,,
europe_pmc,https://www.ebi.ac.uk/europepmc/webservices/rest/search?query=PMC13411224&resultType=lite&pageSize=2&format=json,2026-07-29T20:31:43+00:00,200,929d0c7fe1cb7bf1639fa7d0568c97a9880f0886bd6606ddb4ef63a109d1aece,data/raw/scholarly_metadata/europe_pmc/35edaf4d8dd7f6eb79d47a4ef927df032696ae93bad8e8ff5343f84afa2c8a3a.json,True,1,,,
europe_pmc,https://www.ebi.ac.uk/europepmc/webservices/rest/search?query=PMC13385450&resultType=lite&pageSize=2&format=json,2026-07-29T20:31:12+00:00,200,b0ab2bf2e864fb3ae7129913c0bda437b5c605ba0fb02b2703ae01074bc91db9,data/raw/scholarly_metadata/europe_pmc/37720c292d18495972a098b736517cc61173b22860c2133abbb86071e8b0cd7e.json,True,1,,,
europe_pmc,https://www.ebi.ac.uk/europepmc/webservices/rest/search?query=PMC12273069&resultType=lite&pageSize=2&format=json,2026-07-29T20:29:34+00:00,200,d2af90eae22b9bc7e101308347aee931531c649f1c6142dc9a9118c1fdb45a05,data/raw/scholarly_metadata/europe_pmc/3788a03ebeabb3ea63ae47f7c27e0ef658f74a2d5733379f964bf0cd51bae897.json,True,1,,,
europe_pmc,https://www.ebi.ac.uk/europepmc/webservices/rest/search?query=PMC13410022&resultType=lite&pageSize=2&format=json,2026-07-29T20:31:41+00:00,200,e64865be41b4c62e2a93d137e4d82b0e2df4a725df3f0f6966924a89fcc85d41,data/raw/scholarly_metadata/europe_pmc/397b94a37f87178f77c7ccba34bd322d4de53bcbb70fe635ecc5e031bb3b67d1.json,True,1,,,
europe_pmc,https://www.ebi.ac.uk/europepmc/webservices/rest/search?query=PMC12553450&resultType=lite&pageSize=2&format=json,2026-07-29T20:29:47+00:00,200,c5d1772b4f0c4283bee3cc00399343015750ae5007c4aa4453fc95988bb1ccf8,data/raw/scholarly_metadata/europe_pmc/3ad38ca4b9001a1e54affc4e5a9d004122ebd1e7c8b611201ae0eeb935b99e87.json,True,1,,,
europe_pmc,https://www.ebi.ac.uk/europepmc/webservices/rest/search?query=PMC13382457&resultType=lite&pageSize=2&format=json,2026-07-29T20:31:02+00:00,200,f1403862d861fef2d2bf0aee2b7d509db217320df878fec9ff1419cbd8ccead8,data/raw/scholarly_metadata/europe_pmc/3b182e35caf71baca2ea8970e4ba5350103ce5de1ea3d92558e9c1d4a2c413ac.json,True,1,,,
europe_pmc,https://www.ebi.ac.uk/europepmc/webservices/rest/search?query=PMC13331347&resultType=lite&pageSize=2&format=json,2026-07-29T20:30:09+00:00,200,113246d99304dd29a7116a91214193bdbf3ff64b9f8bb1fa6bfb4ef1b32b8893,data/raw/scholarly_metadata/europe_pmc/3c339682d0d89b3656d357f33e1ace1607996537d0518e6aa0987f04843bb699.json,True,1,,,
europe_pmc,https://www.ebi.ac.uk/europepmc/webservices/rest/search?query=PMC13347318&resultType=lite&pageSize=2&format=json,2026-07-29T20:30:23+00:00,200,8c0f8eeb17cd3af47cec4d9540fd7c9b391ae0026ace467a0b3119eb04228157,data/raw/scholarly_metadata/europe_pmc/3e903bbcb9116020d4412d8bb8016134d5f6007daa9b52ef47c7f7452adaa15b.json,True,1,,,
europe_pmc,https://www.ebi.ac.uk/europepmc/webservices/rest/search?query=PMC13361964&resultType=lite&pageSize=2&format=json,2026-07-29T20:30:40+00:00,200,67f0f3598d345c508c6a6ae9b847bcf27ffe3c971f61f39de01626907af67d6f,data/raw/scholarly_metadata/europe_pmc/3ece2dcbca42bce4a9644cd4f260d432b92202b709eca63993335e104bf1ba70.json,True,1,,,
europe_pmc,https://www.ebi.ac.uk/europepmc/webservices/rest/search?query=PMC11701191&resultType=lite&pageSize=2&format=json,2026-07-29T20:29:19+00:00,200,94c6ef2588aeaf811241c27af8a1d01a805faee929d1aca44e2466addeddfaba,data/raw/scholarly_metadata/europe_pmc/40d7514942ce9efb1f82d60c2e2e40c81702b0621066d3388f5b67a08846797f.json,True,1,,,
europe_pmc,https://www.ebi.ac.uk/europepmc/webservices/rest/search?query=PMC11750874&resultType=lite&pageSize=2&format=json,2026-07-29T20:29:20+00:00,200,e1dec164b41fe68ca265a7275bc6a4100bd91104e23162c37f3d719e3a7f3b82,data/raw/scholarly_metadata/europe_pmc/43e7de1a433bc52811d1b3cc680ff0f8aaaae68ddfe976819e436e93fb2adfb2.json,True,1,,,
europe_pmc,https://www.ebi.ac.uk/europepmc/webservices/rest/search?query=PMC13337053&resultType=lite&pageSize=2&format=json,2026-07-29T20:30:12+00:00,200,223ba9b81e17b9f61c679d224a7029ea915de123ac93001bc161223f6d23b376,data/raw/scholarly_metadata/europe_pmc/449d791e3e981bf4dc2a8418482620e9d2a7b5b6a9ad779a872dd743b4a72ff3.json,True,1,,,
europe_pmc,https://www.ebi.ac.uk/europepmc/webservices/rest/search?query=PMC13403324&resultType=lite&pageSize=2&format=json,2026-07-29T20:31:37+00:00,200,e4a5e3c6ce277dab468add4e4b137e6870117aacb5df1d25d9827015b11eca4f,data/raw/scholarly_metadata/europe_pmc/44bc0b0402ae5d6d036a57a53deb2a2947491de87285fd1f309038679c285f8a.json,True,1,,,
europe_pmc,https://www.ebi.ac.uk/europepmc/webservices/rest/search?query=PMC13400123&resultType=lite&pageSize=2&format=json,2026-07-29T20:31:31+00:00,200,d0e2b082ccc3507f057dcbf7a09ca9e095b68aa7232997b427b1f5fc6203b17d,data/raw/scholarly_metadata/europe_pmc/465b3ecb248f8ff8ff62fbdb7c23a0e88050043e0853cab0c4c77df6351884d0.json,True,1,,,
europe_pmc,https://www.ebi.ac.uk/europepmc/webservices/rest/search?query=PMC11969775&resultType=lite&pageSize=2&format=json,2026-07-29T20:29:27+00:00,200,756452536d594e7e3d6cf5da08cfc826f59950272a5dad86e1dd015be1f018f3,data/raw/scholarly_metadata/europe_pmc/46a410165cd9fef0aad5a352b4439485b33f860cf50511ee7cf5b63d4cc0516f.json,True,1,,,
europe_pmc,https://www.ebi.ac.uk/europepmc/webservices/rest/search?query=PMC13404630&resultType=lite&pageSize=2&format=json,2026-07-29T20:31:38+00:00,200,19856ec5b2b3d717e8df8e4cc8b6debf118a68eda16fa07c71f972211b78aeab,data/raw/scholarly_metadata/europe_pmc/4811d8d302af8dd1c71157066760d1a0217c3e95f2822ec758f147b61847570a.json,True,1,,,
europe_pmc,https://www.ebi.ac.uk/europepmc/webservices/rest/search?query=PMC13346412&resultType=lite&pageSize=2&format=json,2026-07-29T20:30:22+00:00,200,197daeeea14d521c3d98d4441ed22481876cd9dbda8c1ae5587c4004fcf44219,data/raw/scholarly_metadata/europe_pmc/487c48a33abd3fd684659b140a61b64d004f911b550c97071248c65977d521de.json,True,1,,,
europe_pmc,https://www.ebi.ac.uk/europepmc/webservices/rest/search?query=PMC12589983&resultType=lite&pageSize=2&format=json,2026-07-29T20:29:48+00:00,200,7df1c0d7c493bdb42e2f177e802365842d70e46745998d6d71dbc29e91affc40,data/raw/scholarly_metadata/europe_pmc/49376d7f091d4da7b535fb4b68ca06baffc268cc6dfc93ac999b0d2bd1c9f219.json,True,1,,,
europe_pmc,https://www.ebi.ac.uk/europepmc/webservices/rest/search?query=PMC13393562&resultType=lite&pageSize=2&format=json,2026-07-29T20:31:23+00:00,200,e7d03855c1021abaa7d5801d50a8bd44570323d603b8f7d2399731d32b350e89,data/raw/scholarly_metadata/europe_pmc/4dbec0115988cdb9eeeaf91065a30e726f46df7ee3fc221b694b0d390d524479.json,True,1,,,
europe_pmc,https://www.ebi.ac.uk/europepmc/webservices/rest/search?query=PMC13365883&resultType=lite&pageSize=2&format=json,2026-07-29T20:30:46+00:00,200,03516a332e1ff4d082a13c53088e2ee04f26b42958844ede019c5190c7f6338e,data/raw/scholarly_metadata/europe_pmc/4dfc1df07963fac6a4d8b233819e918270c29b904a3760188720740b0790eac1.json,True,1,,,
europe_pmc,https://www.ebi.ac.uk/europepmc/webservices/rest/search?query=PMC13412876&resultType=lite&pageSize=2&format=json,2026-07-29T20:31:48+00:00,200,296e2fb98317515d2ad71de6b84b0fde8967997f638517830b7d32d972473dd1,data/raw/scholarly_metadata/europe_pmc/4eaf528fd02f92b485fd89dedb1225d67a8ef2154cf53ab8ea9ad88241cab367.json,True,1,,,
europe_pmc,https://www.ebi.ac.uk/europepmc/webservices/rest/search?query=PMC13381236&resultType=lite&pageSize=2&format=json,2026-07-29T20:31:01+00:00,200,d6a264eab8e27117156e73a12c65764835111390309af989f7df46a33cb60eeb,data/raw/scholarly_metadata/europe_pmc/51a2a7d08a455d8bd80b00d7c4fec0c8b968aa2cad90decdd09b464ffcdd4f3a.json,True,1,,,
europe_pmc,https://www.ebi.ac.uk/europepmc/webservices/rest/search?query=PMC13412647&resultType=lite&pageSize=2&format=json,2026-07-29T20:31:46+00:00,200,e51440adc7eac78590dd9f6c36a30f9225e14794ef1952493fb96ca93efd8156,data/raw/scholarly_metadata/europe_pmc/5265542d9c6942cc50e4eb1871ccba90b9de8900e6537490d703bf0de6e5c420.json,True,1,,,
europe_pmc,https://www.ebi.ac.uk/europepmc/webservices/rest/search?query=PMC13355283&resultType=lite&pageSize=2&format=json,2026-07-29T20:30:32+00:00,200,003ead170f84d781cbf67f9bd4fb1b057d2c5d53b94f22a75ff99ab2abf663f6,data/raw/scholarly_metadata/europe_pmc/53d2abca228428e668c83a3291b96ca74f0d87a8a87d008566d43d3bc5a94f69.json,True,1,,,
europe_pmc,https://www.ebi.ac.uk/europepmc/webservices/rest/search?query=PMC13410539&resultType=lite&pageSize=2&format=json,2026-07-29T20:31:42+00:00,200,881aa0b8c26e5d827903f33211ea107f4f8e4978c39c9198b81290bf4c5dd216,data/raw/scholarly_metadata/europe_pmc/561aa543153c1027f3820dcdb0d4c4169e770ff726754c7daead4c92b43c3cd1.json,True,1,,,
europe_pmc,https://www.ebi.ac.uk/europepmc/webservices/rest/search?query=PMC13380083&resultType=lite&pageSize=2&format=json,2026-07-29T20:31:00+00:00,200,046c05f9c39d27612122dbe6c3cbf4dfee220f91baa4e913a8e99ac0d1c8487a,data/raw/scholarly_metadata/europe_pmc/56777014c9fe1e180b62e28381a81540a0df6795e5f31aba6a990c93aff43321.json,True,1,,,
europe_pmc,https://www.ebi.ac.uk/europepmc/webservices/rest/search?query=PMC13355640&resultType=lite&pageSize=2&format=json,2026-07-29T20:30:33+00:00,200,50ff068b0c5298073abfd3ff35f35b7a30739e723b5c0a544a9c3dc046af92ab,data/raw/scholarly_metadata/europe_pmc/56c600a60be7a0e1869961671dcf47c1eaefa605f01285171af881c32b4c2107.json,True,1,,,
europe_pmc,https://www.ebi.ac.uk/europepmc/webservices/rest/search?query=PMC13349322&resultType=lite&pageSize=2&format=json,2026-07-29T20:30:26+00:00,200,69db78acb83aad9b356e9e79d103e13ceea9ff6704fe3d7179568d65a32c7851,data/raw/scholarly_metadata/europe_pmc/593f3caa7801381f818a1adecbf3b2a33b37fc2b178ac67ae0517c19c69df305.json,True,1,,,
europe_pmc,https://www.ebi.ac.uk/europepmc/webservices/rest/search?query=PMC13357993&resultType=lite&pageSize=2&format=json,2026-07-29T20:30:36+00:00,200,08925b488d5b4b7a0019583e6dd19d2ea6c6a8be2840adbf163eac0b6edfd516,data/raw/scholarly_metadata/europe_pmc/5978b87dad147ab30280f347aebc029d19a4a3f34e387e85ac8e4e4a52c8a632.json,True,1,,,
europe_pmc,https://www.ebi.ac.uk/europepmc/webservices/rest/search?query=PMC12755569&resultType=lite&pageSize=2&format=json,2026-07-29T20:29:54+00:00,200,55155ca2d9eca775675a62197c65cc8e23533cccbc3cf6777467c0321992766b,data/raw/scholarly_metadata/europe_pmc/5b315c7f97f4f6978b2d6a987f505cf881b4d2909fd9ccf3b28f6e180bc2ad1c.json,True,1,,,
europe_pmc,https://www.ebi.ac.uk/europepmc/webservices/rest/search?query=PMC13387849&resultType=lite&pageSize=2&format=json,2026-07-29T20:31:15+00:00,200,d9ec4ab46de61b03babbfe37e2009684b9f54c01b3632e196dfc3bac9da35921,data/raw/scholarly_metadata/europe_pmc/5d7127696182540a8aa8510feb9e8287a3f85d1a69afad6c1f3f16e730d998dc.json,True,1,,,
europe_pmc,https://www.ebi.ac.uk/europepmc/webservices/rest/search?query=PMC13409092&resultType=lite&pageSize=2&format=json,2026-07-29T20:31:40+00:00,200,d60b74e2e2a7569f52cc954f098f2a3cab698e8d92d8f46e158075435df64901,data/raw/scholarly_metadata/europe_pmc/5dcbbacc0036ea5c7f9fb432dd41a85b99bbdedd1955fd9c635fbf82fd9d9477.json,True,1,,,
europe_pmc,https://www.ebi.ac.uk/europepmc/webservices/rest/search?query=PMC12463975&resultType=lite&pageSize=2&format=json,2026-07-29T20:29:43+00:00,200,92cb14887369b141dca986bd7e6a53954b12082507b50ed1e86517cc9362008e,data/raw/scholarly_metadata/europe_pmc/5df14e90d57a074b429f8f1d0ecc31b048e70cbbaf322defec06ea77b0b2d012.json,True,1,,,
europe_pmc,https://www.ebi.ac.uk/europepmc/webservices/rest/search?query=PMC13384665&resultType=lite&pageSize=2&format=json,2026-07-29T20:31:07+00:00,200,6b83c6f9931e111dc29183558b1f7368135cad491d253f376f5abe4fb3afc7cf,data/raw/scholarly_metadata/europe_pmc/6311a0cc750c0feb7d69d3bc58277bddbb7d743f6abd0d8910c7d0242a5cc287.json,True,1,,,
europe_pmc,https://www.ebi.ac.uk/europepmc/webservices/rest/search?query=PMC11761004&resultType=lite&pageSize=2&format=json,2026-07-29T20:29:21+00:00,200,eb43b657d1a37593550181209db283c553373eb8bf4cd19bf1bc1dc6f7ed54f8,data/raw/scholarly_metadata/europe_pmc/633f63349c3a26dc7896977b151c2e92ac804c6d67425578dbc8e81b016b7889.json,True,1,,,
europe_pmc,https://www.ebi.ac.uk/europepmc/webservices/rest/search?query=PMC13356836&resultType=lite&pageSize=2&format=json,2026-07-29T20:30:34+00:00,200,e4e81473e0b4a36d7007600fe59a9762385e02c0345de668504c9343791eb5e4,data/raw/scholarly_metadata/europe_pmc/685006cc87921c5f5d691d590fcce85a31a88befb738578a99dc7a170a068868.json,True,1,,,
europe_pmc,https://www.ebi.ac.uk/europepmc/webservices/rest/search?query=PMC12486684&resultType=lite&pageSize=2&format=json,2026-07-29T20:29:45+00:00,200,ddb61fe5204a17f2f182e7548a827e57f8e33836f9c5c1e4ae04907fde480845,data/raw/scholarly_metadata/europe_pmc/69ad22ab5dfe0ad600509ba7724359b5755d293707da3977a25fd3e1e1b4f40e.json,True,1,,,
europe_pmc,https://www.ebi.ac.uk/europepmc/webservices/rest/search?query=PMC13351598&resultType=lite&pageSize=2&format=json,2026-07-29T20:30:29+00:00,200,bb262353e2816e124e7ec3e3ebf6684d9760e43d970996d78338700d9a3ab8a6,data/raw/scholarly_metadata/europe_pmc/6b82a05121701694f06bd2f824fe0e2a20859ce583c4a511fc8268425a9ca6c4.json,True,1,,,
europe_pmc,https://www.ebi.ac.uk/europepmc/webservices/rest/search?query=PMC13386084&resultType=lite&pageSize=2&format=json,2026-07-29T20:31:14+00:00,200,535f832e46db100918b543c04456eb669ce1b51be8a36de42d66bfc3233f193a,data/raw/scholarly_metadata/europe_pmc/6d5ff8b98894ee0fb421a741f0b50e50095fe12e92916a31bd6f268cf10023c5.json,True,1,,,
europe_pmc,https://www.ebi.ac.uk/europepmc/webservices/rest/search?query=PMC13385107&resultType=lite&pageSize=2&format=json,2026-07-29T20:31:09+00:00,200,1ccf22539e4d59bab970efa43d2f017815c6b63d30cc20fa5f190c7a0c784b22,data/raw/scholarly_metadata/europe_pmc/6e9a007c85cc2b6eeac34c28aa615889319202be191a8b1e6b83917731ae09e1.json,True,1,,,
europe_pmc,https://www.ebi.ac.uk/europepmc/webservices/rest/search?query=PMC13394890&resultType=lite&pageSize=2&format=json,2026-07-29T20:31:25+00:00,200,81ea2dbc1e58c976b78624e0cddbe7643343a360cb094bc2889f0cf3da9a9801,data/raw/scholarly_metadata/europe_pmc/70876f5bf271073eec0d05df3a4361988b36cf47d07a47fb84ae4f059c9def9f.json,True,1,,,
europe_pmc,https://www.ebi.ac.uk/europepmc/webservices/rest/search?query=PMC13389146&resultType=lite&pageSize=2&format=json,2026-07-29T20:31:17+00:00,200,8af958888f50efd0c1a82a4bd18a7affb87e079ca6b80d6e1177309ae22f6e8c,data/raw/scholarly_metadata/europe_pmc/710acba2799082f83421df22d23c896cfd23bfc25e67cf420a1ebe81572ed962.json,True,1,,,
europe_pmc,https://www.ebi.ac.uk/europepmc/webservices/rest/search?query=PMC12537428&resultType=lite&pageSize=2&format=json,2026-07-29T20:29:46+00:00,200,70501e197fd7048ba7343aad6eb5218cf393da8123ce9c5eb820a6b4248f7a02,data/raw/scholarly_metadata/europe_pmc/723f110a01970b442150fcacbd1c4439cc91a61536c2f6377a3f553054ff5f32.json,True,1,,,
europe_pmc,https://www.ebi.ac.uk/europepmc/webservices/rest/search?query=PMC13355561&resultType=lite&pageSize=2&format=json,2026-07-29T20:30:33+00:00,200,f49dd2dda24136c5fddf6fa5e9c5743c69e3900ff06837212b72f35fdba81702,data/raw/scholarly_metadata/europe_pmc/7293881055abd029767152a117d43d113a44c7d2bc1d2d41529d91aea4707415.json,True,1,,,
europe_pmc,https://www.ebi.ac.uk/europepmc/webservices/rest/search?query=PMC12756635&resultType=lite&pageSize=2&format=json,2026-07-29T20:29:55+00:00,200,9c1fb54b6136fd3381bb16ce59a4f7898135bff8ca45ddbe46d6fa3635cce1a1,data/raw/scholarly_metadata/europe_pmc/774fe7da7a7a7b397daf75e65da3dd02038ca45704ea45c8f1b2c67c231e64cf.json,True,1,,,
europe_pmc,https://www.ebi.ac.uk/europepmc/webservices/rest/search?query=PMC13376527&resultType=lite&pageSize=2&format=json,2026-07-29T20:30:58+00:00,200,56012d884ef05b022ce96be696a3d127884863b269c7ebb5e598d724de2225d9,data/raw/scholarly_metadata/europe_pmc/79b935e6f827879b90747404582398c879691457c553375480c6a7c6e5f3023f.json,True,1,,,
europe_pmc,https://www.ebi.ac.uk/europepmc/webservices/rest/search?query=PMC12155567&resultType=lite&pageSize=2&format=json,2026-07-29T20:29:33+00:00,200,6db8056dc4563e85bba2cc5058cbc2dc050d80011edc8a5b32f0bd6e260f66ea,data/raw/scholarly_metadata/europe_pmc/79bfe75f4c58d7485a31601325d28b770b5a1d51d9aebffaced22a7050b975a9.json,True,1,,,
europe_pmc,https://www.ebi.ac.uk/europepmc/webservices/rest/search?query=PMC13351449&resultType=lite&pageSize=2&format=json,2026-07-29T20:30:28+00:00,200,3f11c5806e4e765f0fd447730440598c0b4f07cc06282ea4653f14dd6471a634,data/raw/scholarly_metadata/europe_pmc/7a531c3602262bdd483039fc126c1a969e795aa4886af940b88f700d2e8bd4c6.json,True,1,,,
europe_pmc,https://www.ebi.ac.uk/europepmc/webservices/rest/search?query=PMC13337222&resultType=lite&pageSize=2&format=json,2026-07-29T20:30:13+00:00,200,5ab95be50bdd7c3835ff9ef423100d9285b8e8be859096f7a71109f032da5266,data/raw/scholarly_metadata/europe_pmc/7a722010a6843b5ad6d873a29c7a57fd03c494cc67df0eab8dc721d1ef76c571.json,True,1,,,
europe_pmc,https://www.ebi.ac.uk/europepmc/webservices/rest/search?query=PMC12748521&resultType=lite&pageSize=2&format=json,2026-07-29T20:29:53+00:00,200,0fe35a4d5c8400632d57d968bef375f744653d3d54d6e7c12f08b7f08191fd9c,data/raw/scholarly_metadata/europe_pmc/7b7038c46f39d6ed8992240e867541bf468a18aff8db752ec62381d2d45e4dbe.json,True,1,,,
europe_pmc,https://www.ebi.ac.uk/europepmc/webservices/rest/search?query=PMC13402149&resultType=lite&pageSize=2&format=json,2026-07-29T20:31:33+00:00,200,a17dac573c3ef2b9143c7bfcacff3f6742354a3a5490c1ddfa77eba3be343951,data/raw/scholarly_metadata/europe_pmc/7c3ab26afda5369a491e0362630e2e179e305d76dd063637235d1e22372face4.json,True,1,,,
europe_pmc,https://www.ebi.ac.uk/europepmc/webservices/rest/search?query=PMC13340667&resultType=lite&pageSize=2&format=json,2026-07-29T20:30:15+00:00,200,b0fafdbf0d88224ce4f7df4e2e6d3f05b34cf30cef335c804c9aae6b6e0fb235,data/raw/scholarly_metadata/europe_pmc/7f0260d4bbe8f6e4d29e355fbff200ac07a001c3ea164c0d23a7dace59dadf90.json,True,1,,,
europe_pmc,https://www.ebi.ac.uk/europepmc/webservices/rest/search?query=PMC13360508&resultType=lite&pageSize=2&format=json,2026-07-29T20:30:37+00:00,200,dd4926639a40b6f98265da70efabb4e6bca1384db207966d2bf8e5f63379d1b7,data/raw/scholarly_metadata/europe_pmc/7f8afab741c88f6435960daae32423f7744273cdd926877a4e0fd8b8ec5ae9e8.json,True,1,,,
europe_pmc,https://www.ebi.ac.uk/europepmc/webservices/rest/search?query=PMC13343087&resultType=lite&pageSize=2&format=json,2026-07-29T20:30:19+00:00,200,89248274b252e1e97dd31d8c0852e867fdea2ccbeaf674d02098d6700c01def5,data/raw/scholarly_metadata/europe_pmc/833d273e10c0e7b001640af73c53b0973784caf9c5445d60d44123f31c66cccf.json,True,1,,,
europe_pmc,https://www.ebi.ac.uk/europepmc/webservices/rest/search?query=PMC13362927&resultType=lite&pageSize=2&format=json,2026-07-29T20:30:43+00:00,200,62d9ad7e1be565185ab88e9b38a8cea7537bb45b88eb4b5017088201b7597269,data/raw/scholarly_metadata/europe_pmc/870af27bd905dd17a1d9141fd0986b67b549951b64ae88999a5f146ca17dccbe.json,True,1,,,
europe_pmc,https://www.ebi.ac.uk/europepmc/webservices/rest/search?query=PMC13391297&resultType=lite&pageSize=2&format=json,2026-07-29T20:31:21+00:00,200,ccd3a041346acaba049c81b5f5c9db784f1f87293611c2ceaaf6167938860cc6,data/raw/scholarly_metadata/europe_pmc/8746280c6b2c2093e01bc07b8a5a80203043b0449662a68f8609608016b00cac.json,True,1,,,
europe_pmc,https://www.ebi.ac.uk/europepmc/webservices/rest/search?query=PMC12141897&resultType=lite&pageSize=2&format=json,2026-07-29T20:29:32+00:00,200,957a1d2d0375232d024369b254b5a7f6c1c0f85b2859b064189f7e9f6ef19247,data/raw/scholarly_metadata/europe_pmc/87a78e2d73823ea84a87d3e7d8c3221397fc8abfcdd4cb00f94de511a1b22d8d.json,True,1,,,
europe_pmc,https://www.ebi.ac.uk/europepmc/webservices/rest/search?query=PMC13405041&resultType=lite&pageSize=2&format=json,2026-07-29T20:31:38+00:00,200,78836689017c62da86e428b7f632c027027672b058a72b478f55be7209b8cfd5,data/raw/scholarly_metadata/europe_pmc/89e54f7f4ce9a5ed719719ebbe37a9a695888d544c2d3feff2d122415b94e903.json,True,1,,,
europe_pmc,https://www.ebi.ac.uk/europepmc/webservices/rest/search?query=PMC12395389&resultType=lite&pageSize=2&format=json,2026-07-29T20:29:38+00:00,200,78a1df6096d4dc278da39442adc0a744d4e5a21372ab8ab64bd35b777646b030,data/raw/scholarly_metadata/europe_pmc/8bcd4773c62e0fde0a9ec8be9e421a103b712bcf5dbb9cebfa656b49ba8023a2.json,True,1,,,
europe_pmc,https://www.ebi.ac.uk/europepmc/webservices/rest/search?query=PMC13360137&resultType=lite&pageSize=2&format=json,2026-07-29T20:30:37+00:00,200,739126b6dbfbfaadff550f22da309e81e46627f9accdb38c559aa632d536b5bd,data/raw/scholarly_metadata/europe_pmc/8d4be876c9c272aaa60ebbe6dd210d4b0417347e60fe8310443a3938ecda5705.json,True,1,,,
europe_pmc,https://www.ebi.ac.uk/europepmc/webservices/rest/search?query=PMC13395614&resultType=lite&pageSize=2&format=json,2026-07-29T20:31:27+00:00,200,7801eccf6356bf2ac9aaf89fb2de9e53ee5d171aaab1fa6180cfe133315ed2a1,data/raw/scholarly_metadata/europe_pmc/908de9e756ae71cbc76df6733665cc259f60bbea851c41df51d0559f132fe33a.json,True,1,,,
europe_pmc,https://www.ebi.ac.uk/europepmc/webservices/rest/search?query=PMC11885081&resultType=lite&pageSize=2&format=json,2026-07-29T20:29:25+00:00,200,97f5bec58746a570b0e5109f27e791930e2c50a4ca760629859aa31ed8750fa3,data/raw/scholarly_metadata/europe_pmc/91f9d7467712fe9dc7ca1677592f5786cbec081204cdfe5e2ff333041cdd6c95.json,True,1,,,
europe_pmc,https://www.ebi.ac.uk/europepmc/webservices/rest/search?query=PMC13384559&resultType=lite&pageSize=2&format=json,2026-07-29T20:31:06+00:00,200,f657358cf9025216d34817fd0672a793adf4a693fb8dcf38d84ea8f13410faf7,data/raw/scholarly_metadata/europe_pmc/92692998da1fc2b2e126286ef64be90c1c62683d409242b51fd174cd7508c989.json,True,1,,,
europe_pmc,https://www.ebi.ac.uk/europepmc/webservices/rest/search?query=PMC12533630&resultType=lite&pageSize=2&format=json,2026-07-29T20:29:45+00:00,200,22f3acb43359b42c0499df7fa0bb6a4bc25e945958bfc6e5faf1a7db4d452dab,data/raw/scholarly_metadata/europe_pmc/954a973faabec00e77655ae10f882cc5b791259af0c0dbb251a4d91e1a2d28f1.json,True,1,,,
europe_pmc,https://www.ebi.ac.uk/europepmc/webservices/rest/search?query=PMC13395082&resultType=lite&pageSize=2&format=json,2026-07-29T20:31:25+00:00,200,ed555f9a336c0af775fce94a01239ad81acb56bb52ce6ad2d20cf17146dc692e,data/raw/scholarly_metadata/europe_pmc/961b4fccf7878cc1f67efa7566bc937596fed36bfa5465e977969086e30be961.json,True,1,,,
europe_pmc,https://www.ebi.ac.uk/europepmc/webservices/rest/search?query=PMC12925122&resultType=lite&pageSize=2&format=json,2026-07-29T20:29:58+00:00,200,34320077b17c65844222f17b5fe55febf601d4ef9c88f327050b9df3d71e3845,data/raw/scholarly_metadata/europe_pmc/9694bcbcd2f01af329709f8537a2d19d604feb2e3c44c2d2f73c3afd5fedbb97.json,True,1,,,
europe_pmc,https://www.ebi.ac.uk/europepmc/webservices/rest/search?query=PMC13395699&resultType=lite&pageSize=2&format=json,2026-07-29T20:31:28+00:00,200,e3a7d5747aacb3da49c4882bc4225ee05d32d0ab58c8dd7b36962a91d95ebdb1,data/raw/scholarly_metadata/europe_pmc/96ae226626b7969eaf55f15d56e80287e0602f9beeef646ab2193b22c8f0c0af.json,True,1,,,
europe_pmc,https://www.ebi.ac.uk/europepmc/webservices/rest/search?query=PMC11695108&resultType=lite&pageSize=2&format=json,2026-07-29T20:29:18+00:00,200,514f5fcbcaab4732a0e8da3305d6cd50ac744680c162ae9b2861500492055d1c,data/raw/scholarly_metadata/europe_pmc/96d6a0c1d0d5bc40e4bcaef2612e52a864ba24a3c144c480ae6990de94f910e1.json,True,1,,,
europe_pmc,https://www.ebi.ac.uk/europepmc/webservices/rest/search?query=PMC13403153&resultType=lite&pageSize=2&format=json,2026-07-29T20:31:35+00:00,200,208fff30a45f32137af4ea57ef5f5c98e6f919b595628df7754d454571f7990c,data/raw/scholarly_metadata/europe_pmc/98550ea120df814af72fecff5c188403adefe921d8e1684736cf9311c7e13052.json,True,1,,,
europe_pmc,https://www.ebi.ac.uk/europepmc/webservices/rest/search?query=PMC13388307&resultType=lite&pageSize=2&format=json,2026-07-29T20:31:16+00:00,200,d741faf061f7d7f52ad498f7df9e94db90deb5aeb6278c31135445394be0453a,data/raw/scholarly_metadata/europe_pmc/9914f225687b3b61949d78e7826c0c071b0bf62cc1a257d367170c2d25fea2c6.json,True,1,,,
europe_pmc,https://www.ebi.ac.uk/europepmc/webservices/rest/search?query=PMC13384616&resultType=lite&pageSize=2&format=json,2026-07-29T20:31:07+00:00,200,df6f79dddf5040290a1ed916508aa1ba4971edfb211d74e07ab5d69d809f7fe4,data/raw/scholarly_metadata/europe_pmc/9a19d416fb335644ee5021eb29ee62fec2ff4d8017686a43564cb905deeb6423.json,True,1,,,
europe_pmc,https://www.ebi.ac.uk/europepmc/webservices/rest/search?query=PMC12823638&resultType=lite&pageSize=2&format=json,2026-07-29T20:29:57+00:00,200,d4d71716bf84d369dd10199583cf2254c74b98ad24abaca75656c7b76b7de502,data/raw/scholarly_metadata/europe_pmc/9c86459a32059c6bc6578f472a2d4f5b9e10f4d612f08615033b7aac6130763d.json,True,1,,,
europe_pmc,https://www.ebi.ac.uk/europepmc/webservices/rest/search?query=PMC13390809&resultType=lite&pageSize=2&format=json,2026-07-29T20:31:20+00:00,200,c10af2eea38796073b7a5dc7c09d6fb2813720db38a20dee3105049fe0063086,data/raw/scholarly_metadata/europe_pmc/9faad8c72b4c6a027d472145362243895137fda156c6a63e095fae6708694b67.json,True,1,,,
europe_pmc,https://www.ebi.ac.uk/europepmc/webservices/rest/search?query=PMC13331199&resultType=lite&pageSize=2&format=json,2026-07-29T20:30:08+00:00,200,428581db6b45d4989e5f4e706ba6bfd62e0f2c9222ddf388a755c3a2f03e9148,data/raw/scholarly_metadata/europe_pmc/a699d0d83ac3445f8ac1305582e7ad368f1868a8de21eceb77e892bd91ffddc5.json,True,1,,,
europe_pmc,https://www.ebi.ac.uk/europepmc/webservices/rest/search?query=PMC12744504&resultType=lite&pageSize=2&format=json,2026-07-29T20:29:53+00:00,200,28042df8fe1b3891d257e32585fe5ee37e070873a4c70d33d75bb30b79cba28e,data/raw/scholarly_metadata/europe_pmc/a8c385b3f0d71efa28f4ffdede5aa3c60fd27b1e06ccbf06479abe38db050a3b.json,True,1,,,
europe_pmc,https://www.ebi.ac.uk/europepmc/webservices/rest/search?query=PMC13138023&resultType=lite&pageSize=2&format=json,2026-07-29T20:30:00+00:00,200,33fb0f582cc697420d27f96a67fccabd76500c9a15611d6d4d1dd749560bfc32,data/raw/scholarly_metadata/europe_pmc/aa6d8516f72731d50c795206f0819c50a3356e7fd3a4be236f430fd0883869f1.json,True,1,,,
europe_pmc,https://www.ebi.ac.uk/europepmc/webservices/rest/search?query=PMC13374871&resultType=lite&pageSize=2&format=json,2026-07-29T20:30:55+00:00,200,71e7f2a51da7bbd62095db5431025fc433002bed639cfbd9c71f77b39fad6c34,data/raw/scholarly_metadata/europe_pmc/aaf4c31ff2291a4e78694777b7632926b72d5944f51fbf6fe1230621315b2b2d.json,True,1,,,
europe_pmc,https://www.ebi.ac.uk/europepmc/webservices/rest/search?query=PMC12664052&resultType=lite&pageSize=2&format=json,2026-07-29T20:29:49+00:00,200,2b423e03334e9920e60781a274aa8848ac8dcb992e4b0ec18a944137e918e483,data/raw/scholarly_metadata/europe_pmc/ad50b846120cd3991c7b98d870b66aca5f39265a95852d4b5482786536d1e766.json,True,1,,,
europe_pmc,https://www.ebi.ac.uk/europepmc/webservices/rest/search?query=PMC12005981&resultType=lite&pageSize=2&format=json,2026-07-29T20:29:28+00:00,200,51ac3b8f0b69fc1e9821b522701119e98ebf78cb091c0064d8f2f94a7eca1ea8,data/raw/scholarly_metadata/europe_pmc/aecc9dfe6a93e60d67c95811f125a3d8648d3be1f7b00e23c647bd644d31b33b.json,True,1,,,
europe_pmc,https://www.ebi.ac.uk/europepmc/webservices/rest/search?query=PMC13362851&resultType=lite&pageSize=2&format=json,2026-07-29T20:30:41+00:00,200,4b41732c9aec2c4ec1f0da9474b69fbc3faff3fbae85a7e1cec4fe840180f88b,data/raw/scholarly_metadata/europe_pmc/b1b58a018750e4fa580c037e767698c3302362470a6b9c67938e63caf304227b.json,True,1,,,
europe_pmc,https://www.ebi.ac.uk/europepmc/webservices/rest/search?query=PMC13369579&resultType=lite&pageSize=2&format=json,2026-07-29T20:30:53+00:00,200,2a67f361aa6ea1a6c2044b267e46c9435ce9507c7dff250c1c4548732f1e2289,data/raw/scholarly_metadata/europe_pmc/b4be75c3c0920790d2c0676eac61ec4aab2783b8ae4bea37a226b977420e44ae.json,True,1,,,
europe_pmc,https://www.ebi.ac.uk/europepmc/webservices/rest/search?query=PMC12341586&resultType=lite&pageSize=2&format=json,2026-07-29T20:29:38+00:00,200,08d75a74b5ab247bc9a17e414a71752ec6943b1cb5237c6989f60f0005bf8698,data/raw/scholarly_metadata/europe_pmc/b5bfddbe4ecf7abb67206fb0137ba72e7dd81293ef30b51939de5fb2c6fa20c3.json,True,1,,,
europe_pmc,https://www.ebi.ac.uk/europepmc/webservices/rest/search?query=PMC13343054&resultType=lite&pageSize=2&format=json,2026-07-29T20:30:18+00:00,200,62012b8118e37df6c5d75032c46e6a40a2894f83d20937c2fb422090ed0b4678,data/raw/scholarly_metadata/europe_pmc/b745835cb4a78ba071f1dcd5563a2cea969fc884eb4ae165a5c9ec8596ee3aff.json,True,1,,,
europe_pmc,https://www.ebi.ac.uk/europepmc/webservices/rest/search?query=PMC13389202&resultType=lite&pageSize=2&format=json,2026-07-29T20:31:18+00:00,200,1d4faa9891847fa5f87ae3e55f08862b73174f3fcb26ff83bf9c7eb3c781092b,data/raw/scholarly_metadata/europe_pmc/b8aa42d1523e2d1c84cc0cd46e435fdf89af8b26bec6b4c19b47df61a330e8db.json,True,1,,,
europe_pmc,https://www.ebi.ac.uk/europepmc/webservices/rest/search?query=PMC13389884&resultType=lite&pageSize=2&format=json,2026-07-29T20:31:19+00:00,200,32ee67d20aee30b66fc3b8bb76da3cfc67ef55fc9eef07badfdd91d2733d847c,data/raw/scholarly_metadata/europe_pmc/b92d5a738be190872d07fd3d1b0efa44d052454e1f854b31b6aecc911b4ecbe0.json,True,1,,,
europe_pmc,https://www.ebi.ac.uk/europepmc/webservices/rest/search?query=PMC13363480&resultType=lite&pageSize=2&format=json,2026-07-29T20:30:44+00:00,200,b793db87b1678246d45262e6d13dc0b915e9bdb18eeb0bf9d4eb2f3ac40eb751,data/raw/scholarly_metadata/europe_pmc/ba8568d38c3334341f48f502be2c6aa1b3685faed3d41ab5d65c49a5c7872301.json,True,1,,,
europe_pmc,https://www.ebi.ac.uk/europepmc/webservices/rest/search?query=PMC13413080&resultType=lite&pageSize=2&format=json,2026-07-29T20:31:49+00:00,200,fcf55734b7c3843b37fcb1b96c2169be67d799814e0c7bf34b0fa44e7923ad0d,data/raw/scholarly_metadata/europe_pmc/bcfa7e2ef994cb2406344e801dc41101d9d756dbedb119a1139a93535d8216fc.json,True,1,,,
europe_pmc,https://www.ebi.ac.uk/europepmc/webservices/rest/search?query=PMC13395440&resultType=lite&pageSize=2&format=json,2026-07-29T20:31:26+00:00,200,ded6348e73aff650a73da67cca9a6843cade0d837373b6e93672b974576afa3b,data/raw/scholarly_metadata/europe_pmc/bea2af3f5a04a6abdf346457ffad5a5fd5c9a9c1418d00bcff38753829e55ab6.json,True,1,,,
europe_pmc,https://www.ebi.ac.uk/europepmc/webservices/rest/search?query=PMC12797426&resultType=lite&pageSize=2&format=json,2026-07-29T20:29:56+00:00,200,403abda8ca12cf9865cbd065335c7b3868cebef34fc15d8fff4016a5cb506fba,data/raw/scholarly_metadata/europe_pmc/bea5fef4f10778090f83d55a5aa8f797725737eeb4ce2cd946c38b39d0fc49c1.json,True,1,,,
europe_pmc,https://www.ebi.ac.uk/europepmc/webservices/rest/search?query=PMC13393584&resultType=lite&pageSize=2&format=json,2026-07-29T20:31:24+00:00,200,2c8d9acdf858fb43dcd45edb76b6218ab33fc767f6b3abb1547de6ae30048afc,data/raw/scholarly_metadata/europe_pmc/c00affd9a3b0044dae1bc20855bc859aea8e14e9399b7fef8a132a3f28c705c8.json,True,1,,,
europe_pmc,https://www.ebi.ac.uk/europepmc/webservices/rest/search?query=PMC13322554&resultType=lite&pageSize=2&format=json,2026-07-29T20:30:02+00:00,200,98b40814ef1ef0102341fc8c384c00937d29850255f057d79d326ef79db7b28a,data/raw/scholarly_metadata/europe_pmc/c1503c6af8c5f344650b34827fc6d00f4724f1b67ae7d19f8199c79f24c959f1.json,True,1,,,
europe_pmc,https://www.ebi.ac.uk/europepmc/webservices/rest/search?query=PMC13385274&resultType=lite&pageSize=2&format=json,2026-07-29T20:31:11+00:00,200,6d7629e75d5bd0ed24a7c7b8ae49ced4feb337efb16f0e74ba20f2305aa7fa33,data/raw/scholarly_metadata/europe_pmc/c233ced04ef0438596691d30e8a8d17fa632c3fdf42d2b4c835aa924b92892f4.json,True,1,,,
europe_pmc,https://www.ebi.ac.uk/europepmc/webservices/rest/search?query=PMC13384687&resultType=lite&pageSize=2&format=json,2026-07-29T20:31:08+00:00,200,1d897cedb2686120d410fb0bcfee3153146c35446248ac10842a99bd774ca2de,data/raw/scholarly_metadata/europe_pmc/c3084f90b1536ef2afcdbc1e45f96b4eff85572fe77f32678341f9a4e6cb3a35.json,True,1,,,
europe_pmc,https://www.ebi.ac.uk/europepmc/webservices/rest/search?query=PMC13374916&resultType=lite&pageSize=2&format=json,2026-07-29T20:30:56+00:00,200,4d33a0b3eb19ff6e2179dd063b043acafb96453b177510a04ba3a88b750da4f8,data/raw/scholarly_metadata/europe_pmc/c43e8bc0d3b7daa053ace654dbb3eb3b9ac64090ecab9e4022523164b490bd5b.json,True,1,,,
europe_pmc,https://www.ebi.ac.uk/europepmc/webservices/rest/search?query=PMC13361515&resultType=lite&pageSize=2&format=json,2026-07-29T20:30:39+00:00,200,6d5085015e71104fcb7fc8b1f76d99f84c8cb9ff2d0c91d492fb70d6fc1f129e,data/raw/scholarly_metadata/europe_pmc/c5fe2c6e7a52bb9bd189055914687558b8738800dc7b121f4e6bcb69ba31c4bb.json,True,1,,,
europe_pmc,https://www.ebi.ac.uk/europepmc/webservices/rest/search?query=PMC13337675&resultType=lite&pageSize=2&format=json,2026-07-29T20:30:14+00:00,200,eebe3ce223b651174572eb796efdd7ee17580a18ecb89dfc8e50d8ac84ceeb26,data/raw/scholarly_metadata/europe_pmc/c8bc8839897763e96481fb457aa83267744d9c180d4c7b88693e573fe5985d80.json,True,1,,,
europe_pmc,https://www.ebi.ac.uk/europepmc/webservices/rest/search?query=PMC13337000&resultType=lite&pageSize=2&format=json,2026-07-29T20:30:11+00:00,200,5f937c14b2cca13c350dd61db0326d5cd3336897757e1f1fd960c5a03c1a7efa,data/raw/scholarly_metadata/europe_pmc/c950c04abc3c8254476c3320b111758f129075543f22b64bf67fe597cc263849.json,True,1,,,
europe_pmc,https://www.ebi.ac.uk/europepmc/webservices/rest/search?query=PMC13411797&resultType=lite&pageSize=2&format=json,2026-07-29T20:31:45+00:00,200,8d64579d2790cd416ea74ad9d6e0d73537d8a6aa3f9e587541e3c48f362a3df8,data/raw/scholarly_metadata/europe_pmc/c98b33f92328777df7a7ea08333c104ff7b36edb333ea5d4991c684473d4f87e.json,True,1,,,
europe_pmc,https://www.ebi.ac.uk/europepmc/webservices/rest/search?query=PMC12744298&resultType=lite&pageSize=2&format=json,2026-07-29T20:29:52+00:00,200,80ae0d7977f0495b5574465dfd4f3a3c40479a3c6cc0c45e5dbdc0e84690c712,data/raw/scholarly_metadata/europe_pmc/cbf1059b50cc0c545e01bc4c201d3c1984e8a193a4a42a4a3771ba4e6deb2a83.json,True,1,,,
europe_pmc,https://www.ebi.ac.uk/europepmc/webservices/rest/search?query=PMC13380770&resultType=lite&pageSize=2&format=json,2026-07-29T20:31:01+00:00,200,c65743f01995325b3139b657f2432c757606242f8267e3bad2dd1ce032304448,data/raw/scholarly_metadata/europe_pmc/ce60ac1985974073d3bf9812fb7ca954ce7740a53a321f45affa67fd2ff4e5a5.json,True,1,,,
europe_pmc,https://www.ebi.ac.uk/europepmc/webservices/rest/search?query=PMC13366646&resultType=lite&pageSize=2&format=json,2026-07-29T20:30:47+00:00,200,03f059a8ccdd9676ae11f663dee5b73d8028b1641daa4975dc6bac2dd2e544eb,data/raw/scholarly_metadata/europe_pmc/d12bd9a1e7f7c13099be6635479ab769284623ea210120aa6d68fd0fae427126.json,True,1,,,
europe_pmc,https://www.ebi.ac.uk/europepmc/webservices/rest/search?query=PMC13329086&resultType=lite&pageSize=2&format=json,2026-07-29T20:30:05+00:00,200,f4dae92cf5c69e21589041466d13e5281bda615a8ea1df881b3040888ce71fa0,data/raw/scholarly_metadata/europe_pmc/d37ee60350580313bddb7b343ac1a27d5f078a7d573e49fc958f435800d9d1ad.json,True,1,,,
europe_pmc,https://www.ebi.ac.uk/europepmc/webservices/rest/search?query=PMC12611492&resultType=lite&pageSize=2&format=json,2026-07-29T20:29:49+00:00,200,1ea9699ee2225f1eb3612bcf5b9f7a41d621e795e46c007714e94aa36367c64b,data/raw/scholarly_metadata/europe_pmc/d3f4edb9a70460e3c06dcdc27eee9c316453f4bcb97ce9e7028a99a5d0842fe2.json,True,1,,,
europe_pmc,https://www.ebi.ac.uk/europepmc/webservices/rest/search?query=PMC13401636&resultType=lite&pageSize=2&format=json,2026-07-29T20:31:33+00:00,200,11415505cea5ef40a4a857a3612e0a5eee572c68b47afe4dc26d0f984886f5f7,data/raw/scholarly_metadata/europe_pmc/d51640f147d0505b272810d7627f130a3e8e1490af63acc833909eb86f6d9218.json,True,1,,,
europe_pmc,https://www.ebi.ac.uk/europepmc/webservices/rest/search?query=PMC11802414&resultType=lite&pageSize=2&format=json,2026-07-29T20:29:22+00:00,200,15e3d28011e6182d235994c264635f2484120e939d2c5c29b2d3d2b2a9c10f49,data/raw/scholarly_metadata/europe_pmc/d55b481595d640d099b37cac49222092d50739ab578284bb400dbfac5f975608.json,True,1,,,
europe_pmc,https://www.ebi.ac.uk/europepmc/webservices/rest/search?query=PMC13393250&resultType=lite&pageSize=2&format=json,2026-07-29T20:31:22+00:00,200,7d76628cb0194660876576528a16ffe930cfead6181cba3a44d5e34f1e1ef61d,data/raw/scholarly_metadata/europe_pmc/d5778dd91521836a35086b868cffa9395cbf6e2a874187932b5e1cda237a9bf4.json,True,1,,,
europe_pmc,https://www.ebi.ac.uk/europepmc/webservices/rest/search?query=PMC13368627&resultType=lite&pageSize=2&format=json,2026-07-29T20:30:52+00:00,200,7b9e8cf8b273b28d29c6b31b70243e72ab331caef2b4fd1a6e0d3ada42ba7d67,data/raw/scholarly_metadata/europe_pmc/d60b9eb2806ab247cc4a09c0ec5331cf344bb589a00db1c01e23c324546d82ba.json,True,1,,,
europe_pmc,https://www.ebi.ac.uk/europepmc/webservices/rest/search?query=PMC12093672&resultType=lite&pageSize=2&format=json,2026-07-29T20:29:30+00:00,200,b35e15ae374895c069b6021225f37c29f9c0024d3751c10ff0b48956b59b137b,data/raw/scholarly_metadata/europe_pmc/d6865289f726d505b995d72612555cdbcac4725087d50247724e4d1c02682b39.json,True,1,,,
europe_pmc,https://www.ebi.ac.uk/europepmc/webservices/rest/search?query=PMC13362897&resultType=lite&pageSize=2&format=json,2026-07-29T20:30:42+00:00,200,033810194060c454e4fd56df3ebe6b943331feacfafad285f2b008f6209822b9,data/raw/scholarly_metadata/europe_pmc/d74cf7e726bbdf6f24885b800441682c8c6e5ca5ea78bf752ddcf77c4ca44b1c.json,True,1,,,
europe_pmc,https://www.ebi.ac.uk/europepmc/webservices/rest/search?query=PMC11833633&resultType=lite&pageSize=2&format=json,2026-07-29T20:29:24+00:00,200,63eda9d471c1a43d82144cf1f566d391d4fbb24a50b3135f1c7c035a75be36cb,data/raw/scholarly_metadata/europe_pmc/d86c0150bd3a38139c91a87a36f755376a69713b44639a2fb136879abed6ad6f.json,True,1,,,
europe_pmc,https://www.ebi.ac.uk/europepmc/webservices/rest/search?query=PMC13341244&resultType=lite&pageSize=2&format=json,2026-07-29T20:30:16+00:00,200,c8dfa750ca099b6b71da5c059b4d3e23f87dc372cd709c95bf874ca1c3d28bee,data/raw/scholarly_metadata/europe_pmc/dc76748c7476c1137453ee8a16ad0223dc3df3eae4691432df29f43e91b83f7c.json,True,1,,,
europe_pmc,https://www.ebi.ac.uk/europepmc/webservices/rest/search?query=PMC13336533&resultType=lite&pageSize=2&format=json,2026-07-29T20:30:10+00:00,200,a962d81a65a840d6d57b02c6bcfc8b1ba457339b8713d9021114d8ca9953fe6e,data/raw/scholarly_metadata/europe_pmc/e070881e6e105770fa39d50bd251f1111890bd9bf3857b617171dd85ba152834.json,True,1,,,
europe_pmc,https://www.ebi.ac.uk/europepmc/webservices/rest/search?query=PMC13384551&resultType=lite&pageSize=2&format=json,2026-07-29T20:31:04+00:00,200,5e3e30f5ce9312f50762ba9384a71127a05cfd4830390e49bc4855dfe248f006,data/raw/scholarly_metadata/europe_pmc/e254f3becc9f9e86d93bf65a61653f8128a6f7fe6ad0d37bd76219f014d1ae09.json,True,1,,,
europe_pmc,https://www.ebi.ac.uk/europepmc/webservices/rest/search?query=PMC13408700&resultType=lite&pageSize=2&format=json,2026-07-29T20:31:39+00:00,200,71bfc44165f58007a0803f65318a76d22c3fda439aa9818c1a3639fdb95e660f,data/raw/scholarly_metadata/europe_pmc/e2f1439e8381818cf325d91b49e17f5537e9885c3f82e5f53434eec6cf734c62.json,True,1,,,
europe_pmc,https://www.ebi.ac.uk/europepmc/webservices/rest/search?query=PMC13372826&resultType=lite&pageSize=2&format=json,2026-07-29T20:30:54+00:00,200,444b21dff82a6b20ec5d4075363420f2fb785376c7543dead2f8dfc6b5730fff,data/raw/scholarly_metadata/europe_pmc/e30b0efa0f800c2b9f5aa9d5a5ae63fe305b216d024ac1b40048f51dc03a3e23.json,True,1,,,
europe_pmc,https://www.ebi.ac.uk/europepmc/webservices/rest/search?query=PMC12735050&resultType=lite&pageSize=2&format=json,2026-07-29T20:29:50+00:00,200,4c7656fa91a314fd5e7f4a92b5a18f3055429af85fa35595331b3773f0665c6e,data/raw/scholarly_metadata/europe_pmc/e67e0c110f50d86b0e3193b10455e5778d68d8bfc441a67b3c7e647873451415.json,True,1,,,
europe_pmc,https://www.ebi.ac.uk/europepmc/webservices/rest/search?query=PMC13367460&resultType=lite&pageSize=2&format=json,2026-07-29T20:30:50+00:00,200,47c6124e3f3958b609ce251c2784a82947040838253dcd6bc66a93151cdef775,data/raw/scholarly_metadata/europe_pmc/e6e1a40fdeda5bb14f4f24d9aebe3984e7df850dccb013f14d47c4e045c55ec9.json,True,1,,,
europe_pmc,https://www.ebi.ac.uk/europepmc/webservices/rest/search?query=PMC13349133&resultType=lite&pageSize=2&format=json,2026-07-29T20:30:25+00:00,200,42ae4c7fac70aeba99ec4e76141d8f09f937afb20530c823b8f9de7e3fae78db,data/raw/scholarly_metadata/europe_pmc/e8ad33d64dfb70504c0a7cb767303c94800c4f3773a7944b3195fc15be921f63.json,True,1,,,
europe_pmc,https://www.ebi.ac.uk/europepmc/webservices/rest/search?query=PMC13036950&resultType=lite&pageSize=2&format=json,2026-07-29T20:29:59+00:00,200,4347de11a4a825640adf394b2516f344b0ef23a0729aeea755091da82b719b4c,data/raw/scholarly_metadata/europe_pmc/ea1acc0be53536117dcd747ec964bc22130690014c93ad3eb0f2c906df560a47.json,True,1,,,
europe_pmc,https://www.ebi.ac.uk/europepmc/webservices/rest/search?query=PMC13403199&resultType=lite&pageSize=2&format=json,2026-07-29T20:31:36+00:00,200,223404436dac1e91b5da3adc20286f0516f122f18c73308720ee1878059d62e7,data/raw/scholarly_metadata/europe_pmc/eebc8d9748b3a0a59060070ced776852a3776e5de8ba2c8f599f3fa72caa1f79.json,True,1,,,
europe_pmc,https://www.ebi.ac.uk/europepmc/webservices/rest/search?query=PMC13352046&resultType=lite&pageSize=2&format=json,2026-07-29T20:30:31+00:00,200,9063140d1ec4829273ad69913fa76633bfdabffd43d5cdcecc65d7fa2fee7437,data/raw/scholarly_metadata/europe_pmc/ef05638410b6e5b95e4372ba527985a4c3be503e14c3d42ff0e91e7dfba8ddc1.json,True,1,,,
europe_pmc,https://www.ebi.ac.uk/europepmc/webservices/rest/search?query=PMC12286890&resultType=lite&pageSize=2&format=json,2026-07-29T20:29:36+00:00,200,d29f99307c8171e57c22ae2233b234018d1941f8c9932d76f86b17d36b8a0974,data/raw/scholarly_metadata/europe_pmc/ef7c9d977cfdb9d73bd288b48fbf63c1e04fa377a88dafe2d78f46b80158c64d.json,True,1,,,
europe_pmc,https://www.ebi.ac.uk/europepmc/webservices/rest/search?query=PMC12133703&resultType=lite&pageSize=2&format=json,2026-07-29T20:29:31+00:00,200,c9c79b25996b3875176c222e43b81a7fd21778ba6a14e10ea4ee36967d4a450c,data/raw/scholarly_metadata/europe_pmc/f09b6acaa29742d20c0f4f48e71460b3eba66a412ccfb2c38b6b478735313a60.json,True,1,,,
europe_pmc,https://www.ebi.ac.uk/europepmc/webservices/rest/search?query=PMC13389228&resultType=lite&pageSize=2&format=json,2026-07-29T20:31:19+00:00,200,ce412aae48230cba2a4795ea4c63799b523546409a6a0011518ead2e48b5e301,data/raw/scholarly_metadata/europe_pmc/f1e3f6c1cada73e6cc885a76295fe363cde210af59528b06081ed10b7caf7b8c.json,True,1,,,
europe_pmc,https://www.ebi.ac.uk/europepmc/webservices/rest/search?query=PMC12421259&resultType=lite&pageSize=2&format=json,2026-07-29T20:29:42+00:00,200,59f0897686ec4bf3402ce883658f9197b96d32a306b16be669abdfe117ff88fa,data/raw/scholarly_metadata/europe_pmc/f1f771d39d1927130d8fcd8a2a1a1e8372fbce87cb8e0e962f6eb1f25f815b5c.json,True,1,,,
europe_pmc,https://www.ebi.ac.uk/europepmc/webservices/rest/search?query=PMC13388263&resultType=lite&pageSize=2&format=json,2026-07-29T20:31:15+00:00,200,2b38abb148faf7a654b4e5757cd4add10f3602ca1d9aa76cf7d69b87190d2753,data/raw/scholarly_metadata/europe_pmc/f22e2c582945c87d170778ba0ff1f32f69e47b2092a0cf95ca95a210359b0808.json,True,1,,,
europe_pmc,https://www.ebi.ac.uk/europepmc/webservices/rest/search?query=PMC13398692&resultType=lite&pageSize=2&format=json,2026-07-29T20:31:30+00:00,200,7269d75b098ac3846e984ef84e97766a7c0add8870e964293598fb36b01ab436,data/raw/scholarly_metadata/europe_pmc/f39827c32d139176d7bb57de0ee3ac1a9a3e31880714ad7bfc9c05035828dc17.json,True,1,,,
europe_pmc,https://www.ebi.ac.uk/europepmc/webservices/rest/search?query=PMC11467773&resultType=lite&pageSize=2&format=json,2026-07-29T20:29:17+00:00,200,1227c2194deb0d38f7ba6deec15735095e4c1f8c5cdb1e696d4b936708faffed,data/raw/scholarly_metadata/europe_pmc/f58026548ea5bec97592ecae667965d83b13de40948847d2cf1f77582ff3b1f2.json,True,1,,,
europe_pmc,https://www.ebi.ac.uk/europepmc/webservices/rest/search?query=PMC12334939&resultType=lite&pageSize=2&format=json,2026-07-29T20:29:37+00:00,200,10e1ae4bdeee56ab643fea7a2fbb35966a9e7e7fdad603cfd3fd46feafb9783b,data/raw/scholarly_metadata/europe_pmc/f67542760906467a0522965e70de7d4410b31a3304f81581e680341ab0d899ef.json,True,1,,,
europe_pmc,https://www.ebi.ac.uk/europepmc/webservices/rest/search?query=PMC13402206&resultType=lite&pageSize=2&format=json,2026-07-29T20:31:34+00:00,200,471145f991de1a8e861ec8f0e46645d1aa325bdc7517f131d2d03219bd920d8d,data/raw/scholarly_metadata/europe_pmc/f729c1a90095225248a472fec938dbb99a8b9eb07adc30829ae2a884a4daf7fc.json,True,1,,,
europe_pmc,https://www.ebi.ac.uk/europepmc/webservices/rest/search?query=PMC13410559&resultType=lite&pageSize=2&format=json,2026-07-29T20:31:42+00:00,200,7159370b310ec52f58a5084aadd8bad2aad968c64372df6eb67be5d63577decd,data/raw/scholarly_metadata/europe_pmc/f7ceb8a772b51585ff167f708f91125f59279113a1f34ee1eaac92ca8fe58a96.json,True,1,,,
europe_pmc,https://www.ebi.ac.uk/europepmc/webservices/rest/search?query=PMC13400554&resultType=lite&pageSize=2&format=json,2026-07-29T20:31:32+00:00,200,e7121dc4143db4ea0c80ac49f7bf0bfbc9a6fdcaf4f7d7baa406a03c39a63103,data/raw/scholarly_metadata/europe_pmc/f7d74a2d25a91a71233b63d79c1e8896c00018f0ce2762bedb3fcbe4a2dec52c.json,True,1,,,
europe_pmc,https://www.ebi.ac.uk/europepmc/webservices/rest/search?query=PMC13397952&resultType=lite&pageSize=2&format=json,2026-07-29T20:31:29+00:00,200,0bd280020e78213f2032a9bf3780b04c159970cbc4606dc3fbe3c4fac32374ef,data/raw/scholarly_metadata/europe_pmc/f95f3d501554cf70d8901cf2056e547b60cffa97c8a777cf032d25f29bcfb26a.json,True,1,,,
europe_pmc,https://www.ebi.ac.uk/europepmc/webservices/rest/search?query=PMC12396445&resultType=lite&pageSize=2&format=json,2026-07-29T20:29:39+00:00,200,b318f21ac2cf921293dcef35baaf8e860d2c3c418f8fd68cbeafb2210eb45bdf,data/raw/scholarly_metadata/europe_pmc/faaa5079432e1e5b2f1101509a75f6f53b7cc9b7220c6041533de77ba3ca54b4.json,True,1,,,
europe_pmc,https://www.ebi.ac.uk/europepmc/webservices/rest/search?query=PMC12418469&resultType=lite&pageSize=2&format=json,2026-07-29T20:29:41+00:00,200,1a19db06e9bb117ab30133ce7389a8d299de6d2d654dda29a55451b4f82dffd6,data/raw/scholarly_metadata/europe_pmc/ff147a15becec3b521cd50837bc41b897b3ef92411f0c9af635f55010a2c4ceb.json,True,1,,,
ncbi,https://eutils.ncbi.nlm.nih.gov/entrez/eutils/esummary.fcgi?db=pmc&id=13343042%2C13343087%2C13341244%2C13340667%2C13337675%2C13337053%2C13337000%2C13336533%2C13335360%2C13337222%2C13331199%2C13331347%2C13329938%2C13329086%2C13327202%2C13327123%2C13322554%2C13310656%2C13138023&retmode=json&tool=RsearchPaper,2026-07-29T20:20:13+00:00,200,4debcddfd2bb1be82eb1716b7fa05c467e061f291a970352b8f041380f681b8f,data/raw/scholarly_metadata/ncbi/1d52a318c43c8cb2b683d3f9ab662c40af06c8a2cbb973560f8dfd844b1751ef.json,True,1,3,1,
ncbi,https://eutils.ncbi.nlm.nih.gov/entrez/eutils/esummary.fcgi?db=pmc&id=13368627%2C13369579%2C13372655%2C13372826%2C13374871%2C13374916%2C13376105%2C13376527%2C13379011%2C13380083%2C13380770%2C13381236%2C13382457%2C13384269%2C13384551%2C13384559%2C13384616%2C13384665%2C13384687%2C13385107%2C13385109%2C13385274%2C13385450%2C13385639%2C13386084%2C13387849%2C13388263%2C13388307%2C13389146%2C13389202%2C13389228%2C13389884%2C13390809%2C13391297%2C13393250%2C13393562%2C13393584%2C13394890%2C13395082%2C13395440%2C13395614%2C13395699%2C13396883%2C13397952%2C13398692%2C13400123%2C13400554%2C13401636%2C13402149%2C13402206%2C13403153%2C13403199%2C13403324%2C13404630%2C13405041%2C13408700%2C13409092%2C13410022%2C13410539%2C13410559%2C13411224%2C13411413%2C13411797%2C13412647%2C13412813%2C13412876%2C13413080&retmode=json&tool=RsearchPaper,2026-07-29T20:20:22+00:00,200,1993b7fc1de3e25592704599614c6dc1c4ac4db75b603b6c371b449ff037aba3,data/raw/scholarly_metadata/ncbi/7b98864c4c8eea9febd00c658dc29d779fa6cee6cd2e0c8e4599f166e5c8abce.json,True,1,3,2,
ncbi,https://eutils.ncbi.nlm.nih.gov/entrez/eutils/esummary.fcgi?db=pmc&id=13412647%2C13412876%2C13413080%2C13412813%2C13411413%2C13410559%2C13411797%2C13411224%2C13408700%2C13409092%2C13410022%2C13410539%2C13403199%2C13403324%2C13402206%2C13402149%2C13403153%2C13404630%2C13405041%2C13401636%2C13400123%2C13400554%2C13395699%2C13395614%2C13398692%2C13396883%2C13397952%2C13391297%2C13393584%2C13393562%2C13395440%2C13395082%2C13394890%2C13393250%2C13389228%2C13388307%2C13389146%2C13389884%2C13388263%2C13389202%2C13390809%2C13385274%2C13385109%2C13385639%2C13385107%2C13385450%2C13387849%2C13386084%2C13381236%2C13382457%2C13384269%2C13384616%2C13384551%2C13384687%2C13384559%2C13384665%2C13380770%2C13380083%2C13379011%2C13376527%2C13376105%2C13372655%2C13374871%2C13374916%2C13372826%2C13369579%2C13368627%2C13365883%2C13367460%2C13366646%2C13367251%2C13362897%2C13363621%2C13363480%2C13361964%2C13360137%2C13357993%2C13361515%2C13360819%2C13357043%2C13362927%2C13362851%2C13360508%2C13356836%2C13355561%2C13355640%2C13355283%2C13351449%2C13352028%2C13351598%2C13351211%2C13352046%2C13346412%2C13349322%2C13349133%2C13349111%2C13347318%2C13344933%2C13345235%2C13343054&retmode=json&tool=RsearchPaper,2026-07-29T20:20:12+00:00,200,18566fd20ecbee6360c47491e244bd69e3360215346a227e725ca93a4805b875,data/raw/scholarly_metadata/ncbi/9014ee957cd2f332a7c8481e30a7c1d76a2cdb4ebc226e8eb517befd97d0d333.json,True,1,3,1,
ncbi,https://eutils.ncbi.nlm.nih.gov/entrez/eutils/esearch.fcgi?db=pmc&term=%28%222026%2F07%2F01%22%5BPublication+Date%5D+%3A+%222026%2F07%2F29%22%5BPublication+Date%5D%29+AND+open_access%5Bfilter%5D+AND+%22cohort+study%22%5BTitle%5D+AND+%28cardiovascular%5BTitle%5D+OR+metabolic%5BTitle%5D+OR+diabetes%5BTitle%5D+OR+coronary%5BTitle%5D+OR+stroke%5BTitle%5D+OR+%22heart+failure%22%5BTitle%5D%29&retmax=1000&sort=pub+date&retmode=json&tool=RsearchPaper,2026-07-29T20:20:11+00:00,200,22ab98b0a4a23d688f9f3ca10237cefe394343192985d4d078f72d3b00d7b5a5,data/raw/scholarly_metadata/ncbi/9e1bb08782395f9cdb805e82528e2dc69d1ad7e88e34da2a2a680ed8b576500a.json,True,1,3,2,
ncbi,https://eutils.ncbi.nlm.nih.gov/entrez/eutils/esummary.fcgi?db=pmc&id=11467773%2C11695108%2C11701191%2C11750874%2C11751837%2C11761004%2C11802414%2C11806717%2C11833633%2C11885081%2C11951197%2C11969775%2C12005981%2C12085925%2C12093672%2C12133703%2C12141897%2C12155567%2C12179864%2C12273069%2C12286890%2C12334939%2C12341586%2C12395389%2C12396445%2C12400556%2C12418469%2C12421259%2C12463975%2C12486684%2C12533630%2C12537428%2C12553450%2C12589983%2C12611492%2C12664052%2C12735050%2C12744298%2C12744504%2C12748521%2C12755569%2C12756635%2C12797426%2C12823638%2C12911675%2C12925122%2C13036950%2C13138023%2C13243855%2C13310656%2C13322554%2C13327123%2C13327202%2C13329086%2C13329938%2C13331199%2C13331347%2C13335360%2C13336533%2C13337000%2C13337053%2C13337222%2C13337675%2C13340667%2C13341244%2C13343042%2C13343054%2C13343087%2C13344933%2C13345235%2C13346412%2C13347318%2C13349111%2C13349133%2C13349322%2C13351211%2C13351449%2C13351598%2C13352028%2C13352046%2C13355283%2C13355561%2C13355640%2C13356836%2C13357043%2C13357993%2C13360137%2C13360508%2C13360819%2C13361515%2C13361964%2C13362851%2C13362897%2C13362927%2C13363480%2C13363621%2C13365883%2C13366646%2C13367251%2C13367460&retmode=json&tool=RsearchPaper,2026-07-29T20:20:21+00:00,200,69089e74a92442665f6719045124454196fbe4de3266e7ef5bf432cd299dacdb,data/raw/scholarly_metadata/ncbi/ec6b709315dfb68e9132c15a66f0b1b751a020a1452aa0b6c11f12513fc02dd0.json,True,1,3,2,
openalex,https://api.openalex.org/works?filter=doi%3A10.1093%2Foncolo%2Foyag268&per-page=1&select=id%2Cdoi%2Ctitle%2Cpublication_date%2Cids%2Cprimary_location%2Clocations%2Copen_access%2Ctype%2Cauthorships%2Cupdated_date,2026-07-29T20:26:29+00:00,200,a9c23eeafaf3957c8d939192e4d8b2d518f8ca5877dcd839f1151df6dc07d567,data/raw/scholarly_metadata/openalex/0249d4badd3e865463d6d521366963c260975b97e47ea2f2054b24449e23becc.json,True,1,1000,850,
openalex,https://api.openalex.org/works?filter=doi%3A10.2196%2F91051&per-page=1&select=id%2Cdoi%2Ctitle%2Cpublication_date%2Cids%2Cprimary_location%2Clocations%2Copen_access%2Ctype%2Cauthorships%2Cupdated_date,2026-07-29T20:23:18+00:00,200,69422eeaca7f9d6da4f1e6507f2d7db31700edabb77f934f925cb89f5bb380b5,data/raw/scholarly_metadata/openalex/029348e28a61ca39fec5f86aff35f05177cb06876da2cc98a4105a546ff5e43b.json,True,1,1000,925,
openalex,https://api.openalex.org/works?filter=doi%3A10.1093%2Fbjsopen%2Fzrag054&per-page=1&select=id%2Cdoi%2Ctitle%2Cpublication_date%2Cids%2Cprimary_location%2Clocations%2Copen_access%2Ctype%2Cauthorships%2Cupdated_date,2026-07-29T20:23:01+00:00,200,0388a9f36d9070e7e7cdfc66b682f559a3136c262893e5f911a1732a0e1d4910,data/raw/scholarly_metadata/openalex/029ecde64e70ada6a7535c24beacc5aaa984e3496fa6bbbd362443f8c4e75bdb.json,True,1,1000,932,
openalex,https://api.openalex.org/works?filter=doi%3A10.7189%2Fjogh.16.04204&per-page=1&select=id%2Cdoi%2Ctitle%2Cpublication_date%2Cids%2Cprimary_location%2Clocations%2Copen_access%2Ctype%2Cauthorships%2Cupdated_date,2026-07-29T20:22:55+00:00,200,cabae9207eeb5feda5f7b958310c3cc3d9072ba64764cf7e3f55831f21add7ce,data/raw/scholarly_metadata/openalex/0bd6c87cf3bfc955293a6df520a881fbbf2c7763cbe09a12b1c2c88b2def34cc.json,True,1,1000,934,
openalex,https://api.openalex.org/works?filter=doi%3A10.1016%2Fj.jnha.2025.100754&per-page=1&select=id%2Cdoi%2Ctitle%2Cpublication_date%2Cids%2Cprimary_location%2Clocations%2Copen_access%2Ctype%2Cauthorships%2Cupdated_date,2026-07-29T20:22:08+00:00,200,cd43b907acbde2522f9b39ec09acbe72af5350e720bdecf5c970faee118b9c99,data/raw/scholarly_metadata/openalex/0c2efb94bb4bde0b51e4221dbe7c75d8c97bfce8c63d48dda813b762c667835e.json,True,1,1000,947,
openalex,https://api.openalex.org/works?filter=doi%3A10.20945%2F2359-4292-2026-0076&per-page=1&select=id%2Cdoi%2Ctitle%2Cpublication_date%2Cids%2Cprimary_location%2Clocations%2Copen_access%2Ctype%2Cauthorships%2Cupdated_date,2026-07-29T20:26:42+00:00,200,97bb31ade4304b373fe7d3b3e38e787009faae25e12f2196076189a12e25a5b6,data/raw/scholarly_metadata/openalex/0c623f41fcd4dfe5976ab585828e1839bb1f5874aa01d8a59175623000f0b741.json,True,1,1000,845,
openalex,https://api.openalex.org/works?filter=doi%3A10.1177%2F17539447261469508&per-page=1&select=id%2Cdoi%2Ctitle%2Cpublication_date%2Cids%2Cprimary_location%2Clocations%2Copen_access%2Ctype%2Cauthorships%2Cupdated_date,2026-07-29T20:26:52+00:00,200,640ee652c5c3355395f7b74ad3935c91ed1c687a593a1490a88d97c43f28aa6f,data/raw/scholarly_metadata/openalex/0dda6fc682fe1138dd0c5c617fd86095c7dea97a95e668343d64bee7e3703dfc.json,True,1,1000,841,
openalex,https://api.openalex.org/works?filter=doi%3A10.1093%2Fesj%2Faakag086&per-page=1&select=id%2Cdoi%2Ctitle%2Cpublication_date%2Cids%2Cprimary_location%2Clocations%2Copen_access%2Ctype%2Cauthorships%2Cupdated_date,2026-07-29T20:26:44+00:00,200,3667d46fed114c421867ad8492c9fbfeb5624353873555bd85b36e5f731223df,data/raw/scholarly_metadata/openalex/0f2e52c020695f57a96aeedc6772f921109202448bdf8783102fc86c8403a7c7.json,True,1,1000,844,
openalex,https://api.openalex.org/works?filter=doi%3A10.2147%2Fijwh.s614197&per-page=1&select=id%2Cdoi%2Ctitle%2Cpublication_date%2Cids%2Cprimary_location%2Clocations%2Copen_access%2Ctype%2Cauthorships%2Cupdated_date,2026-07-29T20:24:23+00:00,200,e13d368454c20ef660089ddbc4dc9425a08f91b46854476009571320dce2a099,data/raw/scholarly_metadata/openalex/11a2f78ccc530989c4f2271ae1ab54d738862892dd11448bdbb5f4e18000aae4.json,True,1,1000,899,
openalex,https://api.openalex.org/works?filter=doi%3A10.1186%2Fs12933-025-02874-7&per-page=1&select=id%2Cdoi%2Ctitle%2Cpublication_date%2Cids%2Cprimary_location%2Clocations%2Copen_access%2Ctype%2Cauthorships%2Cupdated_date,2026-07-29T20:21:27+00:00,200,537dfb13d45580389765700640d7b43b3859ecc2ae5f7cdf1be20d80fa862711,data/raw/scholarly_metadata/openalex/145eb38792f3cc673beb43cb9e682d351d5afe378729a41362a81e6eec9606a4.json,True,1,1000,963,
openalex,https://api.openalex.org/works?filter=doi%3A10.1016%2Fj.jacadv.2025.101864&per-page=1&select=id%2Cdoi%2Ctitle%2Cpublication_date%2Cids%2Cprimary_location%2Clocations%2Copen_access%2Ctype%2Cauthorships%2Cupdated_date,2026-07-29T20:21:29+00:00,200,7a0e4dc67567a57b312c470a5fcc5277cf160d7a88dc7f785fdf1f039f2e86b0,data/raw/scholarly_metadata/openalex/1a810ade2c7a1c9146107772bc13a7a1063ddd3dfdbb08336e2fa2aefa79a955.json,True,1,1000,962,
openalex,https://api.openalex.org/works?filter=doi%3A10.1371%2Fjournal.pone.0352164&per-page=1&select=id%2Cdoi%2Ctitle%2Cpublication_date%2Cids%2Cprimary_location%2Clocations%2Copen_access%2Ctype%2Cauthorships%2Cupdated_date,2026-07-29T20:22:40+00:00,200,de99a6f06a30d270109a30d3e3e74067ef33b3df0b047c09203308dab61a2aea,data/raw/scholarly_metadata/openalex/1dd91363b88fde682a27f2336e30692452be114f2a56ad4aa7abec1ba147aadc.json,True,1,1000,936,
openalex,https://api.openalex.org/works?filter=doi%3A10.1111%2Fdom.16040&per-page=1&select=id%2Cdoi%2Ctitle%2Cpublication_date%2Cids%2Cprimary_location%2Clocations%2Copen_access%2Ctype%2Cauthorships%2Cupdated_date,2026-07-29T20:20:28+00:00,200,58d48ab20c6340fd37bc79a74acf9f8e1e909c184de78f6012926c66e4098020,data/raw/scholarly_metadata/openalex/1e22d4a0f0f47bebb3ad8e719367cc9dd2a38143e107a2cf9a9703b2df95a55e.json,True,1,1000,986,
openalex,https://api.openalex.org/works?filter=doi%3A10.2147%2Fjhc.s611091&per-page=1&select=id%2Cdoi%2Ctitle%2Cpublication_date%2Cids%2Cprimary_location%2Clocations%2Copen_access%2Ctype%2Cauthorships%2Cupdated_date,2026-07-29T20:24:20+00:00,200,c17b0999a814a08b77b6d8f207424b3c446aef62ae62746050c4f9e93c1210ef,data/raw/scholarly_metadata/openalex/1f3ce1405ca1dcb8c37928cbb4ddaf6b62ebd042d95c9066525573a017eb6d88.json,True,1,1000,900,
openalex,https://api.openalex.org/works?filter=doi%3A10.3390%2Fjcdd13070320&per-page=1&select=id%2Cdoi%2Ctitle%2Cpublication_date%2Cids%2Cprimary_location%2Clocations%2Copen_access%2Ctype%2Cauthorships%2Cupdated_date,2026-07-29T20:27:22+00:00,200,d59ea29ca7d743fb3574257d5d6c0f8c565a688b20037441d0b1d8aef01f7830,data/raw/scholarly_metadata/openalex/21502c6e71fb9b9eb429b7d6a9e5a5794a2ec1b3a2e4022edd3a8e348fbf17de.json,True,1,1000,831,
openalex,https://api.openalex.org/works?filter=doi%3A10.1097%2Fmd.0000000000049836&per-page=1&select=id%2Cdoi%2Ctitle%2Cpublication_date%2Cids%2Cprimary_location%2Clocations%2Copen_access%2Ctype%2Cauthorships%2Cupdated_date,2026-07-29T20:25:35+00:00,200,e0ae031db6fc9e376972ac2f017cda6ad78f644e9493769a33200fadfdeacd7a,data/raw/scholarly_metadata/openalex/2322d5c26d95d68104a90befc4674fcc4491a2edf9cafa722494427708f7c5bf.json,True,1,1000,872,
openalex,https://api.openalex.org/works?filter=doi%3A10.1136%2Fbmjph-2025-003402&per-page=1&select=id%2Cdoi%2Ctitle%2Cpublication_date%2Cids%2Cprimary_location%2Clocations%2Copen_access%2Ctype%2Cauthorships%2Cupdated_date,2026-07-29T20:22:17+00:00,200,0ba38274088638b53597e62c63722a88bf474f1fc322a99bf67d8201ef21c250,data/raw/scholarly_metadata/openalex/23445734fd7cd63db9f9cbf1b6eda62eac15284bcf84b15c4222b54a26034435.json,True,1,1000,944,
openalex,https://api.openalex.org/works?filter=doi%3A10.1186%2Fs41043-025-01083-y&per-page=1&select=id%2Cdoi%2Ctitle%2Cpublication_date%2Cids%2Cprimary_location%2Clocations%2Copen_access%2Ctype%2Cauthorships%2Cupdated_date,2026-07-29T20:21:37+00:00,200,972686b43f8f9d71af42a953caae0bb51e9f13934f4b9de476ec85b590e649ed,data/raw/scholarly_metadata/openalex/24b9123c9fb3708818d3e92a4f040fb6e482cb6283286fbbd41cc0f73ac0b4fb.json,True,1,1000,959,
openalex,https://api.openalex.org/works?filter=doi%3A10.3389%2Ffimmu.2026.1882018&per-page=1&select=id%2Cdoi%2Ctitle%2Cpublication_date%2Cids%2Cprimary_location%2Clocations%2Copen_access%2Ctype%2Cauthorships%2Cupdated_date,2026-07-29T20:26:17+00:00,200,58e52559a962e6de89cfd70b6991b9441aee50f1f88d0f4e8fa84ed37fab1a4e,data/raw/scholarly_metadata/openalex/25d2eec29b3bf38ca7c3aad1a89f8c5cedf5765cd0c6bea11f2bbf1f9e7428cd.json,True,1,1000,855,
openalex,https://api.openalex.org/works?filter=doi%3A10.1093%2Fckj%2Fsfae401&per-page=1&select=id%2Cdoi%2Ctitle%2Cpublication_date%2Cids%2Cprimary_location%2Clocations%2Copen_access%2Ctype%2Cauthorships%2Cupdated_date,2026-07-29T20:20:35+00:00,200,51bf42522e6519714dfe5f9afc138556ce80c288c391b53bfafb688e5326d498,data/raw/scholarly_metadata/openalex/28bf9bbbc09bc0b178b210c505f7a3aa01627c3657c55a6e487fe0a5e16fac66.json,True,1,1000,983,
openalex,https://api.openalex.org/works?filter=doi%3A10.3389%2Ffnut.2025.1657587&per-page=1&select=id%2Cdoi%2Ctitle%2Cpublication_date%2Cids%2Cprimary_location%2Clocations%2Copen_access%2Ctype%2Cauthorships%2Cupdated_date,2026-07-29T20:21:34+00:00,200,4c137b41d55917b0b3f1e10c06980dcb2235e569747615beb0af5b738425bc95,data/raw/scholarly_metadata/openalex/2a6865335fd3f8b442138f3bbd31109dd78336b71ff4befd2e22e636ca3bb4e0.json,True,1,1000,960,
openalex,https://api.openalex.org/works?filter=doi%3A10.1038%2Fs41598-026-63006-z&per-page=1&select=id%2Cdoi%2Ctitle%2Cpublication_date%2Cids%2Cprimary_location%2Clocations%2Copen_access%2Ctype%2Cauthorships%2Cupdated_date,2026-07-29T20:27:17+00:00,200,d3142bd034e980c19976cf521af343683328eadb3ca943c50d7bf1ca8b721293,data/raw/scholarly_metadata/openalex/2ae5b0ef94dc60a199cae8fae49afc5bb0d1624168f142581ec8412b8779a725.json,True,1,1000,833,
openalex,https://api.openalex.org/works?filter=doi%3A10.2340%2Fjrm.v58.45663&per-page=1&select=id%2Cdoi%2Ctitle%2Cpublication_date%2Cids%2Cprimary_location%2Clocations%2Copen_access%2Ctype%2Cauthorships%2Cupdated_date,2026-07-29T20:23:59+00:00,200,f78e875f398926cb476aeebc36e0c37952f8b9aee8c631df03f8491b2b03413d,data/raw/scholarly_metadata/openalex/2c83e32a87f8e32b5cea35471c929bf5f7fcfd5901aa23e44049cd14df38467c.json,True,1,1000,908,
openalex,https://api.openalex.org/works?filter=doi%3A10.1371%2Fjournal.pone.0351075&per-page=1&select=id%2Cdoi%2Ctitle%2Cpublication_date%2Cids%2Cprimary_location%2Clocations%2Copen_access%2Ctype%2Cauthorships%2Cupdated_date,2026-07-29T20:23:32+00:00,200,fae68b98a5c82677660ef8d106053dc7e33632e7be3b4fdec92b99dca9a250ac,data/raw/scholarly_metadata/openalex/2eb3a55a607732ebb6330fd1cf06c5958763fa966d9498cd26442977fc79784a.json,True,1,1000,919,
openalex,https://api.openalex.org/works?filter=doi%3A10.1007%2Fs40200-026-02002-6&per-page=1&select=id%2Cdoi%2Ctitle%2Cpublication_date%2Cids%2Cprimary_location%2Clocations%2Copen_access%2Ctype%2Cauthorships%2Cupdated_date,2026-07-29T20:23:35+00:00,200,aac00ebadcc43d7d74820709c7dd75b5049d55129e16eb48b87b3277c8cf4312,data/raw/scholarly_metadata/openalex/308f6fe5e9e66947d91fa4005ae1a1f10936e08e20da7d1556147e458a3f6bfa.json,True,1,1000,918,
openalex,https://api.openalex.org/works?filter=doi%3A10.3390%2Fjcm15145453&per-page=1&select=id%2Cdoi%2Ctitle%2Cpublication_date%2Cids%2Cprimary_location%2Clocations%2Copen_access%2Ctype%2Cauthorships%2Cupdated_date,2026-07-29T20:27:31+00:00,200,4993573c9d1dae8947b478382833d8728d4fa5e013198bb175b430079e8a8b09,data/raw/scholarly_metadata/openalex/3488c2367a3cc15cd94da6c2848ddea34364c573788f96ea22ae6030b9f7e4f4.json,True,1,1000,827,
openalex,https://api.openalex.org/works?filter=doi%3A10.1371%2Fjournal.pone.0353113&per-page=1&select=id%2Cdoi%2Ctitle%2Cpublication_date%2Cids%2Cprimary_location%2Clocations%2Copen_access%2Ctype%2Cauthorships%2Cupdated_date,2026-07-29T20:22:34+00:00,200,a2b54b1d9f2eb1ec3e0dfbf12db9fbb6b475337890af70fe5a024861beca0461,data/raw/scholarly_metadata/openalex/3de43895c1b78b79fb8eaa97cb91662c6249f6e96a3115ae44b7efa23b0c1eb5.json,True,1,1000,938,
openalex,https://api.openalex.org/works?filter=doi%3A10.1016%2Fj.ajpc.2025.101004&per-page=1&select=id%2Cdoi%2Ctitle%2Cpublication_date%2Cids%2Cprimary_location%2Clocations%2Copen_access%2Ctype%2Cauthorships%2Cupdated_date,2026-07-29T20:21:02+00:00,200,18ff8667d367b9f50a46d28e84cf4a19e9fd34c9d592a940333b126d333ea8f9,data/raw/scholarly_metadata/openalex/40b2339d142bfadf90f29211240f4adc569963000d40912f20e2e5a827e450c6.json,True,1,1000,973,
openalex,https://api.openalex.org/works?filter=doi%3A10.3390%2Fjcm15135275&per-page=1&select=id%2Cdoi%2Ctitle%2Cpublication_date%2Cids%2Cprimary_location%2Clocations%2Copen_access%2Ctype%2Cauthorships%2Cupdated_date,2026-07-29T20:24:36+00:00,200,dedfbda240f30951aaba25c4b65f41134e1b2dbbd428787aeb3fc647c83fe0e3,data/raw/scholarly_metadata/openalex/41ccfd1dd22e1856e6cfe881e320f4d903761718f005cbd7d4c439b70577a765.json,True,1,1000,894,
openalex,https://api.openalex.org/works?filter=doi%3A10.3399%2Fbjgpo.2024.0197&per-page=1&select=id%2Cdoi%2Ctitle%2Cpublication_date%2Cids%2Cprimary_location%2Clocations%2Copen_access%2Ctype%2Cauthorships%2Cupdated_date,2026-07-29T20:21:32+00:00,200,63a922d74b7d1d478218625ff3841f03f210e52ad4213ce67ba4a4160851e9ec,data/raw/scholarly_metadata/openalex/42a971ebb9ec1b4e7c9721d5dcae717e269adf35dba4b1972c52ea89ad5da739.json,True,1,1000,961,
openalex,https://api.openalex.org/works?filter=doi%3A10.1002%2Ffsn3.72109&per-page=1&select=id%2Cdoi%2Ctitle%2Cpublication_date%2Cids%2Cprimary_location%2Clocations%2Copen_access%2Ctype%2Cauthorships%2Cupdated_date,2026-07-29T20:24:11+00:00,200,f189ca5092486b8112955edccc12b1cd120915deb20dc173007abada72643d30,data/raw/scholarly_metadata/openalex/44df08cfd251967b65330e5859b5ed3a9811206732b8ecb5d7f271c62a83cd98.json,True,1,1000,903,
openalex,https://api.openalex.org/works?filter=doi%3A10.2196%2F72497&per-page=1&select=id%2Cdoi%2Ctitle%2Cpublication_date%2Cids%2Cprimary_location%2Clocations%2Copen_access%2Ctype%2Cauthorships%2Cupdated_date,2026-07-29T20:21:22+00:00,200,5f084d2687ee29c07672598f3b3cdb96f601cc603e69253270c6266e8ddb64d9,data/raw/scholarly_metadata/openalex/44f7bd0d26a8089d473a35ebef7b9acdba9ced48f58a84818ff157dad8199020.json,True,1,1000,965,
openalex,https://api.openalex.org/works?filter=doi%3A10.1136%2Fbmjopen-2025-116166&per-page=1&select=id%2Cdoi%2Ctitle%2Cpublication_date%2Cids%2Cprimary_location%2Clocations%2Copen_access%2Ctype%2Cauthorships%2Cupdated_date,2026-07-29T20:27:12+00:00,200,ed8cd483da313d04addc15bb5f9aa12f0702a66c8b59746109b590dcade05701,data/raw/scholarly_metadata/openalex/47db2046400b8a8b6503399863a5a04ecd2260f3bcfd5d77e3cbe04f2e11e454.json,True,1,1000,835,
openalex,https://api.openalex.org/works?filter=doi%3A10.1002%2Fhsr2.72620&per-page=1&select=id%2Cdoi%2Ctitle%2Cpublication_date%2Cids%2Cprimary_location%2Clocations%2Copen_access%2Ctype%2Cauthorships%2Cupdated_date,2026-07-29T20:26:09+00:00,200,31add353a8fe1558104fe0cc5985587a4467685b0aa5352bb8576d5cc3fc29e2,data/raw/scholarly_metadata/openalex/4995745f47241a32a92b3382087909974300b1818bece2fde93dad082f1a7c2d.json,True,1,1000,858,
openalex,https://api.openalex.org/works?filter=doi%3A10.3389%2Ffcvm.2026.1832873&per-page=1&select=id%2Cdoi%2Ctitle%2Cpublication_date%2Cids%2Cprimary_location%2Clocations%2Copen_access%2Ctype%2Cauthorships%2Cupdated_date,2026-07-29T20:26:02+00:00,200,2114b0a863c348cc8cd4af5ca55dd846ce5a810a1914a4ba18c38e4a6bdeeea8,data/raw/scholarly_metadata/openalex/4a5e310b09ec5fec20827513ef108b967688a685a4e3ecca002e81df5bc36509.json,True,1,1000,861,
openalex,https://api.openalex.org/works?filter=doi%3A10.1080%2F07853890.2026.2698905&per-page=1&select=id%2Cdoi%2Ctitle%2Cpublication_date%2Cids%2Cprimary_location%2Clocations%2Copen_access%2Ctype%2Cauthorships%2Cupdated_date,2026-07-29T20:24:17+00:00,200,22af475cebdb24745c688a1284688024a07e8e8cac8b3f169a4d0f620d9bd451,data/raw/scholarly_metadata/openalex/4b301236dacebbcf09de1c6cacb729b4cc2618c00d48ef3635d630262d7ecb3e.json,True,1,1000,901,
openalex,https://api.openalex.org/works?filter=doi%3A10.1093%2Fcid%2Fciag261&per-page=1&select=id%2Cdoi%2Ctitle%2Cpublication_date%2Cids%2Cprimary_location%2Clocations%2Copen_access%2Ctype%2Cauthorships%2Cupdated_date,2026-07-29T20:23:20+00:00,200,ccb6cdb56b5202608d701336a1412572ddb1a337fa23ab6660576c8f03f2a70f,data/raw/scholarly_metadata/openalex/4cab1810d3b3beebc39169149dd397a496d1535ec6c4ec8871c04529593eada4.json,True,1,1000,924,
openalex,https://api.openalex.org/works?filter=doi%3A10.2147%2Fijwh.s615707&per-page=1&select=id%2Cdoi%2Ctitle%2Cpublication_date%2Cids%2Cprimary_location%2Clocations%2Copen_access%2Ctype%2Cauthorships%2Cupdated_date,2026-07-29T20:24:07+00:00,200,58e40d399bc9f6b7549780f238c5efbf44f5162d3234f4be3725efa202729fd1,data/raw/scholarly_metadata/openalex/4ccfd7ceca1c353f5cb1ac417d7580dd5489f4293e0b99e377b32c78646867f3.json,True,1,1000,905,
openalex,https://api.openalex.org/works?filter=doi%3A10.1161%2Fjaha.125.040962&per-page=1&select=id%2Cdoi%2Ctitle%2Cpublication_date%2Cids%2Cprimary_location%2Clocations%2Copen_access%2Ctype%2Cauthorships%2Cupdated_date,2026-07-29T20:21:39+00:00,200,e6320d92ab9d0f539fcca7685233b0309d9f8b2c79a543f2dd9e5e32244c909f,data/raw/scholarly_metadata/openalex/4cd794d3f555f783c30563b062de0e602b27569bf8060eb789b7245ada9374d2.json,True,1,1000,958,
openalex,https://api.openalex.org/works?filter=doi%3A10.1002%2Fclc.70422&per-page=1&select=id%2Cdoi%2Ctitle%2Cpublication_date%2Cids%2Cprimary_location%2Clocations%2Copen_access%2Ctype%2Cauthorships%2Cupdated_date,2026-07-29T20:26:59+00:00,200,02aa2db84efd010e561666b31dcca85f2d5540697a7d564a07c2f1be5c4246de,data/raw/scholarly_metadata/openalex/50629a4fb807d8b09d63f4ac7da3de5c113728d1f347783e82d920966940f6b9.json,True,1,1000,838,
openalex,https://api.openalex.org/works?filter=doi%3A10.3389%2Ffpubh.2026.1889187&per-page=1&select=id%2Cdoi%2Ctitle%2Cpublication_date%2Cids%2Cprimary_location%2Clocations%2Copen_access%2Ctype%2Cauthorships%2Cupdated_date,2026-07-29T20:25:50+00:00,200,01364c82506352ff83faeee5d03280cc6851c5f333552047a3248e7cb90aa7c6,data/raw/scholarly_metadata/openalex/50c1104ebaea0765d48343d2f2028d57bfb7df1d9212ce52539fb2fd687c33f3.json,True,1,1000,866,
openalex,https://api.openalex.org/works?filter=doi%3A10.4239%2Fwjd.v16.i6.105080&per-page=1&select=id%2Cdoi%2Ctitle%2Cpublication_date%2Cids%2Cprimary_location%2Clocations%2Copen_access%2Ctype%2Cauthorships%2Cupdated_date,2026-07-29T20:21:09+00:00,200,ecccdd0bbaefec01d9a8e30493b29d294f2e4d81f23097b08dba10c49a8d6c75,data/raw/scholarly_metadata/openalex/523a885a978a2e88047d4f8075a27b7e85b0504e51cc247c089facb8af0daa32.json,True,1,1000,970,
openalex,https://api.openalex.org/works?filter=doi%3A10.2147%2Fjmdh.s590099&per-page=1&select=id%2Cdoi%2Ctitle%2Cpublication_date%2Cids%2Cprimary_location%2Clocations%2Copen_access%2Ctype%2Cauthorships%2Cupdated_date,2026-07-29T20:24:09+00:00,200,88c6b4fccf599e79e00879da98c7230b03816b336e68064f947b5d0b3ce05d1e,data/raw/scholarly_metadata/openalex/56c8cbdec8c312e7f609145828234bf11c7c70cd35683aaee32f5782f34bddc3.json,True,1,1000,904,
openalex,https://api.openalex.org/works?filter=doi%3A10.3390%2Fhealthcare14142221&per-page=1&select=id%2Cdoi%2Ctitle%2Cpublication_date%2Cids%2Cprimary_location%2Clocations%2Copen_access%2Ctype%2Cauthorships%2Cupdated_date,2026-07-29T20:27:34+00:00,200,f75d55adc4443d78d700f283ec5fd0d4d086bb0f117349de4b6688001a370f91,data/raw/scholarly_metadata/openalex/57e16d346678b5ebc5a89926dbfdcb620f6cd465755e709f4d624166e397a6ff.json,True,1,1000,826,
openalex,https://api.openalex.org/works?filter=doi%3A10.3389%2Ffendo.2026.1873073&per-page=1&select=id%2Cdoi%2Ctitle%2Cpublication_date%2Cids%2Cprimary_location%2Clocations%2Copen_access%2Ctype%2Cauthorships%2Cupdated_date,2026-07-29T20:24:55+00:00,200,67ab7931bc5dc1cc347b1a237021dac1fab73a98b55184ee63498172a127175e,data/raw/scholarly_metadata/openalex/58208509817586931cdc0e1a9598dbb8ee3eced80d910e6d8469ec74439d1e6d.json,True,1,1000,886,
openalex,https://api.openalex.org/works?filter=doi%3A10.1093%2Fjrr%2Frrag036&per-page=1&select=id%2Cdoi%2Ctitle%2Cpublication_date%2Cids%2Cprimary_location%2Clocations%2Copen_access%2Ctype%2Cauthorships%2Cupdated_date,2026-07-29T20:26:49+00:00,200,942feba14139eb5cff94afae4a2eff6963355321f577c1d915f1a75839f8f108,data/raw/scholarly_metadata/openalex/5942c86e539512e8d47a4ff23c5660758678d0ffb76a1f7faf3494bb04aa141d.json,True,1,1000,842,
openalex,https://api.openalex.org/works?filter=doi%3A10.1016%2Fj.eclinm.2026.104061&per-page=1&select=id%2Cdoi%2Ctitle%2Cpublication_date%2Cids%2Cprimary_location%2Clocations%2Copen_access%2Ctype%2Cauthorships%2Cupdated_date,2026-07-29T20:25:14+00:00,200,a047897678c33e11dcad172059e4a00f7d58f32dce96e0824cf60ce0321553c1,data/raw/scholarly_metadata/openalex/5b995dc228f360f43781756be2c367be8442b59ed381b955844d8df9e194f6f5.json,True,1,1000,879,
openalex,https://api.openalex.org/works?filter=doi%3A10.1177%2F20420986261462669&per-page=1&select=id%2Cdoi%2Ctitle%2Cpublication_date%2Cids%2Cprimary_location%2Clocations%2Copen_access%2Ctype%2Cauthorships%2Cupdated_date,2026-07-29T20:26:07+00:00,200,6ef48fa635ab9c3aae7cbc86f52e29ca18cd63cf90cc2f0c61a4f445706b2434,data/raw/scholarly_metadata/openalex/5cfd8e510326027bc369fd65cfe9af4bbc020b6ba28fba0e0e039f4b7e93c367.json,True,1,1000,859,
openalex,https://api.openalex.org/works?filter=doi%3A10.1016%2Fj.lanepe.2025.101428&per-page=1&select=id%2Cdoi%2Ctitle%2Cpublication_date%2Cids%2Cprimary_location%2Clocations%2Copen_access%2Ctype%2Cauthorships%2Cupdated_date,2026-07-29T20:21:24+00:00,200,d2fd9584147e34760b87b00498cc2e33f7d04454f038108610ac5dc989a58b32,data/raw/scholarly_metadata/openalex/5e57765b16697e4a36d99b30fafa3b9c924860439e5e973153a13772a61bb750.json,True,1,1000,964,
openalex,https://api.openalex.org/works?filter=doi%3A10.1097%2Fmd.0000000000049567&per-page=1&select=id%2Cdoi%2Ctitle%2Cpublication_date%2Cids%2Cprimary_location%2Clocations%2Copen_access%2Ctype%2Cauthorships%2Cupdated_date,2026-07-29T20:23:08+00:00,200,7267cb851ced7c30b513f098c309191387d8d1448aefc116a71f67929cbdd9b9,data/raw/scholarly_metadata/openalex/5eec3ff98b59e97563d0139929308367be6bd1c98548353c4c37dce5290baeda.json,True,1,1000,929,
openalex,https://api.openalex.org/works?filter=doi%3A10.3904%2Fkjim.2025.082&per-page=1&select=id%2Cdoi%2Ctitle%2Cpublication_date%2Cids%2Cprimary_location%2Clocations%2Copen_access%2Ctype%2Cauthorships%2Cupdated_date,2026-07-29T20:21:50+00:00,200,8dbfc34ad2f704441bd21a32a8b857bfdbd76cda565dfddc20c16240e6a98441,data/raw/scholarly_metadata/openalex/60a5da758d3300b59e4681250a10e119958b0dc4697701e799451ceeff1c5bc3.json,True,1,1000,954,
openalex,https://api.openalex.org/works?filter=doi%3A10.1371%2Fjournal.pone.0353160&per-page=1&select=id%2Cdoi%2Ctitle%2Cpublication_date%2Cids%2Cprimary_location%2Clocations%2Copen_access%2Ctype%2Cauthorships%2Cupdated_date,2026-07-29T20:23:43+00:00,200,a7e3426c3e6c0a8a2090e56f33b941c33eda0ef2b4eeabb2a738b43a021be672,data/raw/scholarly_metadata/openalex/6260ec1e8c0d477c61dd8cbb5cbf2602bf4cdbdf0b16d54bae801b7ba586f48c.json,True,1,1000,915,
openalex,https://api.openalex.org/works?filter=doi%3A10.1111%2Fggi.70622&per-page=1&select=id%2Cdoi%2Ctitle%2Cpublication_date%2Cids%2Cprimary_location%2Clocations%2Copen_access%2Ctype%2Cauthorships%2Cupdated_date,2026-07-29T20:22:32+00:00,200,9f898c8f63af08623529d095341602c476f2e73195c84e981b0767e79cdce332,data/raw/scholarly_metadata/openalex/63ae67995d39e3039a1fb9439c3d7383141754ecafeb7b013cb98d94c98478da.json,True,1,1000,939,
openalex,https://api.openalex.org/works?filter=doi%3A10.1136%2Fbmjopen-2025-108156&per-page=1&select=id%2Cdoi%2Ctitle%2Cpublication_date%2Cids%2Cprimary_location%2Clocations%2Copen_access%2Ctype%2Cauthorships%2Cupdated_date,2026-07-29T20:27:15+00:00,200,8ec365261e3ea8b1e82535031cf904cc4fbb8869d7c6fe1d3c6645a2105ebe76,data/raw/scholarly_metadata/openalex/654b2371f17acea0c8073e0feb20312079ed24569732f385965f579bfd22b49f.json,True,1,1000,834,
openalex,https://api.openalex.org/works?filter=doi%3A10.1016%2Fj.jtumed.2026.07.003&per-page=1&select=id%2Cdoi%2Ctitle%2Cpublication_date%2Cids%2Cprimary_location%2Clocations%2Copen_access%2Ctype%2Cauthorships%2Cupdated_date,2026-07-29T20:26:24+00:00,200,17928d9eb6ad121768c33c679f3546a430792b79d9a6f3427f53517f8630c2bd,data/raw/scholarly_metadata/openalex/656a1aa9a2517d9c03030abb1b20047c0fbf8a735e95eb8b2e551b171bc2591d.json,True,1,1000,852,
openalex,https://api.openalex.org/works?filter=doi%3A10.1016%2Fj.jnha.2026.100918&per-page=1&select=id%2Cdoi%2Ctitle%2Cpublication_date%2Cids%2Cprimary_location%2Clocations%2Copen_access%2Ctype%2Cauthorships%2Cupdated_date,2026-07-29T20:23:57+00:00,200,31336cf6fc8eafad8c136e4c55faefe6fb54d3effb11bbcea1554c7d9222dfcf,data/raw/scholarly_metadata/openalex/65b19f3f94de86125e64c4ef19c7cdc9cad35f0f521fc40757c2cfbc0bf0f421.json,True,1,1000,909,
openalex,https://api.openalex.org/works?filter=doi%3A10.1016%2Fj.ijcha.2026.101964&per-page=1&select=id%2Cdoi%2Ctitle%2Cpublication_date%2Cids%2Cprimary_location%2Clocations%2Copen_access%2Ctype%2Cauthorships%2Cupdated_date,2026-07-29T20:24:02+00:00,200,b2935902e4c5822f484b1feb7bca1d416ba25f7e2be2d01eeccf4aa890a2c46d,data/raw/scholarly_metadata/openalex/69340f803ae4d696803f5163c3afbb327a37ab6f08d5407a6f06366768260f20.json,True,1,1000,907,
openalex,https://api.openalex.org/works?filter=doi%3A10.2196%2F86651&per-page=1&select=id%2Cdoi%2Ctitle%2Cpublication_date%2Cids%2Cprimary_location%2Clocations%2Copen_access%2Ctype%2Cauthorships%2Cupdated_date,2026-07-29T20:23:30+00:00,200,ba854dfe39ce388afc493f138a4014600c9bd8bc37fcbf6e69fda9a877978b63,data/raw/scholarly_metadata/openalex/69b83c8f4a4ce34e4e5bc8f311980370917dc0fb152b785c54176fd71bbf1a4b.json,True,1,1000,920,
openalex,https://api.openalex.org/works?filter=doi%3A10.1016%2Fj.lanepe.2026.101612&per-page=1&select=id%2Cdoi%2Ctitle%2Cpublication_date%2Cids%2Cprimary_location%2Clocations%2Copen_access%2Ctype%2Cauthorships%2Cupdated_date,2026-07-29T20:22:19+00:00,200,e2385febf1bca740d088f9b140d353b5d6867df00b45c2f4c2f044faddae9f51,data/raw/scholarly_metadata/openalex/6b1a64a2f6fd0bbd8f97e7968877ec4290b266d06e7a39bae37a907d4956ba8b.json,True,1,1000,943,
openalex,https://api.openalex.org/works?filter=doi%3A10.3389%2Ffpubh.2024.1487034&per-page=1&select=id%2Cdoi%2Ctitle%2Cpublication_date%2Cids%2Cprimary_location%2Clocations%2Copen_access%2Ctype%2Cauthorships%2Cupdated_date,2026-07-29T20:20:31+00:00,200,a6944d3eb1d97daae6592fa6c928b944b799956fcad82e3a7d327dfeb0806968,data/raw/scholarly_metadata/openalex/6b92a749a3dd05eecd4b537b057f9aeb9c827c91438dc22f9742f5f0de5ac223.json,True,1,1000,985,
openalex,https://api.openalex.org/works?filter=doi%3A10.1371%2Fjournal.pone.0351763&per-page=1&select=id%2Cdoi%2Ctitle%2Cpublication_date%2Cids%2Cprimary_location%2Clocations%2Copen_access%2Ctype%2Cauthorships%2Cupdated_date,2026-07-29T20:22:37+00:00,200,96b1151fb8e8a00a44789d8968428cc80dd9f0362dc98aa537b2e152c278f9c0,data/raw/scholarly_metadata/openalex/6d3f4baef0e50697a02425a76709ca7125e1668803b33c81300924985161cb2c.json,True,1,1000,937,
openalex,https://api.openalex.org/works?filter=doi%3A10.1016%2Fj.ijcrp.2025.200391&per-page=1&select=id%2Cdoi%2Ctitle%2Cpublication_date%2Cids%2Cprimary_location%2Clocations%2Copen_access%2Ctype%2Cauthorships%2Cupdated_date,2026-07-29T20:20:48+00:00,200,3f26941e37082d80383be584a9153834872ecbe2a056c66b7ea00593cdf766be,data/raw/scholarly_metadata/openalex/6ecbfd6243a7a0696ff92e077183fbbf92b45f02c189f5eeeb6f08bd994cd761.json,True,1,1000,978,
openalex,https://api.openalex.org/works?filter=doi%3A10.3390%2Fmedicina61122106&per-page=1&select=id%2Cdoi%2Ctitle%2Cpublication_date%2Cids%2Cprimary_location%2Clocations%2Copen_access%2Ctype%2Cauthorships%2Cupdated_date,2026-07-29T20:21:54+00:00,200,8eb5816c35b24ef5a6088073f5b199792d7ed73e25e50451b91115e34852657b,data/raw/scholarly_metadata/openalex/721c6428ffea4a968cfd2ea95b317d8e1b8efe7c7ea5de5673c5d039e76444e7.json,True,1,1000,952,
openalex,https://api.openalex.org/works?filter=doi%3A10.3389%2Ffendo.2026.1844215&per-page=1&select=id%2Cdoi%2Ctitle%2Cpublication_date%2Cids%2Cprimary_location%2Clocations%2Copen_access%2Ctype%2Cauthorships%2Cupdated_date,2026-07-29T20:25:48+00:00,200,888956dcb85b548cf4ed43c33dab0c5ba46099db6dcb4c88a6ad105cf9f085d8,data/raw/scholarly_metadata/openalex/763d0fbb7dab0f27b7f8b21392acf4bced855dae4328a622dbd378e138b01ba1.json,True,1,1000,867,
openalex,https://api.openalex.org/works?filter=doi%3A10.1136%2Fbmjopen-2026-116572&per-page=1&select=id%2Cdoi%2Ctitle%2Cpublication_date%2Cids%2Cprimary_location%2Clocations%2Copen_access%2Ctype%2Cauthorships%2Cupdated_date,2026-07-29T20:23:25+00:00,200,7276cf609884864a55a774d8deab03dc29b2446854f0e496e06ff7d97a9e2050,data/raw/scholarly_metadata/openalex/772db899daf78829dbd4d900394b815ff410195ebf08d776c78725319f8b2e3a.json,True,1,1000,922,
openalex,https://api.openalex.org/works?filter=doi%3A10.1016%2Fj.isci.2026.116526&per-page=1&select=id%2Cdoi%2Ctitle%2Cpublication_date%2Cids%2Cprimary_location%2Clocations%2Copen_access%2Ctype%2Cauthorships%2Cupdated_date,2026-07-29T20:23:50+00:00,200,2408f060d69fe753265e1807536602c85bc019c6e9585d184ea9b733c72d7515,data/raw/scholarly_metadata/openalex/7742089daaf9c58a3bf917ed9a444417de3b1b1cfce6c88da9d058f3b1b1cd08.json,True,1,1000,912,
openalex,https://api.openalex.org/works?filter=doi%3A10.1016%2Fj.ahjo.2025.100676&per-page=1&select=id%2Cdoi%2Ctitle%2Cpublication_date%2Cids%2Cprimary_location%2Clocations%2Copen_access%2Ctype%2Cauthorships%2Cupdated_date,2026-07-29T20:21:52+00:00,200,5546972706f006628f11509713b55deadcfcca1a73b8caecc2a9587e50f65f09,data/raw/scholarly_metadata/openalex/78c3b59724bad7e0f6b50f04b115de3e9b721f0bcc4adf60ab499a522c3b8157.json,True,1,1000,953,
openalex,https://api.openalex.org/works?filter=doi%3A10.1371%2Fjournal.pone.0351780&per-page=1&select=id%2Cdoi%2Ctitle%2Cpublication_date%2Cids%2Cprimary_location%2Clocations%2Copen_access%2Ctype%2Cauthorships%2Cupdated_date,2026-07-29T20:25:11+00:00,200,62a437f186464bde5e06fa55fdd1bc203fd159c06870a162e75432721e98ff1d,data/raw/scholarly_metadata/openalex/7935862a4af6f6f5b0ba32c64499e1c431b3b9cf3fa6fa892aaaccc62e77a419.json,True,1,1000,880,
openalex,https://api.openalex.org/works?filter=doi%3A10.1177%2F03000605261467013&per-page=1&select=id%2Cdoi%2Ctitle%2Cpublication_date%2Cids%2Cprimary_location%2Clocations%2Copen_access%2Ctype%2Cauthorships%2Cupdated_date,2026-07-29T20:25:10+00:00,200,14514217c7096e3c63022e30cb22326d2c0ebc1584fe44d95f890936d0538336,data/raw/scholarly_metadata/openalex/7a2cd0cc345cfcc5c413c3e260fa8765364fee090284d9f0e737e29aadab884e.json,True,1,1000,881,
openalex,https://api.openalex.org/works?filter=doi%3A10.3389%2Ffendo.2026.1857196&per-page=1&select=id%2Cdoi%2Ctitle%2Cpublication_date%2Cids%2Cprimary_location%2Clocations%2Copen_access%2Ctype%2Cauthorships%2Cupdated_date,2026-07-29T20:27:10+00:00,200,2412eee93036089ae5d8427a557e546849997396a6cb1f624af81a9c10079296,data/raw/scholarly_metadata/openalex/7b5112b20b665c4dbf251d977fb10927cc2ccf8c59f2141fbc97ad3571031337.json,True,1,1000,836,
openalex,https://api.openalex.org/works?filter=doi%3A10.5853%2Fjos.2025.05295&per-page=1&select=id%2Cdoi%2Ctitle%2Cpublication_date%2Cids%2Cprimary_location%2Clocations%2Copen_access%2Ctype%2Cauthorships%2Cupdated_date,2026-07-29T20:22:30+00:00,200,f038553a7d70cd749a1d2d9b52b2d2383a7ac50b1a65fb888e6ca894fcc6cbb5,data/raw/scholarly_metadata/openalex/7c023b38a23c7aeab82fb73f6fc5cf974d10ec054bfa19ff39f379a368bc4765.json,True,1,1000,940,
openalex,https://api.openalex.org/works?filter=doi%3A10.1097%2Fmd.0000000000049742&per-page=1&select=id%2Cdoi%2Ctitle%2Cpublication_date%2Cids%2Cprimary_location%2Clocations%2Copen_access%2Ctype%2Cauthorships%2Cupdated_date,2026-07-29T20:24:32+00:00,200,dcafe7bb42e10eef86161608afa6b7fbe0bc5ae2e5a1d30106037858fcb76838,data/raw/scholarly_metadata/openalex/7c5abdf0295c4e59d415fc3fb6e61020e11c0f9ad8136ae06a0c43168b9d908e.json,True,1,1000,895,
openalex,https://api.openalex.org/works?filter=doi%3A10.1002%2Fhsr2.72801&per-page=1&select=id%2Cdoi%2Ctitle%2Cpublication_date%2Cids%2Cprimary_location%2Clocations%2Copen_access%2Ctype%2Cauthorships%2Cupdated_date,2026-07-29T20:24:53+00:00,200,6416e163a51843f1e7c1167d1709cde572104e266beb7400e82f8d105768aef3,data/raw/scholarly_metadata/openalex/7d7633e6012bfa17355540e92cdfd243d9b662ad8e902cdb534cb4fbfbd035dc.json,True,1,1000,887,
openalex,https://api.openalex.org/works?filter=doi%3A10.1016%2Fj.jmh.2025.100306&per-page=1&select=id%2Cdoi%2Ctitle%2Cpublication_date%2Cids%2Cprimary_location%2Clocations%2Copen_access%2Ctype%2Cauthorships%2Cupdated_date,2026-07-29T20:20:43+00:00,200,abd4349e069134f83e637aa03171eb47a257e7ad3ffa1b76a544babc6d954eff,data/raw/scholarly_metadata/openalex/8299cea10fb77a62781d1bb413ada310b7589fe11ed0c06ebd25518e8d9e7534.json,True,1,1000,980,
openalex,https://api.openalex.org/works?filter=doi%3A10.1186%2Fs12933-026-03279-w&per-page=1&select=id%2Cdoi%2Ctitle%2Cpublication_date%2Cids%2Cprimary_location%2Clocations%2Copen_access%2Ctype%2Cauthorships%2Cupdated_date,2026-07-29T20:26:19+00:00,200,11428451f92e44fd266fc268dc625cbdc24c2208bb87f28156dc827fa4c561ca,data/raw/scholarly_metadata/openalex/8309542cbcdbfeb134ebafed543a8c01f3a8d482ab923d7c34d7cb3721cf1b4f.json,True,1,1000,854,
openalex,https://api.openalex.org/works?filter=doi%3A10.3389%2Ffnut.2026.1827345&per-page=1&select=id%2Cdoi%2Ctitle%2Cpublication_date%2Cids%2Cprimary_location%2Clocations%2Copen_access%2Ctype%2Cauthorships%2Cupdated_date,2026-07-29T20:25:45+00:00,200,16b3e8fcfcee3cdb2d96931b8d516c4ff609218c46c3322db45d568aa99f160b,data/raw/scholarly_metadata/openalex/85a833f140450c8db3ac6dfbf409be67aeed6efee23e5f6afcb77bbee351b541.json,True,1,1000,868,
openalex,https://api.openalex.org/works?filter=doi%3A10.3389%2Ffpubh.2025.1436520&per-page=1&select=id%2Cdoi%2Ctitle%2Cpublication_date%2Cids%2Cprimary_location%2Clocations%2Copen_access%2Ctype%2Cauthorships%2Cupdated_date,2026-07-29T20:20:38+00:00,200,a76433ca71ce359a4aa245122a420ba2c3ad5f1a1f27661fed786b77b9859e70,data/raw/scholarly_metadata/openalex/86205bdfa3f7b10f210fe0514fd025dd7b6e63e66094c8bf1561be670fc3cc93.json,True,1,1000,982,
openalex,https://api.openalex.org/works?filter=doi%3A10.11613%2Fbm.2025.030502&per-page=1&select=id%2Cdoi%2Ctitle%2Cpublication_date%2Cids%2Cprimary_location%2Clocations%2Copen_access%2Ctype%2Cauthorships%2Cupdated_date,2026-07-29T20:21:17+00:00,200,5a635e98a707d3af2844dbb72b79405d5e1babdf92b16d0da4ac6a22a2a786e0,data/raw/scholarly_metadata/openalex/86ece77131c765ce4b55db0bdf95ba8a1c728223636b385d285e32f070129759.json,True,1,1000,967,
openalex,https://api.openalex.org/works?filter=doi%3A10.1002%2Facn3.70473&per-page=1&select=id%2Cdoi%2Ctitle%2Cpublication_date%2Cids%2Cprimary_location%2Clocations%2Copen_access%2Ctype%2Cauthorships%2Cupdated_date,2026-07-29T20:26:27+00:00,200,87a677ce276d83b86c9d4aacfb88d01f2e6f86611fdb8ceb53eef4790fbc7902,data/raw/scholarly_metadata/openalex/86ee7d57cc0b5507ea5697a3cad14e21a1cc60a35df4f3b7765cf2e848db8a47.json,True,1,1000,851,
openalex,https://api.openalex.org/works?filter=doi%3A10.1097%2Fmd.0000000000049321&per-page=1&select=id%2Cdoi%2Ctitle%2Cpublication_date%2Cids%2Cprimary_location%2Clocations%2Copen_access%2Ctype%2Cauthorships%2Cupdated_date,2026-07-29T20:23:10+00:00,200,3701e927bcad51c63f8ccac14286143941807f56d7469b9a7df95a568c668522,data/raw/scholarly_metadata/openalex/881a77adcc095f80cef15a59da82a10a6d22f4ab2ba9654db137552b4f51347e.json,True,1,1000,928,
openalex,https://api.openalex.org/works?filter=doi%3A10.2147%2Foaem.s616665&per-page=1&select=id%2Cdoi%2Ctitle%2Cpublication_date%2Cids%2Cprimary_location%2Clocations%2Copen_access%2Ctype%2Cauthorships%2Cupdated_date,2026-07-29T20:24:48+00:00,200,ae4448c0ddff144745fe7063fea09767b8e9530d9b8aa92b1ace6aa8e02335b4,data/raw/scholarly_metadata/openalex/89901d1f10c5292853ecf37090675380bee0a004838f670bbaf41733271b1465.json,True,1,1000,889,
openalex,https://api.openalex.org/works?filter=doi%3A10.3389%2Fti.2025.15709&per-page=1&select=id%2Cdoi%2Ctitle%2Cpublication_date%2Cids%2Cprimary_location%2Clocations%2Copen_access%2Ctype%2Cauthorships%2Cupdated_date,2026-07-29T20:22:11+00:00,200,7ae398a935c57a650cc85891ee8c00bccc07310ba54d81915774e6bcf152a349,data/raw/scholarly_metadata/openalex/89a567e00d12517be531ebfcb65a80e8b5ad8dfd31bf3b8e6bac314463978f4e.json,True,1,1000,946,
openalex,https://api.openalex.org/works?filter=doi%3A10.1002%2Fbrb3.71620&per-page=1&select=id%2Cdoi%2Ctitle%2Cpublication_date%2Cids%2Cprimary_location%2Clocations%2Copen_access%2Ctype%2Cauthorships%2Cupdated_date,2026-07-29T20:26:40+00:00,200,c06da2c3518e1c474cd38d8deb049a107cdf9b1b8c06334bb2ac84d68e1edbd7,data/raw/scholarly_metadata/openalex/89df757886e7fe64b65fa829011217ae9d40c80f51e793bf68f5f69d26ac3cc7.json,True,1,1000,846,
openalex,https://api.openalex.org/works?filter=doi%3A10.1186%2Fs12933-026-03208-x&per-page=1&select=id%2Cdoi%2Ctitle%2Cpublication_date%2Cids%2Cprimary_location%2Clocations%2Copen_access%2Ctype%2Cauthorships%2Cupdated_date,2026-07-29T20:23:03+00:00,200,988aad51d2b27f23d3d9bab51b59932cacc62acbb65f8242760f2a6b6979926e,data/raw/scholarly_metadata/openalex/8a9de04b6481dbffa4421d1371d7eefc1943b92d5541413c80c2fba0b03e31f1.json,True,1,1000,931,
openalex,https://api.openalex.org/works?filter=doi%3A10.1161%2Fjaha.125.041413&per-page=1&select=id%2Cdoi%2Ctitle%2Cpublication_date%2Cids%2Cprimary_location%2Clocations%2Copen_access%2Ctype%2Cauthorships%2Cupdated_date,2026-07-29T20:21:44+00:00,200,ef1cf284f78e63c1798b790640a61105463bffe18fa25cd1f1bcd481039a33a8,data/raw/scholarly_metadata/openalex/8cd63ed08468a169d366e8de6892b4b1b1b2e5a691c53f32fc2ecfa1bd1a6cba.json,True,1,1000,956,
openalex,https://api.openalex.org/works?filter=doi%3A10.1371%2Fjournal.pmed.1005180&per-page=1&select=id%2Cdoi%2Ctitle%2Cpublication_date%2Cids%2Cprimary_location%2Clocations%2Copen_access%2Ctype%2Cauthorships%2Cupdated_date,2026-07-29T20:25:04+00:00,200,a0b19b5712784e04b8b58956ccc97d47d3d4941ada41a21feabcc1bc7f19e4c4,data/raw/scholarly_metadata/openalex/8f595dd4bf32e9e56a08b76c2340e7631b90461176ff8c6d1aae74b77fec89b3.json,True,1,1000,883,
openalex,https://api.openalex.org/works?filter=doi%3A10.1016%2Fj.eclinm.2026.104071&per-page=1&select=id%2Cdoi%2Ctitle%2Cpublication_date%2Cids%2Cprimary_location%2Clocations%2Copen_access%2Ctype%2Cauthorships%2Cupdated_date,2026-07-29T20:25:21+00:00,200,278111fe498d459e8b61522452abbaaa01f655e667de6a66745a6ccb86fe2f52,data/raw/scholarly_metadata/openalex/9031465b99523c01af47473fba57bf7388fb681282a034c4384386b5ba732da3.json,True,1,1000,876,
openalex,https://api.openalex.org/works?filter=doi%3A10.3389%2Ffneur.2026.1864966&per-page=1&select=id%2Cdoi%2Ctitle%2Cpublication_date%2Cids%2Cprimary_location%2Clocations%2Copen_access%2Ctype%2Cauthorships%2Cupdated_date,2026-07-29T20:26:34+00:00,200,bcac4f2f719e74648b81de4986e5b0853dc0e3d4c920bd4a6dd46a621e9d96ed,data/raw/scholarly_metadata/openalex/91579f8af2381e6c3daaf9a6fea0a166433162e69de5e5f8d2f4413d7edef581.json,True,1,1000,848,
openalex,https://api.openalex.org/works?filter=doi%3A10.3390%2Fjcm15145394&per-page=1&select=id%2Cdoi%2Ctitle%2Cpublication_date%2Cids%2Cprimary_location%2Clocations%2Copen_access%2Ctype%2Cauthorships%2Cupdated_date,2026-07-29T20:27:27+00:00,200,6f05bab06d660ce47903110b306e75136f25550cf442d03709e795d7ffbbda63,data/raw/scholarly_metadata/openalex/926381a751bf6c0f5547ddb54ab7a89eae3f92aef29f9815c496a373d7313d9a.json,True,1,1000,829,
openalex,https://api.openalex.org/works?filter=doi%3A10.3390%2Fdiagnostics16132113&per-page=1&select=id%2Cdoi%2Ctitle%2Cpublication_date%2Cids%2Cprimary_location%2Clocations%2Copen_access%2Ctype%2Cauthorships%2Cupdated_date,2026-07-29T20:24:14+00:00,200,b0121650076e014f099ac37ba201df32065b0eddd0b476b5c1454f177f63dc67,data/raw/scholarly_metadata/openalex/932633648cb9bac3ab75c13bb4f5309ad6987bac144d59323a6951b478a5f3bb.json,True,1,1000,902,
openalex,https://api.openalex.org/works?filter=doi%3A10.3389%2Ffmed.2026.1899226&per-page=1&select=id%2Cdoi%2Ctitle%2Cpublication_date%2Cids%2Cprimary_location%2Clocations%2Copen_access%2Ctype%2Cauthorships%2Cupdated_date,2026-07-29T20:26:36+00:00,200,f8024f8aa1feb55c1851929c9857641deb83a1c1dc3166537cb76b7668ab1e1f,data/raw/scholarly_metadata/openalex/93442e511a376d008abfbafaeb6c0dda3b2a4672e4093784f6433fc68a87eaf1.json,True,1,1000,847,
openalex,https://api.openalex.org/works?filter=doi%3A10.1161%2Fjaha.124.037597&per-page=1&select=id%2Cdoi%2Ctitle%2Cpublication_date%2Cids%2Cprimary_location%2Clocations%2Copen_access%2Ctype%2Cauthorships%2Cupdated_date,2026-07-29T20:22:03+00:00,200,bb7d85bc6f42856f680d1bf34c82749c5adc99471001586470649bd7eb20903c,data/raw/scholarly_metadata/openalex/93f96135e3e6330da5b25a62933370c776f5ad8c33ab4aa77a0b0bb3274b1819.json,True,1,1000,949,
openalex,https://api.openalex.org/works?filter=doi%3A10.3390%2Fhealthcare14131932&per-page=1&select=id%2Cdoi%2Ctitle%2Cpublication_date%2Cids%2Cprimary_location%2Clocations%2Copen_access%2Ctype%2Cauthorships%2Cupdated_date,2026-07-29T20:24:25+00:00,200,0aacdf4296d6f445f5fc4a92b7fd5f506a9dda5b47dcc60afd01489a0a722c50,data/raw/scholarly_metadata/openalex/972be92e7287460922976e55ba9d2e96c4501c69c55315b9d15d54639b842580.json,True,1,1000,898,
openalex,https://api.openalex.org/works?filter=doi%3A10.2147%2Fdddt.s615968&per-page=1&select=id%2Cdoi%2Ctitle%2Cpublication_date%2Cids%2Cprimary_location%2Clocations%2Copen_access%2Ctype%2Cauthorships%2Cupdated_date,2026-07-29T20:25:52+00:00,200,aeb844049ed42201ed318d0da51d8c661cd753fb6497c7d2e56a893b8bec954f,data/raw/scholarly_metadata/openalex/992facc31f5f31bc063a30e5b7c053f077bea4117f248441c02c191014c67c37.json,True,1,1000,865,
openalex,https://api.openalex.org/works?filter=doi%3A10.1016%2Fj.gastha.2025.100806&per-page=1&select=id%2Cdoi%2Ctitle%2Cpublication_date%2Cids%2Cprimary_location%2Clocations%2Copen_access%2Ctype%2Cauthorships%2Cupdated_date,2026-07-29T20:21:47+00:00,200,018f0072740b87d34368c84ad3e016c9883fbaf9b2165ea864a51c25c142859c,data/raw/scholarly_metadata/openalex/996b26cd550ab0d683846474b87b830b658a6cb57715c99e893f0161abbd47c0.json,True,1,1000,955,
openalex,https://api.openalex.org/works?filter=doi%3A10.1002%2Fbrb3.71578&per-page=1&select=id%2Cdoi%2Ctitle%2Cpublication_date%2Cids%2Cprimary_location%2Clocations%2Copen_access%2Ctype%2Cauthorships%2Cupdated_date,2026-07-29T20:23:37+00:00,200,b161d2bb6244bf73ffe0271b9d996bafa68b69527009d749d9557612473c6205,data/raw/scholarly_metadata/openalex/9a8a4f31a95b95f7ce8a0911f33a2a1f8453a42d9f81c91798130c9b333db5bb.json,True,1,1000,917,
openalex,https://api.openalex.org/works?filter=doi%3A10.1136%2Fbmjopen-2025-113148&per-page=1&select=id%2Cdoi%2Ctitle%2Cpublication_date%2Cids%2Cprimary_location%2Clocations%2Copen_access%2Ctype%2Cauthorships%2Cupdated_date,2026-07-29T20:23:27+00:00,200,10a50c0df9249a88fe5d4b9697679bead87130e79c2359c610560fb4f6eee4a5,data/raw/scholarly_metadata/openalex/9ade598e2e6251452cb07386e117c66b8f1b832ee0fe7ad75296aa71512c9960.json,True,1,1000,921,
openalex,https://api.openalex.org/works?filter=doi%3A10.1136%2Fbmjopen-2025-115135&per-page=1&select=id%2Cdoi%2Ctitle%2Cpublication_date%2Cids%2Cprimary_location%2Clocations%2Copen_access%2Ctype%2Cauthorships%2Cupdated_date,2026-07-29T20:25:55+00:00,200,cad70889bebc3c458fc9333ecf26357f25eaa38fddb51cd8776703790764f73a,data/raw/scholarly_metadata/openalex/9b099f74c5ba82d112c430084d19e5ace0148da620d13fd110ecb2b77e4bd054.json,True,1,1000,864,
openalex,https://api.openalex.org/works?filter=doi%3A10.2147%2Fdmso.s569698&per-page=1&select=id%2Cdoi%2Ctitle%2Cpublication_date%2Cids%2Cprimary_location%2Clocations%2Copen_access%2Ctype%2Cauthorships%2Cupdated_date,2026-07-29T20:21:57+00:00,200,660c26afe1aeb4a0a1ec4652669c41784c94a531bfe77cf0e16c37d6c2c307d7,data/raw/scholarly_metadata/openalex/9d559d0b3e834942deeb2826feb43c4c7912b30f660e5d5dfd4d7d1276d73a81.json,True,1,1000,951,
openalex,https://api.openalex.org/works?filter=doi%3A10.1371%2Fjournal.pone.0353388&per-page=1&select=id%2Cdoi%2Ctitle%2Cpublication_date%2Cids%2Cprimary_location%2Clocations%2Copen_access%2Ctype%2Cauthorships%2Cupdated_date,2026-07-29T20:25:01+00:00,200,29fffbcfb218641d127d969e21443f6f800f67d692b09de1b2728ac7b7f6b5c7,data/raw/scholarly_metadata/openalex/9fef7f1a55a81a3228861dc3efe82fbbb539006598e21a927a501736f3f2ad4a.json,True,1,1000,884,
openalex,https://api.openalex.org/works?filter=doi%3A10.3390%2Fjcm15145627&per-page=1&select=id%2Cdoi%2Ctitle%2Cpublication_date%2Cids%2Cprimary_location%2Clocations%2Copen_access%2Ctype%2Cauthorships%2Cupdated_date,2026-07-29T20:27:39+00:00,200,c24b7e3f1606b015aa1f477f30dd7300770ac192de0aa4b215b6344834be3233,data/raw/scholarly_metadata/openalex/a037d099c177bbd54bc26bad614c81ae9b9f104a31dc502a574fcac1705552fe.json,True,1,1000,824,
openalex,https://api.openalex.org/works?filter=doi%3A10.7189%2Fjogh.16.04212&per-page=1&select=id%2Cdoi%2Ctitle%2Cpublication_date%2Cids%2Cprimary_location%2Clocations%2Copen_access%2Ctype%2Cauthorships%2Cupdated_date,2026-07-29T20:23:52+00:00,200,5b1ddc05c94c4c6290fff93965520620773d8258049e3dbcb2a39f81dc1e7877,data/raw/scholarly_metadata/openalex/a365483d9411c59937c1c153e9a338d9e4c7d53ab13227e7b10b1f4017347082.json,True,1,1000,911,
openalex,https://api.openalex.org/works?filter=doi%3A10.1097%2Fmd.0000000000049695&per-page=1&select=id%2Cdoi%2Ctitle%2Cpublication_date%2Cids%2Cprimary_location%2Clocations%2Copen_access%2Ctype%2Cauthorships%2Cupdated_date,2026-07-29T20:24:27+00:00,200,bd6958a9211967883c3d23241fb7837c9d8b597493ee45e7bd63f3411de57b1f,data/raw/scholarly_metadata/openalex/a37d3a8671ff16ae9fc315620f4609e1f82a02097acdf5cd47aefff391db8764.json,True,1,1000,897,
openalex,https://api.openalex.org/works?filter=doi%3A10.1016%2Fj.jacadv.2026.102937&per-page=1&select=id%2Cdoi%2Ctitle%2Cpublication_date%2Cids%2Cprimary_location%2Clocations%2Copen_access%2Ctype%2Cauthorships%2Cupdated_date,2026-07-29T20:26:47+00:00,200,66a1d84d1ffd195d8677a126263029522e648ea10b42dcd16ab5fb1e4dbe95b1,data/raw/scholarly_metadata/openalex/a522511f41a443f8f7ede73e82f09a6c724961214ad3b22621ef1bc09a11fdaf.json,True,1,1000,843,
openalex,https://api.openalex.org/works?filter=doi%3A10.1007%2Fs00431-026-07214-9&per-page=1&select=id%2Cdoi%2Ctitle%2Cpublication_date%2Cids%2Cprimary_location%2Clocations%2Copen_access%2Ctype%2Cauthorships%2Cupdated_date,2026-07-29T20:24:58+00:00,200,d2c28691802515b4fa5d42c3ddcd48dbcd6036daedcb9de303fda5cea6989de6,data/raw/scholarly_metadata/openalex/a7e49239be12ca36d5a30b9ffd779f3ecd0344f4d58a63a04b386253250f688d.json,True,1,1000,885,
openalex,https://api.openalex.org/works?filter=doi%3A10.1186%2Fs13690-025-01577-5&per-page=1&select=id%2Cdoi%2Ctitle%2Cpublication_date%2Cids%2Cprimary_location%2Clocations%2Copen_access%2Ctype%2Cauthorships%2Cupdated_date,2026-07-29T20:20:51+00:00,200,37cdd9041f3478ac916bba6a1563db0484e85219c2fb05a21935eb9faa278118,data/raw/scholarly_metadata/openalex/a7e862f4f8ae4eb05b9db8630183315f2b1918c7d647b2438741a8b1b82ae187.json,True,1,1000,977,
openalex,https://api.openalex.org/works?filter=doi%3A10.1371%2Fjournal.pone.0354691&per-page=1&select=id%2Cdoi%2Ctitle%2Cpublication_date%2Cids%2Cprimary_location%2Clocations%2Copen_access%2Ctype%2Cauthorships%2Cupdated_date,2026-07-29T20:26:31+00:00,200,084ac109d764ba9f8af5cd0a6a2a257f966ff31f83cd45b7cbef0e7767bc040a,data/raw/scholarly_metadata/openalex/a93399bf176c8cfb7ef742e188ab6fbe2608b2b49de29e2c48efaeb6aa43493c.json,True,1,1000,849,
openalex,https://api.openalex.org/works?filter=doi%3A10.1097%2Fjcma.0000000000000835&per-page=1&select=id%2Cdoi%2Ctitle%2Cpublication_date%2Cids%2Cprimary_location%2Clocations%2Copen_access%2Ctype%2Cauthorships%2Cupdated_date,2026-07-29T20:22:06+00:00,200,0ce82c9a510598ee8daacdb2da3235e61f6efe67cf330bf088681b9eb164ed06,data/raw/scholarly_metadata/openalex/ac28054f18303bd4361068d56e35d0b3689093b5165ea5acee1439e227fffd66.json,True,1,1000,948,
openalex,https://api.openalex.org/works?filter=doi%3A10.3390%2Fjcm15145695&per-page=1&select=id%2Cdoi%2Ctitle%2Cpublication_date%2Cids%2Cprimary_location%2Clocations%2Copen_access%2Ctype%2Cauthorships%2Cupdated_date,2026-07-29T20:27:41+00:00,200,feae269e60a2d8c6dfe90fca63b789caad625c087dfde6b4824f731a6c194f2e,data/raw/scholarly_metadata/openalex/acc686d8099af888288b6ca708056705115164937b22f54a8dfb533c9360f042.json,True,1,1000,823,
openalex,https://api.openalex.org/works?filter=doi%3A10.1177%2F00368504261466110&per-page=1&select=id%2Cdoi%2Ctitle%2Cpublication_date%2Cids%2Cprimary_location%2Clocations%2Copen_access%2Ctype%2Cauthorships%2Cupdated_date,2026-07-29T20:23:47+00:00,200,c36cee6975306b2b4eb61325b9fd552d21d123a93fe9735eda3750e5acd46036,data/raw/scholarly_metadata/openalex/ad5b0c83d3774c22400b4042c908daecac1549c06d1d0905c717b5a5aa33d385.json,True,1,1000,913,
openalex,https://api.openalex.org/works?filter=doi%3A10.1007%2Fs00420-026-02224-4&per-page=1&select=id%2Cdoi%2Ctitle%2Cpublication_date%2Cids%2Cprimary_location%2Clocations%2Copen_access%2Ctype%2Cauthorships%2Cupdated_date,2026-07-29T20:23:15+00:00,200,2fa35af944448dba2cbd3eaf21c43b0fa9df74f8ae8d150812089d480ced6733,data/raw/scholarly_metadata/openalex/b090ad6af4034c78c9647a0e30af1cb4d8f67b5a7b9c2dd6379ebcae04fdb272.json,True,1,1000,926,
openalex,https://api.openalex.org/works?filter=doi%3A10.1111%2F1753-0407.70128&per-page=1&select=id%2Cdoi%2Ctitle%2Cpublication_date%2Cids%2Cprimary_location%2Clocations%2Copen_access%2Ctype%2Cauthorships%2Cupdated_date,2026-07-29T20:21:14+00:00,200,d642bb07ca266f7ee64fe5bfeb38451d7e49d0b92fa17db3f1813ac32ad8f7a6,data/raw/scholarly_metadata/openalex/b54b41ff3460da45253d5a211af26e148fde4d903cea5a2b96b1dcd02d23533e.json,True,1,1000,968,
openalex,https://api.openalex.org/works?filter=doi%3A10.1136%2Fopenhrt-2026-004236&per-page=1&select=id%2Cdoi%2Ctitle%2Cpublication_date%2Cids%2Cprimary_location%2Clocations%2Copen_access%2Ctype%2Cauthorships%2Cupdated_date,2026-07-29T20:27:19+00:00,200,abb5c5c2aa87bba14a4ae4820d1e943688f2c86d4140f74d0da705b23e637d27,data/raw/scholarly_metadata/openalex/b5b6b9ae81f4c75e997f8fbda3228480c910793ff8643df85797cb9e7b179f8e.json,True,1,1000,832,
openalex,https://api.openalex.org/works?filter=doi%3A10.7189%2Fjogh.14.04176&per-page=1&select=id%2Cdoi%2Ctitle%2Cpublication_date%2Cids%2Cprimary_location%2Clocations%2Copen_access%2Ctype%2Cauthorships%2Cupdated_date,2026-07-29T20:20:24+00:00,200,88fb27945e2d238daff7e13267daa96d28e0ec08d4a0103585464bd86663d4e0,data/raw/scholarly_metadata/openalex/b80008d043828a363382ad6b783b0070d6a7a3ff62fa3363865bbfa9dfa04d30.json,True,1,1000,988,
openalex,https://api.openalex.org/works?filter=doi%3A10.1016%2Fj.ijcrp.2026.200678&per-page=1&select=id%2Cdoi%2Ctitle%2Cpublication_date%2Cids%2Cprimary_location%2Clocations%2Copen_access%2Ctype%2Cauthorships%2Cupdated_date,2026-07-29T20:25:17+00:00,200,9602e115fdfb1575bdf9e8eeea52cb7767c45b963331724d784a91b528b7adf2,data/raw/scholarly_metadata/openalex/b9727c26d3505cbf3457e98a38b0a849363345f365156a831592e449bbabc3dc.json,True,1,1000,878,
openalex,https://api.openalex.org/works?filter=doi%3A10.3389%2Ffneur.2026.1801145&per-page=1&select=id%2Cdoi%2Ctitle%2Cpublication_date%2Cids%2Cprimary_location%2Clocations%2Copen_access%2Ctype%2Cauthorships%2Cupdated_date,2026-07-29T20:24:50+00:00,200,aec557227e730b1f7a8ff82ea3da72094a330d552fab72642ebd7d8a2fadeb61,data/raw/scholarly_metadata/openalex/b9e5a94d7ea5262bc1ba2f139d906ca7bd16be51b54a38a4069d64caac7afb24.json,True,1,1000,888,
openalex,https://api.openalex.org/works?filter=doi%3A10.1016%2Fj.ijcha.2026.101977&per-page=1&select=id%2Cdoi%2Ctitle%2Cpublication_date%2Cids%2Cprimary_location%2Clocations%2Copen_access%2Ctype%2Cauthorships%2Cupdated_date,2026-07-29T20:26:22+00:00,200,b46760499323efc3d456b43f8173208717392dbbd17fa16907b0487f52974a96,data/raw/scholarly_metadata/openalex/ba239421562a7aef88e949395f07c634b17d198d4aba6c68ca30d49cd83f7245.json,True,1,1000,853,
openalex,https://api.openalex.org/works?filter=doi%3A10.2147%2Fdmso.s624979&per-page=1&select=id%2Cdoi%2Ctitle%2Cpublication_date%2Cids%2Cprimary_location%2Clocations%2Copen_access%2Ctype%2Cauthorships%2Cupdated_date,2026-07-29T20:24:04+00:00,200,86259e5a98111a0e14c46cda6bd0425351cacff66346aa187aa3309c39e65eff,data/raw/scholarly_metadata/openalex/bb8d1ff7cb463586d3b6d19976f84f35e9cb053c5b0cad681d0e6798bd4ac5ef.json,True,1,1000,906,
openalex,https://api.openalex.org/works?filter=doi%3A10.1186%2Fs12967-026-07850-7&per-page=1&select=id%2Cdoi%2Ctitle%2Cpublication_date%2Cids%2Cprimary_location%2Clocations%2Copen_access%2Ctype%2Cauthorships%2Cupdated_date,2026-07-29T20:22:25+00:00,200,f46441f569d684563e5a84d2d2f56c2483f42cb6eba45830c98f2e204ff57e11,data/raw/scholarly_metadata/openalex/bc78dec8a8b59bd2892483a43d90b255f870d75544823d2646b1f0f22f9befbe.json,True,1,1000,942,
openalex,https://api.openalex.org/works?filter=doi%3A10.3390%2Fhealthcare14142043&per-page=1&select=id%2Cdoi%2Ctitle%2Cpublication_date%2Cids%2Cprimary_location%2Clocations%2Copen_access%2Ctype%2Cauthorships%2Cupdated_date,2026-07-29T20:27:29+00:00,200,2b29a1269e9149f3f192aa227380a8352f9297a35e5c903323997e248493810c,data/raw/scholarly_metadata/openalex/c0e8f81d503b759517cffa7063239a160da4b8729776e3a5e75631c0f299053d.json,True,1,1000,828,
openalex,https://api.openalex.org/works?filter=doi%3A10.12669%2Fpjms.42.7.13245&per-page=1&select=id%2Cdoi%2Ctitle%2Cpublication_date%2Cids%2Cprimary_location%2Clocations%2Copen_access%2Ctype%2Cauthorships%2Cupdated_date,2026-07-29T20:26:12+00:00,200,0e8b97b4991a1b3413fb30aac63da2347fae74253d4eaf0d85b1a997f9ab8490,data/raw/scholarly_metadata/openalex/c179c7e5540a13d87a6367dd7d2f2a86eb23ad60290ef2f63ccca0690ca8229e.json,True,1,1000,857,
openalex,https://api.openalex.org/works?filter=doi%3A10.1016%2Fj.jacadv.2025.101767&per-page=1&select=id%2Cdoi%2Ctitle%2Cpublication_date%2Cids%2Cprimary_location%2Clocations%2Copen_access%2Ctype%2Cauthorships%2Cupdated_date,2026-07-29T20:21:04+00:00,200,6782ed222391168154b025fa5ae3a266e03d92a004a9cb1c573a9ae01ed4e142,data/raw/scholarly_metadata/openalex/c629c4e3a4c7ecf7c427704ac1b98763f570ec02f5809b7fee654f4834bdc65d.json,True,1,1000,972,
openalex,https://api.openalex.org/works?filter=doi%3A10.3390%2Fjcm15135302&per-page=1&select=id%2Cdoi%2Ctitle%2Cpublication_date%2Cids%2Cprimary_location%2Clocations%2Copen_access%2Ctype%2Cauthorships%2Cupdated_date,2026-07-29T20:24:30+00:00,200,797f1442ed8581224a6c67a76867db97cb763474b93056ed11a3f1750bd33974,data/raw/scholarly_metadata/openalex/c6bd93dbc1513301e72a30f8d656e09418718ca5af0e3e103d7bffb677efef54.json,True,1,1000,896,
openalex,https://api.openalex.org/works?filter=doi%3A10.1093%2Feurheartj%2Fehaf677&per-page=1&select=id%2Cdoi%2Ctitle%2Cpublication_date%2Cids%2Cprimary_location%2Clocations%2Copen_access%2Ctype%2Cauthorships%2Cupdated_date,2026-07-29T20:23:13+00:00,200,7796813c9cc597b6c3751ea73b9529df31170776434fc1f860cd75472c85dda9,data/raw/scholarly_metadata/openalex/c8bb027efaa874d5a88ee1fecf5402a79e4c52f365817dee3e1af3ead3aa834b.json,True,1,1000,927,
openalex,https://api.openalex.org/works?filter=doi%3A10.7759%2Fcureus.75058&per-page=1&select=id%2Cdoi%2Ctitle%2Cpublication_date%2Cids%2Cprimary_location%2Clocations%2Copen_access%2Ctype%2Cauthorships%2Cupdated_date,2026-07-29T20:20:26+00:00,200,e38defdbbc393eaeed87685c17c2f4f2791c569e207cf07976bd146077ec1429,data/raw/scholarly_metadata/openalex/c98cadfab698ad74edd8ccc53bc06b73c584d3bf4e106fd1ebde2270140a9967.json,True,1,1000,987,
openalex,https://api.openalex.org/works?filter=doi%3A10.1111%2Fdme.15516&per-page=1&select=id%2Cdoi%2Ctitle%2Cpublication_date%2Cids%2Cprimary_location%2Clocations%2Copen_access%2Ctype%2Cauthorships%2Cupdated_date,2026-07-29T20:20:53+00:00,200,39e0ff69b16837bbc4566b70e62349323f1b4f38f7d7b9ea7f77ff9a6bce2872,data/raw/scholarly_metadata/openalex/cbf1c0fdf55614ae1fa46bc1bcf1064030da63ef5b9445274fcae5de0cede22d.json,True,1,1000,976,
openalex,https://api.openalex.org/works?filter=doi%3A10.3389%2Ffnut.2026.1877513&per-page=1&select=id%2Cdoi%2Ctitle%2Cpublication_date%2Cids%2Cprimary_location%2Clocations%2Copen_access%2Ctype%2Cauthorships%2Cupdated_date,2026-07-29T20:26:54+00:00,200,6448904228967744d64fe40d33f013e2d2e1ee1c5dc863a2a68b6771b325ab9f,data/raw/scholarly_metadata/openalex/cd8bd0bd649228f8c1fb47b60aafdac36eafe6d63b5d9c403f83f47992a50587.json,True,1,1000,840,
openalex,https://api.openalex.org/works?filter=doi%3A10.1136%2Fbmjno-2025-001538&per-page=1&select=id%2Cdoi%2Ctitle%2Cpublication_date%2Cids%2Cprimary_location%2Clocations%2Copen_access%2Ctype%2Cauthorships%2Cupdated_date,2026-07-29T20:22:59+00:00,200,f6d34dd2700bdcb002b4d7e470e787609ff17e5bfa3707fd9331ff6c689d8a88,data/raw/scholarly_metadata/openalex/d2bdb882a5ebfd7cf905861d6b13d9be631792632954597635b99ec1d594a61a.json,True,1,1000,933,
openalex,https://api.openalex.org/works?filter=doi%3A10.1016%2Fj.jacadv.2025.101825&per-page=1&select=id%2Cdoi%2Ctitle%2Cpublication_date%2Cids%2Cprimary_location%2Clocations%2Copen_access%2Ctype%2Cauthorships%2Cupdated_date,2026-07-29T20:21:07+00:00,200,663af521d738057dd1efb0d6f93513a84d39b1034dea768b6384d8c882139dfe,data/raw/scholarly_metadata/openalex/d2cc5327cc87bea6f8918617016344040c2d0a80a632a2092cd70e421212d708.json,True,1,1000,971,
openalex,https://api.openalex.org/works?filter=doi%3A10.1097%2Fmd.0000000000049809&per-page=1&select=id%2Cdoi%2Ctitle%2Cpublication_date%2Cids%2Cprimary_location%2Clocations%2Copen_access%2Ctype%2Cauthorships%2Cupdated_date,2026-07-29T20:25:40+00:00,200,353791c7a4dc541b91f05b1212c347b451afc4809edfa3bbc19a1d4fe8bd4c4f,data/raw/scholarly_metadata/openalex/d30f7cd2382c3e0221eb99f72f99c61d4e7ee7bb854296859870dce192fe124c.json,True,1,1000,870,
openalex,https://api.openalex.org/works?filter=doi%3A10.3390%2Fjcm15135291&per-page=1&select=id%2Cdoi%2Ctitle%2Cpublication_date%2Cids%2Cprimary_location%2Clocations%2Copen_access%2Ctype%2Cauthorships%2Cupdated_date,2026-07-29T20:24:38+00:00,200,f1a0240d2479d509616f501439be2342a9e0732dab9c2097bc60019c96bfc980,data/raw/scholarly_metadata/openalex/d3bc2bd0e099839b98d3c13f4dae5381d220be46432cca9f670631b1e33571fa.json,True,1,1000,893,
openalex,https://api.openalex.org/works?filter=doi%3A10.2196%2F80377&per-page=1&select=id%2Cdoi%2Ctitle%2Cpublication_date%2Cids%2Cprimary_location%2Clocations%2Copen_access%2Ctype%2Cauthorships%2Cupdated_date,2026-07-29T20:23:45+00:00,200,e297ee9f9127a5dd917ddf34636897156bb670cc85bc6755fa2e08993a0bf169,data/raw/scholarly_metadata/openalex/d46da9a9712bb9836c3941d7dd5a1b98e513a98ddb5e3a4402de410654674cb1.json,True,1,1000,914,
openalex,https://api.openalex.org/works?filter=doi%3A10.1007%2Fs00392-025-02736-y&per-page=1&select=id%2Cdoi%2Ctitle%2Cpublication_date%2Cids%2Cprimary_location%2Clocations%2Copen_access%2Ctype%2Cauthorships%2Cupdated_date,2026-07-29T20:22:14+00:00,200,f6af49dfe1c432375cfb5d4edef358efbcd88c01acc3cf2d5517a8110d76f075,data/raw/scholarly_metadata/openalex/d4ab106ae98fa02d94f73cce2554385b808b264ff2d842bd484e71bfe2ba7804.json,True,1,1000,945,
openalex,https://api.openalex.org/works?filter=doi%3A10.1371%2Fjournal.pone.0353956&per-page=1&select=id%2Cdoi%2Ctitle%2Cpublication_date%2Cids%2Cprimary_location%2Clocations%2Copen_access%2Ctype%2Cauthorships%2Cupdated_date,2026-07-29T20:25:24+00:00,200,68f2fc7a2a3c6aecbd88d060f6fc27745597ce051e4220c7ea4e02b05440a643,data/raw/scholarly_metadata/openalex/d719ae740d37df588cedc3fafaa782f69e40d91cb8fd613ae69a94b1f1b0abd6.json,True,1,1000,875,
openalex,https://api.openalex.org/works?filter=doi%3A10.3389%2Ffcvm.2026.1830398&per-page=1&select=id%2Cdoi%2Ctitle%2Cpublication_date%2Cids%2Cprimary_location%2Clocations%2Copen_access%2Ctype%2Cauthorships%2Cupdated_date,2026-07-29T20:25:43+00:00,200,5ad0e998b0ff89dd0146da527a19339e8cafd981f016c39de737d8bae574226c,data/raw/scholarly_metadata/openalex/d7257ce28ea06396d474df975cf10697bb737d6662110a80fa8b86794aeec966.json,True,1,1000,869,
openalex,https://api.openalex.org/works?filter=doi%3A10.3389%2Ffnut.2026.1863689&per-page=1&select=id%2Cdoi%2Ctitle%2Cpublication_date%2Cids%2Cprimary_location%2Clocations%2Copen_access%2Ctype%2Cauthorships%2Cupdated_date,2026-07-29T20:26:57+00:00,200,5a0f49d9f74c8bce29f19759194206cd8fdacbb0c5e0fab08e700813cf80dadf,data/raw/scholarly_metadata/openalex/d818662dbf487afa57fabeab82a10a385df57e9fcb4c9f55b354332378f3bca8.json,True,1,1000,839,
openalex,https://api.openalex.org/works?filter=doi%3A10.1007%2Fs44197-026-00615-x&per-page=1&select=id%2Cdoi%2Ctitle%2Cpublication_date%2Cids%2Cprimary_location%2Clocations%2Copen_access%2Ctype%2Cauthorships%2Cupdated_date,2026-07-29T20:25:06+00:00,200,c1f6564aafa29b6df34388a5c810f502b61eac1c96bf5b22a5fb31dc4c5dbc8c,data/raw/scholarly_metadata/openalex/dc5076dd347c0c646abfc4901c1d6dba78b9b278b091f8e8558abd4ec5dfca19.json,True,1,1000,882,
openalex,https://api.openalex.org/works?filter=doi%3A10.1016%2Fj.eclinm.2026.104043&per-page=1&select=id%2Cdoi%2Ctitle%2Cpublication_date%2Cids%2Cprimary_location%2Clocations%2Copen_access%2Ctype%2Cauthorships%2Cupdated_date,2026-07-29T20:23:54+00:00,200,55dab4d7a9c10002a6aaddda0a7b3fcad9c081e67f047a274a22dd0e620ed1fb,data/raw/scholarly_metadata/openalex/dd0419cb26f277e79516384a1e9b2a002f069062b3f7210baed7db1d40c27689.json,True,1,1000,910,
openalex,https://api.openalex.org/works?filter=doi%3A10.1111%2Fggi.70627&per-page=1&select=id%2Cdoi%2Ctitle%2Cpublication_date%2Cids%2Cprimary_location%2Clocations%2Copen_access%2Ctype%2Cauthorships%2Cupdated_date,2026-07-29T20:22:52+00:00,200,4a23b488ad5e4cc02c48b4b26e02c098ff3475bf98bb067423699786a4da220e,data/raw/scholarly_metadata/openalex/dd0c202ad2a30471d48c9965ff24ac24f3580740d962ee33e590bccd481f1f0e.json,True,1,1000,935,
openalex,https://api.openalex.org/works?filter=doi%3A10.1111%2Fdom.16217&per-page=1&select=id%2Cdoi%2Ctitle%2Cpublication_date%2Cids%2Cprimary_location%2Clocations%2Copen_access%2Ctype%2Cauthorships%2Cupdated_date,2026-07-29T20:20:45+00:00,200,33a6b89fd182ac9adca7d465f5be8bba314627e43779eb6c3c1cb47c97e623b7,data/raw/scholarly_metadata/openalex/dd21c528d1d05da186902bf710c0948a93930cabdf79404bffe1728e4e835331.json,True,1,1000,979,
openalex,https://api.openalex.org/works?filter=doi%3A10.1097%2Fmd.0000000000049713&per-page=1&select=id%2Cdoi%2Ctitle%2Cpublication_date%2Cids%2Cprimary_location%2Clocations%2Copen_access%2Ctype%2Cauthorships%2Cupdated_date,2026-07-29T20:25:32+00:00,200,34eefd2c1aaae6800de391a55a29b48a03efa589c473f2f307edb56b86104c30,data/raw/scholarly_metadata/openalex/df884459d4815ba6f4b5ee4c7f00505809d579ee8305ad15982c88af7940a0db.json,True,1,1000,873,
openalex,https://api.openalex.org/works?filter=doi%3A10.1002%2Fhsr2.72809&per-page=1&select=id%2Cdoi%2Ctitle%2Cpublication_date%2Cids%2Cprimary_location%2Clocations%2Copen_access%2Ctype%2Cauthorships%2Cupdated_date,2026-07-29T20:24:41+00:00,200,2828d284bdd523352ffcc0b59a5a4473e502d7d35af3f0a633b48ce9cd50fdee,data/raw/scholarly_metadata/openalex/dfef47c6f6fe49c77e1624d19576bd3c12812a100d9183147682cfa1e487c6d0.json,True,1,1000,892,
openalex,https://api.openalex.org/works?filter=doi%3A10.1080%2F0886022x.2026.2697379&per-page=1&select=id%2Cdoi%2Ctitle%2Cpublication_date%2Cids%2Cprimary_location%2Clocations%2Copen_access%2Ctype%2Cauthorships%2Cupdated_date,2026-07-29T20:24:43+00:00,200,68375fafbe73c509eb724c0c434f1391557d1e1529a21aeefdfc996d0faf2d5d,data/raw/scholarly_metadata/openalex/e339b06a0862d35b0251948f326822d0ffc54331e79e26b7aeb97caf2ad5b064.json,True,1,1000,891,
openalex,https://api.openalex.org/works?filter=doi%3A10.1371%2Fjournal.pone.0354433&per-page=1&select=id%2Cdoi%2Ctitle%2Cpublication_date%2Cids%2Cprimary_location%2Clocations%2Copen_access%2Ctype%2Cauthorships%2Cupdated_date,2026-07-29T20:26:14+00:00,200,12fee68709cf31e3c5d80d79294da86f115d33a84f935190e6bb4810b3aa5a04,data/raw/scholarly_metadata/openalex/e3e7b82ef6db0f131df16ce62895ccb6b29385767b4f5ba3287b274c674e305f.json,True,1,1000,856,
openalex,https://api.openalex.org/works?filter=doi%3A10.6026%2F973206300213000&per-page=1&select=id%2Cdoi%2Ctitle%2Cpublication_date%2Cids%2Cprimary_location%2Clocations%2Copen_access%2Ctype%2Cauthorships%2Cupdated_date,2026-07-29T20:22:00+00:00,200,eb8df50733b631acf62de28e8ca40f6ffed6603af7dc0e1b583033a8d2694ac7,data/raw/scholarly_metadata/openalex/e530a3a81501bcd6b0fece86a68ee005e7c50de093bc9a8a53c8b563aef54d07.json,True,1,1000,950,
openalex,https://api.openalex.org/works?filter=doi%3A10.3389%2Ffnins.2026.1818367&per-page=1&select=id%2Cdoi%2Ctitle%2Cpublication_date%2Cids%2Cprimary_location%2Clocations%2Copen_access%2Ctype%2Cauthorships%2Cupdated_date,2026-07-29T20:25:59+00:00,200,d4553665b056ce31e3d1b279256134e75dafcb16a81a21e098cb9ce9a7e529b8,data/raw/scholarly_metadata/openalex/e5c8f513c110718ab7a50b593e7c920d9880d5270b455d6282147293e74a5f54.json,True,1,1000,862,
openalex,https://api.openalex.org/works?filter=doi%3A10.1097%2Fhc9.0000000000001013&per-page=1&select=id%2Cdoi%2Ctitle%2Cpublication_date%2Cids%2Cprimary_location%2Clocations%2Copen_access%2Ctype%2Cauthorships%2Cupdated_date,2026-07-29T20:27:36+00:00,200,1b54a1c317394fff45dc514149f2d084bb927325a8fbde2cc84acfaf1a7fb833,data/raw/scholarly_metadata/openalex/e68a91b9e548339d6a38f8a79307e9c959ab25be9f7cc98ad1cd1e896bd5775d.json,True,1,1000,825,
openalex,https://api.openalex.org/works?filter=doi%3A10.1186%2Fs12916-025-04067-1&per-page=1&select=id%2Cdoi%2Ctitle%2Cpublication_date%2Cids%2Cprimary_location%2Clocations%2Copen_access%2Ctype%2Cauthorships%2Cupdated_date,2026-07-29T20:20:59+00:00,200,0c04f9c0e261c91122e04d24de4c5ae117268ce39c61e288408abe263bf01dab,data/raw/scholarly_metadata/openalex/e781576f38d1ede0dbb759f2a20370561550109e98e98172d181946555c25079.json,True,1,1000,974,
openalex,https://api.openalex.org/works?filter=doi%3A10.1093%2Fehjcvp%2Fpvag031&per-page=1&select=id%2Cdoi%2Ctitle%2Cpublication_date%2Cids%2Cprimary_location%2Clocations%2Copen_access%2Ctype%2Cauthorships%2Cupdated_date,2026-07-29T20:24:45+00:00,200,2068aaa9dcaf4c72b0b74b0514319fa610fc1470632d012c853ff2cb952c1d9e,data/raw/scholarly_metadata/openalex/e7af62511d31db8b1a03d8940ba7b438c6506ffea9615699fc7c47e16add7b27.json,True,1,1000,890,
openalex,https://api.openalex.org/works?filter=doi%3A10.1097%2Fmd.0000000000049786&per-page=1&select=id%2Cdoi%2Ctitle%2Cpublication_date%2Cids%2Cprimary_location%2Clocations%2Copen_access%2Ctype%2Cauthorships%2Cupdated_date,2026-07-29T20:25:29+00:00,200,f045c773fa4fcfaf55973f0618f552e355a79244de895b50ae05a15fabaffaa9,data/raw/scholarly_metadata/openalex/ef23c244d89ef8831df028e875b66bd7a1eb35e0bf3572663d650ccd9f6ba997.json,True,1,1000,874,
openalex,https://api.openalex.org/works?filter=doi%3A10.1136%2Fbmjopen-2024-086919&per-page=1&select=id%2Cdoi%2Ctitle%2Cpublication_date%2Cids%2Cprimary_location%2Clocations%2Copen_access%2Ctype%2Cauthorships%2Cupdated_date,2026-07-29T20:20:33+00:00,200,29df6b5559b281764ca57f0b6bb01e59af42fa97e37053e8ad38a3e383e48ece,data/raw/scholarly_metadata/openalex/f02b8e0543b8d44ee137fe6c667aa4d38324c4eabbba907e2197f16b46651d02.json,True,1,1000,984,
openalex,https://api.openalex.org/works?filter=doi%3A10.3390%2Fjcm15145671&per-page=1&select=id%2Cdoi%2Ctitle%2Cpublication_date%2Cids%2Cprimary_location%2Clocations%2Copen_access%2Ctype%2Cauthorships%2Cupdated_date,2026-07-29T20:27:44+00:00,200,1672b154f961df1f592f3e8b230053f1c0d0072e202ce7efcb371eb8b085520f,data/raw/scholarly_metadata/openalex/f056359bd064320f41e55037bf933c06efb94754dc1d9be5bc272f5bf9f8b0b2.json,True,1,1000,822,
openalex,https://api.openalex.org/works?filter=doi%3A10.1080%2F07853890.2026.2703887&per-page=1&select=id%2Cdoi%2Ctitle%2Cpublication_date%2Cids%2Cprimary_location%2Clocations%2Copen_access%2Ctype%2Cauthorships%2Cupdated_date,2026-07-29T20:27:25+00:00,200,277a0b0c17cd6674fb6f5a574016bbe63d8227c5015a3ddf3495fb59a399040b,data/raw/scholarly_metadata/openalex/f147b346f38e2eacaade9e5f2f12aefde17f7ad337631d3e791c42f3792463f3.json,True,1,1000,830,
openalex,https://api.openalex.org/works?filter=doi%3A10.3389%2Ffnut.2025.1650514&per-page=1&select=id%2Cdoi%2Ctitle%2Cpublication_date%2Cids%2Cprimary_location%2Clocations%2Copen_access%2Ctype%2Cauthorships%2Cupdated_date,2026-07-29T20:21:42+00:00,200,3200dce812f8f5db877fc08e36164ecd4745bf9e4d97dafed3cf4d0489b50bf2,data/raw/scholarly_metadata/openalex/f1dd90aab63d2429e0d1e1f959ba14322baa1552a1b74faa72e4290f003df999.json,True,1,1000,957,
openalex,https://api.openalex.org/works?filter=doi%3A10.1016%2Fj.jhepr.2025.101479&per-page=1&select=id%2Cdoi%2Ctitle%2Cpublication_date%2Cids%2Cprimary_location%2Clocations%2Copen_access%2Ctype%2Cauthorships%2Cupdated_date,2026-07-29T20:21:19+00:00,200,84dc28502ecda4ef478691ac1cfc94c2961a306207689336ac31055cb40ad640,data/raw/scholarly_metadata/openalex/f26dc44944014f3510146cb53caebda3bcb1b13e5bba9376f6c0a5529e65a6d5.json,True,1,1000,966,
openalex,https://api.openalex.org/works?filter=doi%3A10.1590%2F2175-8239-jbn-2025-0241en&per-page=1&select=id%2Cdoi%2Ctitle%2Cpublication_date%2Cids%2Cprimary_location%2Clocations%2Copen_access%2Ctype%2Cauthorships%2Cupdated_date,2026-07-29T20:22:27+00:00,200,7d562a00f5be44a1259d85e668bcb9e25ae8a8598339472f18b7d4b9d761a7f4,data/raw/scholarly_metadata/openalex/f3f0705ce62d2f4a5e59f987f9eb91daf0f14a257c08f411b21a0001cbd77b70.json,True,1,1000,941,
openalex,https://api.openalex.org/works?filter=doi%3A10.1097%2Fmd.0000000000049760&per-page=1&select=id%2Cdoi%2Ctitle%2Cpublication_date%2Cids%2Cprimary_location%2Clocations%2Copen_access%2Ctype%2Cauthorships%2Cupdated_date,2026-07-29T20:25:38+00:00,200,0918c3712ea1e2af05dbe3b777c5a224c2254bb7c83c7b39b1e3a2efaeb5127a,data/raw/scholarly_metadata/openalex/f47d729daca67a50bd5f62b40ecc5bd980c295f34c142fdaaee16463bf7921e6.json,True,1,1000,871,
openalex,https://api.openalex.org/works?filter=doi%3A10.1002%2Fueg2.70255&per-page=1&select=id%2Cdoi%2Ctitle%2Cpublication_date%2Cids%2Cprimary_location%2Clocations%2Copen_access%2Ctype%2Cauthorships%2Cupdated_date,2026-07-29T20:23:40+00:00,200,4449f12a62564ffcfb7023bc1c8a3c7aedec77171ae26b8f5ffe927f3b30dfec,data/raw/scholarly_metadata/openalex/f56c43799f8dcc19200d836690b2f3d77c259a1b1556cc8230d118bcf30f43bd.json,True,1,1000,916,
openalex,https://api.openalex.org/works?filter=doi%3A10.21542%2Fgcsp.2025.4&per-page=1&select=id%2Cdoi%2Ctitle%2Cpublication_date%2Cids%2Cprimary_location%2Clocations%2Copen_access%2Ctype%2Cauthorships%2Cupdated_date,2026-07-29T20:20:55+00:00,200,0f8d92dfb1f92b85d0f4a47a4934acba831f14f3ccd0a0a7e98c12c7ec2719c3,data/raw/scholarly_metadata/openalex/f6680536d4085e106f2cc84e397f8cf6f99a7f81d86aae63646866325a68184c.json,True,1,1000,975,
openalex,https://api.openalex.org/works?filter=doi%3A10.1186%2Fs12889-025-21609-7&per-page=1&select=id%2Cdoi%2Ctitle%2Cpublication_date%2Cids%2Cprimary_location%2Clocations%2Copen_access%2Ctype%2Cauthorships%2Cupdated_date,2026-07-29T20:20:40+00:00,200,562896bb4eb7b912f378af905a949c00afcd592a733456a4c701a56e430b0565,data/raw/scholarly_metadata/openalex/f693ef8cdabc4adcf1a5cccf62c396b622418b609bb5f9d693087a8db3644c66.json,True,1,1000,981,
openalex,https://api.openalex.org/works?filter=doi%3A10.3389%2Ffnut.2026.1854100&per-page=1&select=id%2Cdoi%2Ctitle%2Cpublication_date%2Cids%2Cprimary_location%2Clocations%2Copen_access%2Ctype%2Cauthorships%2Cupdated_date,2026-07-29T20:25:19+00:00,200,fa03de4a455a4590486955e71d253045aaf721181d78ec56ee2cd8e8d97d4d55,data/raw/scholarly_metadata/openalex/f7259e3a49efa4343f298d2aa7c1c323129664390f597ce38b82feca6624d530.json,True,1,1000,877,
openalex,https://api.openalex.org/works?filter=doi%3A10.2196%2F93631&per-page=1&select=id%2Cdoi%2Ctitle%2Cpublication_date%2Cids%2Cprimary_location%2Clocations%2Copen_access%2Ctype%2Cauthorships%2Cupdated_date,2026-07-29T20:23:05+00:00,200,4a97459a4d19407801d17ac994a25210975aa7c9a8d93d5794e1c9524eeb47e2,data/raw/scholarly_metadata/openalex/f7842e3ded119100a869b6d55b72bf58ab92a2a7b3659a659be2b24c22f60236.json,True,1,1000,930,
openalex,https://api.openalex.org/works?filter=doi%3A10.3389%2Ffendo.2026.1914586&per-page=1&select=id%2Cdoi%2Ctitle%2Cpublication_date%2Cids%2Cprimary_location%2Clocations%2Copen_access%2Ctype%2Cauthorships%2Cupdated_date,2026-07-29T20:27:01+00:00,200,832ac1633714ca6a8e695fe9a21822d1cc445305acf346b6da04a254cbd93443,data/raw/scholarly_metadata/openalex/faa8d111e353dee14b5a9dba48c82731a2f17654ff369dcc20b964b480c7d6c1.json,True,1,1000,837,
openalex,https://api.openalex.org/works?filter=doi%3A10.1177%2F11795514261471400&per-page=1&select=id%2Cdoi%2Ctitle%2Cpublication_date%2Cids%2Cprimary_location%2Clocations%2Copen_access%2Ctype%2Cauthorships%2Cupdated_date,2026-07-29T20:26:04+00:00,200,8942d33e87aaf7a77ca33905f7082d49b53120e1ad6451dc91b87977c6a3c076,data/raw/scholarly_metadata/openalex/fb1e0fb199b24078b4724e3a28efb6873199253553c817e0e6c55ad6c64a5aee.json,True,1,1000,860,
openalex,https://api.openalex.org/works?filter=doi%3A10.1136%2Fbmjopen-2024-092374&per-page=1&select=id%2Cdoi%2Ctitle%2Cpublication_date%2Cids%2Cprimary_location%2Clocations%2Copen_access%2Ctype%2Cauthorships%2Cupdated_date,2026-07-29T20:21:12+00:00,200,36e6077dc2ec1b92f3572171c62950eabb7c0317f46fc953bed5593138465c17,data/raw/scholarly_metadata/openalex/fcc757daee00a2cb580f3af613c555ecbc64f5185b6b15902805f4f41ef30255.json,True,1,1000,969,
openalex,https://api.openalex.org/works?filter=doi%3A10.3346%2Fjkms.2026.41.e161&per-page=1&select=id%2Cdoi%2Ctitle%2Cpublication_date%2Cids%2Cprimary_location%2Clocations%2Copen_access%2Ctype%2Cauthorships%2Cupdated_date,2026-07-29T20:25:57+00:00,200,a9368962865350e7ff53100a57769c2b1223b5915929a267cb4fd9c61a6050d7,data/raw/scholarly_metadata/openalex/fcd454c0697c80ac20177c6eacfa21ce776f90ef1e5d4ec880a51f522f7f3de4.json,True,1,1000,863,
openalex,https://api.openalex.org/works?filter=doi%3A10.1136%2Fbmjopen-2025-112641&per-page=1&select=id%2Cdoi%2Ctitle%2Cpublication_date%2Cids%2Cprimary_location%2Clocations%2Copen_access%2Ctype%2Cauthorships%2Cupdated_date,2026-07-29T20:23:23+00:00,200,66fba3ec14655b68004abdf676cc6d952898eab90d621ff06d3bcdaff2bce4cd,data/raw/scholarly_metadata/openalex/ff3a51bdf499d56c8a3bca6030cf492618c87b8accea36b8ab6fd1425ac8b930.json,True,1,1000,923,
pmc_aws,https://pmc-oa-opendata.s3.amazonaws.com/metadata/PMC12611492.1.json,2026-07-29T20:33:29+00:00,200,feba964dca718af4d5caec7bbb4d5ee8b18243f078476c743c131e7d39f14274,data/raw/scholarly_metadata/pmc_aws/0015cc700a5c3ab8e5121ede1c356fd6a8d5e80321eca577c64c4140e07fb01e.json,True,1,,,
pmc_aws,https://pmc-oa-opendata.s3.amazonaws.com/metadata/PMC12823638.1.json,2026-07-29T20:33:32+00:00,200,a67e9a1838e28228700e0e8a79f7d96700889397b1a57e6e970c57b6ef7fc0e4,data/raw/scholarly_metadata/pmc_aws/01b41994d80a9f0e986f2facf59eaf85afbf1ce1749ebee8747186291559735b.json,True,1,,,
pmc_aws,https://pmc-oa-opendata.s3.amazonaws.com/metadata/PMC13337675.1.json,2026-07-29T20:33:39+00:00,200,314f97193c9b2f9bccb08c884cfdaccbdad689a99ab48b14dc09658ba8626f2c,data/raw/scholarly_metadata/pmc_aws/03322e40ca0acdb2022edb09f79e91a94f18cb58935fba101305cbc088dc1876.json,True,1,,,
pmc_aws,https://pmc-oa-opendata.s3.amazonaws.com/metadata/PMC11750874.1.json,2026-07-29T20:33:18+00:00,200,eace3f7cfa9de96f6ad540a788532298e2370458836438b482b771fea9510133,data/raw/scholarly_metadata/pmc_aws/06510f4dea8c1e06bf7ff10ccc30e26471d859845f3b1abd8acac92ab2429adc.json,True,1,,,
pmc_aws,https://pmc-oa-opendata.s3.amazonaws.com/metadata/PMC13352046.1.json,2026-07-29T20:33:45+00:00,200,a1c010b9e80c1e6f7b90d600c52e34c05264a1e4481e1fcbd3fd37cd7f150bc8,data/raw/scholarly_metadata/pmc_aws/086d8f02f8932f011472588968b9871a1dbb559523e659642266655903863e94.json,True,1,,,
pmc_aws,https://pmc-oa-opendata.s3.amazonaws.com/metadata/PMC13327123.1.json,2026-07-29T20:33:35+00:00,200,7b93f193a81fb5342319555c0c36ec01af3763ab8ba8a28d4f99530e7d027760,data/raw/scholarly_metadata/pmc_aws/098a903d57198d856a0233abf9ff74ef3c5030eaf9be8e68a6726a7d541fa96e.json,True,1,,,
pmc_aws,https://pmc-oa-opendata.s3.amazonaws.com/metadata/PMC13398692.1.json,2026-07-29T20:34:09+00:00,200,dfe3f29b2ff734d7a79c16af52f3c4053370697c19088d2a173d8c4149f3e2c2,data/raw/scholarly_metadata/pmc_aws/0993891f1226122950a547d164756b6c0c7075f81fd9beaac492fdc8f4cbb3c8.json,True,1,,,
pmc_aws,https://pmc-oa-opendata.s3.amazonaws.com/metadata/PMC13138023.1.json,2026-07-29T20:33:34+00:00,200,eeaa22dea4c83babd5953f2595518d17df04501fd4733feee3926deda6ae3bb1,data/raw/scholarly_metadata/pmc_aws/0c5f7a2c75329ee637ab24e355d76a9f1b9dca10a374ec62dd92ab58d75efb27.json,True,1,,,
pmc_aws,https://pmc-oa-opendata.s3.amazonaws.com/metadata/PMC13367251.1.json,2026-07-29T20:33:51+00:00,200,658ddb077f41907788c5ccc715c82fb7925c8d079f5d4184f537591143ef3daf,data/raw/scholarly_metadata/pmc_aws/0d001c83ff0bf7efee5e5ce9b519a3b054528b1aed5731605616444e80b3d531.json,True,1,,,
pmc_aws,https://pmc-oa-opendata.s3.amazonaws.com/metadata/PMC13395614.1.json,2026-07-29T20:34:07+00:00,200,0be576040cb56031ad550427fd47b34c2cd19c9f38215c220e0b7dd5a225cb13,data/raw/scholarly_metadata/pmc_aws/0e81eaf93cb570238224463603114ee91c25c78635994eb6e090893f9e9bbe3f.json,True,1,,,
pmc_aws,https://pmc-oa-opendata.s3.amazonaws.com/metadata/PMC13362897.1.json,2026-07-29T20:33:49+00:00,200,69581ca14d6a105883354aa909807cd80c176ef541f9c7e05dab6c62cd9db210,data/raw/scholarly_metadata/pmc_aws/0f3d4a107c92f81d29c360992dee642fd5f0614b266c1c6d102cb568ee252566.json,True,1,,,
pmc_aws,https://pmc-oa-opendata.s3.amazonaws.com/metadata/PMC13405041.1.json,2026-07-29T20:34:12+00:00,200,a6e2dd544fd83ea2cafc7622eac18baec51e7f3936c22931a7801634e11b1a79,data/raw/scholarly_metadata/pmc_aws/104777c7692539b08090fb6656b607cfd8f038ff08d92b031243e2cb3c2859d2.json,True,1,,,
pmc_aws,https://pmc-oa-opendata.s3.amazonaws.com/metadata/PMC13389202.1.json,2026-07-29T20:34:02+00:00,200,4b50c59515e2a0120ca7d4e439721f143076e4b1c565aad9ed00e8e8aca4260d,data/raw/scholarly_metadata/pmc_aws/123c0ceb92fc76a21816acdb969abbb4d65a9a43894d27da691911ee9ec1b26f.json,True,1,,,
pmc_aws,https://pmc-oa-opendata.s3.amazonaws.com/metadata/PMC13410539.1.json,2026-07-29T20:34:13+00:00,200,b9e45f6763bf4365786eee21b7efa2d85e37a982f2309df9579dc449d032d237,data/raw/scholarly_metadata/pmc_aws/13c77446be5de2f5ff641ed35721888287205bccbcbed00b7ef6d8a6ee2b5159.json,True,1,,,
pmc_aws,https://pmc-oa-opendata.s3.amazonaws.com/metadata/PMC13341244.1.json,2026-07-29T20:33:39+00:00,200,596ab34e2a7d3ca4dad7ed29ff938022951cea9a7ddf094c139acc7aaf2283bb,data/raw/scholarly_metadata/pmc_aws/14ae9863e0b007e437cb04062be27f2606c3925d112f2bceb3645d3a7fef17e9.json,True,1,,,
pmc_aws,https://pmc-oa-opendata.s3.amazonaws.com/metadata/PMC12744298.1.json,2026-07-29T20:33:30+00:00,200,5b7c5586fe3c207d16fabec1f8adb3afe089aacc0abde24bfa270e34141c82e5,data/raw/scholarly_metadata/pmc_aws/1508d471c0d3131f14163318eda3ae3a86614fda0d3562340fa2cd8eb4cb1e9d.json,True,1,,,
pmc_aws,https://pmc-oa-opendata.s3.amazonaws.com/metadata/PMC13372826.1.json,2026-07-29T20:33:53+00:00,200,5094bf9cc04e5cca1e7735f33b3539fda4068b5cbcbac59312d37be1ea36d624,data/raw/scholarly_metadata/pmc_aws/15e0cca795d0d65f2c75cb6b3ef639ac8b5f2fbf0ebda42c8d49dbcfebc7b2c9.json,True,1,,,
pmc_aws,https://pmc-oa-opendata.s3.amazonaws.com/metadata/PMC13412876.1.json,2026-07-29T20:34:16+00:00,200,1bc35dce0f0c8cd1bb6e5669a7ff630503656dbe73e045fede8c560baa6965a5,data/raw/scholarly_metadata/pmc_aws/1784524b4b6bcdd4da476292b60f82a52191f3e62579d8861f2d6345bba4b53e.json,True,1,,,
pmc_aws,https://pmc-oa-opendata.s3.amazonaws.com/metadata/PMC13384559.1.json,2026-07-29T20:33:57+00:00,200,e4e97597fe97b7c7a06ae55c9ccf2cd704c46e50b3727bf4147c135f5272833c,data/raw/scholarly_metadata/pmc_aws/187280baf92db1d584b3c2e5be25d406e9a7154dbe335c1b98d2ece41d5e1d3c.json,True,1,,,
pmc_aws,https://pmc-oa-opendata.s3.amazonaws.com/metadata/PMC13243855.1.json,2026-07-29T20:33:34+00:00,200,ad93859c63df9297e36ee8cdf897ad3ec021a1e179780205975175253a10de15,data/raw/scholarly_metadata/pmc_aws/1998f4ae52980aa0929fe276531a591e323c0e750a4f240c3fb34289d0706009.json,True,1,,,
pmc_aws,https://pmc-oa-opendata.s3.amazonaws.com/metadata/PMC13403153.1.json,2026-07-29T20:34:11+00:00,200,8b849782c9dbdada3d4f75bd9e80ffd51495f61d66bc05fa6e1d7217b2722641,data/raw/scholarly_metadata/pmc_aws/1ace04421e0a2605b3084afbfe14dc3f460c39ac912d3b82fb2adb3c4d7c7850.json,True,1,,,
pmc_aws,https://pmc-oa-opendata.s3.amazonaws.com/metadata/PMC13351211.1.json,2026-07-29T20:33:43+00:00,200,7f9605ff3021f331cc5d956ce57073d1e48abf2bcc6756c742220224d129122f,data/raw/scholarly_metadata/pmc_aws/1b451d219880533fff928bdfc96515230fc9f589828d2a89e54df364e0004bce.json,True,1,,,
pmc_aws,https://pmc-oa-opendata.s3.amazonaws.com/metadata/PMC13393250.1.json,2026-07-29T20:34:04+00:00,200,c231084622adb245c34deb3639c13256c0ec5111ee261c0b356d127acc38ed86,data/raw/scholarly_metadata/pmc_aws/1c505e340a544693e55e2bbec11512be5045ab9efb0f334e9dfbc28833814ea0.json,True,1,,,
pmc_aws,https://pmc-oa-opendata.s3.amazonaws.com/metadata/PMC13376105.1.json,2026-07-29T20:33:54+00:00,200,efa034b8444fd58a79f1160c38100d1735e1784ee86fb0ffb91cb5205a4cd26b,data/raw/scholarly_metadata/pmc_aws/1fdd5c7cae747a2a00123e1c4566825ae775ddd1b0acf6d0945b240e9477846d.json,True,1,,,
pmc_aws,https://pmc-oa-opendata.s3.amazonaws.com/metadata/PMC13409092.1.json,2026-07-29T20:34:13+00:00,200,05b956c5a69013abffa132de03add5a515a7a8b4cb489f31427bfcbdfabe509f,data/raw/scholarly_metadata/pmc_aws/21bbfa86b93e695f75e159538dcb840d93a8cdc1973927c5fa490a25b412aab2.json,True,1,,,
pmc_aws,https://pmc-oa-opendata.s3.amazonaws.com/metadata/PMC12286890.1.json,2026-07-29T20:33:25+00:00,200,7789317431146b29eb4d81c4ac3afbe438920f20298f25e00694df491275165c,data/raw/scholarly_metadata/pmc_aws/26562c7774308e6eaa33ace251483ec0b20db929683769b24136ec4be100df24.json,True,1,,,
pmc_aws,https://pmc-oa-opendata.s3.amazonaws.com/metadata/PMC13361964.1.json,2026-07-29T20:33:49+00:00,200,e8c91128fe3a84ca44f4570190e5071bf87282db2c0272330354a08c90dcde84,data/raw/scholarly_metadata/pmc_aws/268b4c7426d682e563e38c1cc518a9ba630a01b73e281a3cecd15a0a1132d003.json,True,1,,,
pmc_aws,https://pmc-oa-opendata.s3.amazonaws.com/metadata/PMC13363480.1.json,2026-07-29T20:33:50+00:00,200,b84ea99349b1e717b847e665cc3c2028ecb516db8be94791c1bdcc4c161efbe4,data/raw/scholarly_metadata/pmc_aws/28204fe6cc1dfdb8b063cfdae60dbbe908c1016f78e4b442f58162a31921f0ad.json,True,1,,,
pmc_aws,https://pmc-oa-opendata.s3.amazonaws.com/metadata/PMC13036950.1.json,2026-07-29T20:33:33+00:00,200,5adc2420738013c3f100c99718155b8bf3bcb18436f7289ed3f7d4ecf8874219,data/raw/scholarly_metadata/pmc_aws/2a5824f0193c95c68f1da94ddae6b37db091c1e6f3ef8efcbaf26314b908d52b.json,True,1,,,
pmc_aws,https://pmc-oa-opendata.s3.amazonaws.com/metadata/PMC13402149.1.json,2026-07-29T20:34:10+00:00,200,4da80e2ff8f741a78f70ca0f004a18a0b2ba17819564c874e4c6aaa76f82de93,data/raw/scholarly_metadata/pmc_aws/2a77098af169240e11ca0f35aa37751db9b8837bdb5e4bbd1e794af84fcbb8a5.json,True,1,,,
pmc_aws,https://pmc-oa-opendata.s3.amazonaws.com/metadata/PMC13343087.1.json,2026-07-29T20:33:40+00:00,200,6aa65542d83150015e28d7aa9bd59d86c21cd593edf6b870fc1962cc5abf94d4,data/raw/scholarly_metadata/pmc_aws/2ad98a0a9b7f42d2c3dd59aeed1925d17d5092738e4e5c4fbd9855c1be817eaa.json,True,1,,,
pmc_aws,https://pmc-oa-opendata.s3.amazonaws.com/metadata/PMC12486684.1.json,2026-07-29T20:33:28+00:00,200,4716637eba887f3eac4cd03ef85d1b92cd4b4c77e3061d249676b8a96b637130,data/raw/scholarly_metadata/pmc_aws/2b5469b61c8ec126de08b11eab051dca9452ea9f12893f1ed37730bd13f4a8ce.json,True,1,,,
pmc_aws,https://pmc-oa-opendata.s3.amazonaws.com/metadata/PMC13411797.1.json,2026-07-29T20:34:15+00:00,200,78557a5e6eb2ba7d6602f415aba7471f67d44990c3eb6c4073f28bb2ab41f854,data/raw/scholarly_metadata/pmc_aws/2d1810f046ac328416c8005fc30ad64550b2b255cc4d2759d780147b3af1237e.json,True,1,,,
pmc_aws,https://pmc-oa-opendata.s3.amazonaws.com/metadata/PMC12589983.1.json,2026-07-29T20:33:29+00:00,200,537af62698ae235548e96faba93b8a86e77f834d8524a90c20b590352070fc36,data/raw/scholarly_metadata/pmc_aws/2d71a4459bd0757e7605a46d3cfa2c308b52f1a0aa0d908a2640842936f1563a.json,True,1,,,
pmc_aws,https://pmc-oa-opendata.s3.amazonaws.com/metadata/PMC13389228.1.json,2026-07-29T20:34:03+00:00,200,5ba2f3ca241664f181c6bc8b02f6c23f415b8633f9c161502e7c919f27a0468a,data/raw/scholarly_metadata/pmc_aws/2e1602240d4030dc8e2a43f9e6daaf91dbf939e4de76b4c026dbb8ed6e2edc14.json,True,1,,,
pmc_aws,https://pmc-oa-opendata.s3.amazonaws.com/metadata/PMC13357993.1.json,2026-07-29T20:33:47+00:00,200,fbc4a281f13e06b8162374ea5b551bd261ca7a5962f1f081ce3bd52e171703a6,data/raw/scholarly_metadata/pmc_aws/2ebeec76b908c2ae9dbeed550b737f1a62e10e9d77bdbc144207ec79c899819a.json,True,1,,,
pmc_aws,https://pmc-oa-opendata.s3.amazonaws.com/metadata/PMC12273069.1.json,2026-07-29T20:33:24+00:00,200,911cebd282ac92ccfe1bafcda7d99ba190a9787aa1d68b3ac85547476e112b08,data/raw/scholarly_metadata/pmc_aws/3005796722de88cd7b682de8ad2d45184900da4189d8c4257279110ff7819f99.json,True,1,,,
pmc_aws,https://pmc-oa-opendata.s3.amazonaws.com/metadata/PMC13413080.1.json,2026-07-29T20:34:16+00:00,200,9ae63a1a54a1bdb8b533fed36ff7cdc27c86b27ca79f3db798d90100f822430c,data/raw/scholarly_metadata/pmc_aws/36845e5630560e9bdc573f3ebac93aad943e911ac790404080dac38e23d6bbab.json,True,1,,,
pmc_aws,https://pmc-oa-opendata.s3.amazonaws.com/metadata/PMC13362851.1.json,2026-07-29T20:33:49+00:00,200,f7775e11ec7571ed9ade34bdf2c951899a6b22e42516d08e89c5be162e38360c,data/raw/scholarly_metadata/pmc_aws/37cfce0db4980a3bbfdd463dfc5b0e41247bea8c4956b4ad596765211d85bd75.json,True,1,,,
pmc_aws,https://pmc-oa-opendata.s3.amazonaws.com/metadata/PMC12085925.1.json,2026-07-29T20:33:22+00:00,200,6823e8d2a0585454f4025dccf5893b0373d0f66b08beb10573ed4d91c5c2af53,data/raw/scholarly_metadata/pmc_aws/38cf002588bec68fecb4a921e49da3e86ed9be3cf29c3c5ba9cc8cbb0e3c3845.json,True,1,,,
pmc_aws,https://pmc-oa-opendata.s3.amazonaws.com/metadata/PMC13385107.1.json,2026-07-29T20:33:58+00:00,200,c0bccea5eeaf2bc5d3087735ce185840506712e080526319351a997ff04c51bb,data/raw/scholarly_metadata/pmc_aws/39e3308e0a5f6bb788a567799d025d90ccee7ae78cda72212293e32583fab438.json,True,1,,,
pmc_aws,https://pmc-oa-opendata.s3.amazonaws.com/metadata/PMC12005981.1.json,2026-07-29T20:33:21+00:00,200,36df7287b089ae7d1aaa6756a39b0d67091d2a54a0172115227b152e5e15ddf2,data/raw/scholarly_metadata/pmc_aws/39e5ae5d2aca48bd064c26774a81767905299be7b08967ca7faa955e3fc7802b.json,True,1,,,
pmc_aws,https://pmc-oa-opendata.s3.amazonaws.com/metadata/PMC13384665.1.json,2026-07-29T20:33:58+00:00,200,daff82b0c03ff26d2f87e0f743a248d448959baad5ab88d20014452f02f2ec35,data/raw/scholarly_metadata/pmc_aws/3a291eb64e6729dc8efa605ce25c3ac916f76486b19863e0e2526a157cbb9162.json,True,1,,,
pmc_aws,https://pmc-oa-opendata.s3.amazonaws.com/metadata/PMC13336533.1.json,2026-07-29T20:33:37+00:00,200,0c4d63a85051a8db21c5cd00cd7b5c1fe4915129414311135e3fffc368e2bcd9,data/raw/scholarly_metadata/pmc_aws/414819200caab07a17c67576283f58f2f838719fe04cd5b161aeb89d4edff7f5.json,True,1,,,
pmc_aws,https://pmc-oa-opendata.s3.amazonaws.com/metadata/PMC13331199.1.json,2026-07-29T20:33:36+00:00,200,aad339b2f94d57090496ce464278b3c2e0b3f71ad476aa8fb6793c80987c3030,data/raw/scholarly_metadata/pmc_aws/426c1b06041491f364d4ccae16a00373260a3cad6a09df4ef8df8a94c5ae8e57.json,True,1,,,
pmc_aws,https://pmc-oa-opendata.s3.amazonaws.com/metadata/PMC12748521.1.json,2026-07-29T20:33:31+00:00,200,561cb025d27a88e230d1ffcca48c6d04051b0dc18c331781bebb8b6cbac45512,data/raw/scholarly_metadata/pmc_aws/44c8edaef117a09a85a6efcc26dda73e15b867b0b34c18edcdbfe98b71e59746.json,True,1,,,
pmc_aws,https://pmc-oa-opendata.s3.amazonaws.com/metadata/PMC13374916.1.json,2026-07-29T20:33:54+00:00,200,42945c9345e6066911f24dd2cd472d26c6198c908365f79eeb6b281ea17cb2d5,data/raw/scholarly_metadata/pmc_aws/45282027e0030ab31714256ba92933b88ed6a13cf9604bab34917ba0e2b45ab2.json,True,1,,,
pmc_aws,https://pmc-oa-opendata.s3.amazonaws.com/metadata/PMC11751837.1.json,2026-07-29T20:33:18+00:00,200,ab9951ca041c11c645e3f050e5739cffd8b103cb7e79fb2f8ad10977dc449ec3,data/raw/scholarly_metadata/pmc_aws/49ef6496c9972eb34e98ab1d7ec7e4b3e469bc456ee07891270bec179c8c9e3b.json,True,1,,,
pmc_aws,https://pmc-oa-opendata.s3.amazonaws.com/metadata/PMC13390809.1.json,2026-07-29T20:34:03+00:00,200,c3c30da81a54ea58a0bafef2cd20af4437bf48df931b1c6c0030ca45457a4d39,data/raw/scholarly_metadata/pmc_aws/4a70a27e8a24c80ce3d6fd8f286023f75362b12b8d0b7875e8aed6e6b324abb4.json,True,1,,,
pmc_aws,https://pmc-oa-opendata.s3.amazonaws.com/metadata/PMC13351449.1.json,2026-07-29T20:33:44+00:00,200,5af8035950c5f6507281aaf47cecd6409584bb5a953919e1ee146b2ee9ea74d9,data/raw/scholarly_metadata/pmc_aws/4dd1b131bcc4cd362790d73b1fe0ca72b86791a0ae0d08c0b3f8bba59e6eef47.json,True,1,,,
pmc_aws,https://pmc-oa-opendata.s3.amazonaws.com/metadata/PMC13384269.1.json,2026-07-29T20:33:56+00:00,200,852229b6e1c90929c1b59ce4516627eb89ab18cd11b054a0372e9e477657cf5e,data/raw/scholarly_metadata/pmc_aws/4fb99d93a4e66a0ccf5491ab773a9f4ecba5ef941cb39450420a9174cfb7a95b.json,True,1,,,
pmc_aws,https://pmc-oa-opendata.s3.amazonaws.com/metadata/PMC13385639.1.json,2026-07-29T20:34:00+00:00,200,d8f845d797db22229ec3b5a3d49e0e73be248b9d21fcb75ee58a1d7af29db95b,data/raw/scholarly_metadata/pmc_aws/508aca04799337c7af83c1137d6921d394feb13e84b3debbdd6a52072f291d74.json,True,1,,,
pmc_aws,https://pmc-oa-opendata.s3.amazonaws.com/metadata/PMC13335360.1.json,2026-07-29T20:33:37+00:00,200,453a9a69a0eb0f9d7c5a756c886c7267d9e6220fccc652449ee5b6fc433d2675,data/raw/scholarly_metadata/pmc_aws/530534dcbf75fe6d743d50962506cf4d4de02c4ac12f665a32ea7c20991d2084.json,True,1,,,
pmc_aws,https://pmc-oa-opendata.s3.amazonaws.com/metadata/PMC11833633.1.json,2026-07-29T20:33:20+00:00,200,152ac6275d551b5f6381e48e4ccabd1521bd72a63f2070d448d33571a7ae2018,data/raw/scholarly_metadata/pmc_aws/537b2ee9a2d16808eaf7b7bfea5ef75bb4404b79ce009aad12d211f1527fbf27.json,True,1,,,
pmc_aws,https://pmc-oa-opendata.s3.amazonaws.com/metadata/PMC13384551.1.json,2026-07-29T20:33:57+00:00,200,e40523b9a84e71db99c1e7f142be7f4e82cccd906c39e6abb87490ce3c760269,data/raw/scholarly_metadata/pmc_aws/56353513a793bf4ef0a6d7584b05a4617e247d4e6f5bc4adac3c475f68d682ee.json,True,1,,,
pmc_aws,https://pmc-oa-opendata.s3.amazonaws.com/metadata/PMC11951197.1.json,2026-07-29T20:33:21+00:00,200,84ff02fdf4e4ed8e08adf08e49181ad7c23c0fcdfa8b98a6d45a9ceb5756d960,data/raw/scholarly_metadata/pmc_aws/59b56d9ffb5c0d89a5b3d0aecbaa7f6d94b92b1e08a3a5eb917866ce2d26e3d9.json,True,1,,,
pmc_aws,https://pmc-oa-opendata.s3.amazonaws.com/metadata/PMC13337222.1.json,2026-07-29T20:33:38+00:00,200,f1f98da2c7b2efd95aecc1e5f23eb251dedb1810cf3a8e7c74f8f7ecdb09876b,data/raw/scholarly_metadata/pmc_aws/5a3c4bce965112114cf6632a91df2b59472c6a1ada32ad55290d10dd76ed5986.json,True,1,,,
pmc_aws,https://pmc-oa-opendata.s3.amazonaws.com/metadata/PMC13361515.1.json,2026-07-29T20:33:48+00:00,200,4792433e53cfa1f8d6eb6a6ad36cf70463f21d7797ffeb50fce5da84da464212,data/raw/scholarly_metadata/pmc_aws/5bc12c6a9c343607ff209f21a4e912798f14e777cc34b9927ad34b257709af9b.json,True,1,,,
pmc_aws,https://pmc-oa-opendata.s3.amazonaws.com/metadata/PMC13343042.1.json,2026-07-29T20:33:40+00:00,200,8409d7be4a466085c281d5228e39d4cf91d7b469973ae2e20889165f4aeca6ba,data/raw/scholarly_metadata/pmc_aws/5f076baa18309a52ffa8e0bb9da9f41415b9223c14b9ea562c2cfab6a6e92d9e.json,True,1,,,
pmc_aws,https://pmc-oa-opendata.s3.amazonaws.com/metadata/PMC11467773.1.json,2026-07-29T20:33:16+00:00,200,83e3ffbd4627570799285b64b4b8897b1271329e692532dc17a95bc0b0520659,data/raw/scholarly_metadata/pmc_aws/5fa08910ca8b3455fe00bddbc987b1ab1c14b8a591a86f9d8463b935fa2bb427.json,True,1,,,
pmc_aws,https://pmc-oa-opendata.s3.amazonaws.com/metadata/PMC13408700.1.json,2026-07-29T20:34:13+00:00,200,87e09337bee0378a805f9b7becb0eac798d4f66dbade812898798b6a5bc7427d,data/raw/scholarly_metadata/pmc_aws/624b31afa8942d877e8c2b394ec2b7505abaf8e25793f82de0762e626377b770.json,True,1,,,
pmc_aws,https://pmc-oa-opendata.s3.amazonaws.com/metadata/PMC13310656.1.json,2026-07-29T20:33:34+00:00,200,8136887601acea69fcd883e2384e9aed7c5e726deaec41c5c753217d5210064e,data/raw/scholarly_metadata/pmc_aws/6256fba532229986dabe34b54a400f5d5057f0b45765176e1910cb8c5dbde5d2.json,True,1,,,
pmc_aws,https://pmc-oa-opendata.s3.amazonaws.com/metadata/PMC13385109.1.json,2026-07-29T20:33:59+00:00,200,d020efd6da8a78113b236c8821e52b7f30222e30cd5881281ac7120c6915eaf2,data/raw/scholarly_metadata/pmc_aws/63398989e6acf83be2668414367a5bf29d179c224dedc03cc6448f76b57d4284.json,True,1,,,
pmc_aws,https://pmc-oa-opendata.s3.amazonaws.com/metadata/PMC13389884.1.json,2026-07-29T20:34:03+00:00,200,0112f988eec3ec4f1007b6f5e2dd0da45d17d46327c13bce9669884d1a13a67d,data/raw/scholarly_metadata/pmc_aws/65b879fa070bace17a7d6ef14c235629a51f495c9822c46944dc48fdd9fbefec.json,True,1,,,
pmc_aws,https://pmc-oa-opendata.s3.amazonaws.com/metadata/PMC13394890.1.json,2026-07-29T20:34:06+00:00,200,c52cad19f54d9e379bfd054a3a4e38c2f1fed9ab19439f55c264e738178e33f4,data/raw/scholarly_metadata/pmc_aws/66b69dba773c67defc9b8205aeaeed29cb90754974bf73411510b983467e522c.json,True,1,,,
pmc_aws,https://pmc-oa-opendata.s3.amazonaws.com/metadata/PMC13384687.1.json,2026-07-29T20:33:58+00:00,200,b7a435b6f02b4fd27a4183edc0d55371831ba74e6e9e69335057d1693465fc2a,data/raw/scholarly_metadata/pmc_aws/692e3522928b36edf053405429185368e1c1e0680a2079b7aa12ced23c90e2c5.json,True,1,,,
pmc_aws,https://pmc-oa-opendata.s3.amazonaws.com/metadata/PMC13395699.1.json,2026-07-29T20:34:07+00:00,200,bd932d16681d60c662afe0c47c808d5a948c8b2b4a56ff00f9343553c3982d1c,data/raw/scholarly_metadata/pmc_aws/6a2c9a2068d01f59d0813f5d7588386ad32cf84d71538e5125d35e33872f4af3.json,True,1,,,
pmc_aws,https://pmc-oa-opendata.s3.amazonaws.com/metadata/PMC13395440.1.json,2026-07-29T20:34:06+00:00,200,7da94bd247222e44334357ba74378b1881a0771fe47be20b25502a86e6ba727c,data/raw/scholarly_metadata/pmc_aws/6a2dc38039da19bdf63f2d6cae7fdd1218cc316fe14514e67c80af193cc7731f.json,True,1,,,
pmc_aws,https://pmc-oa-opendata.s3.amazonaws.com/metadata/PMC13360508.1.json,2026-07-29T20:33:48+00:00,200,eebd977f38015537d459162ed27efa41977eb13df6388487b14abafaef020c20,data/raw/scholarly_metadata/pmc_aws/6b491beb362a5d98d547657971ef5d8ae1f8070c886339d30e5a91c19f7876b9.json,True,1,,,
pmc_aws,https://pmc-oa-opendata.s3.amazonaws.com/metadata/PMC13400554.1.json,2026-07-29T20:34:09+00:00,200,19263eaed38490af381667b76800dcec3bbf3369238897eeddb2c27321e9db43,data/raw/scholarly_metadata/pmc_aws/6bcf2347f76ee2531021179d9c0252dd6b55575d4cf7d7d5f9658494d50bdb26.json,True,1,,,
pmc_aws,https://pmc-oa-opendata.s3.amazonaws.com/metadata/PMC13365883.1.json,2026-07-29T20:33:50+00:00,200,6b878278156cad538adfad38c160fcbd435b685eff0e0dd170a7bed1e3cd156b,data/raw/scholarly_metadata/pmc_aws/6e61f367a6308c154c5b0368a625db4897206b194925dbf2d46760ccab553ab5.json,True,1,,,
pmc_aws,https://pmc-oa-opendata.s3.amazonaws.com/metadata/PMC13329938.1.json,2026-07-29T20:33:36+00:00,200,be89be70a3d637158ba8ea2fecc792a1edeed161eeec0460bb8395f3bc802233,data/raw/scholarly_metadata/pmc_aws/7210a57c6ca1f95c36f2f0b943061ecc5660eaeb7bc6d1c257a7747064ea4bb9.json,True,1,,,
pmc_aws,https://pmc-oa-opendata.s3.amazonaws.com/metadata/PMC13385450.1.json,2026-07-29T20:34:00+00:00,200,57d2b9c84c9b1638d3dbe18b7bd922d03bd5f1ee64658cef4fd4626b5398fe17,data/raw/scholarly_metadata/pmc_aws/72ec27ffc16d20a60a111326112c696228f71786f7a2b56c3bfe661e6bfe106c.json,True,1,,,
pmc_aws,https://pmc-oa-opendata.s3.amazonaws.com/metadata/PMC13402206.1.json,2026-07-29T20:34:10+00:00,200,3afa15d8cff9ddb7cdacf8bd7ee335d44633018be44b8b121b693960e0756a46,data/raw/scholarly_metadata/pmc_aws/7400f23f7281d8ffea7f7d1b0ecf086d7e4c5134d5a3ae79829e32be9be21555.json,True,1,,,
pmc_aws,https://pmc-oa-opendata.s3.amazonaws.com/metadata/PMC12463975.1.json,2026-07-29T20:33:27+00:00,200,ed9857d333b7ac6ca3f542cb887d7250398563b06e412f7a9053ec8177254d58,data/raw/scholarly_metadata/pmc_aws/76d68d3f1f57458574767b5c63a81eb6bb695babda8cc6a219ca7831ee1d8a89.json,True,1,,,
pmc_aws,https://pmc-oa-opendata.s3.amazonaws.com/metadata/PMC13380770.1.json,2026-07-29T20:33:55+00:00,200,97aa2f95c0c2d21ffb98352b3b19d229f8f1a4724330be48045dae7e2d9bcb0f,data/raw/scholarly_metadata/pmc_aws/7787b86ed4c5f5c960ac5056348a3b9197a7c2ee3faf6dd105033b7a02b96666.json,True,1,,,
pmc_aws,https://pmc-oa-opendata.s3.amazonaws.com/metadata/PMC12756635.1.json,2026-07-29T20:33:32+00:00,200,90b15c25f17660b19303b78968d269d88691fe59f76969045045dcfeccf2f4af,data/raw/scholarly_metadata/pmc_aws/77cb85d42ad38b3fc8f3ae1f85f8f0ba881acfa75c60cb3bb7b0d4e63016bd19.json,True,1,,,
pmc_aws,https://pmc-oa-opendata.s3.amazonaws.com/metadata/PMC13400123.1.json,2026-07-29T20:34:09+00:00,200,a051f568726a1187a7a43ba2fc4e73c025359e5f5512beb7b4df1ca1b288ba9c,data/raw/scholarly_metadata/pmc_aws/79ec1f5151f121615d00ad10c11593c6c6bb25db17130764dd5f8a24148015c9.json,True,1,,,
pmc_aws,https://pmc-oa-opendata.s3.amazonaws.com/metadata/PMC13393562.1.json,2026-07-29T20:34:05+00:00,200,f1441ad674280a282bb768504a8f7ca426d2441cb71fff5f2b979085e45c4c19,data/raw/scholarly_metadata/pmc_aws/7bbf12bc44942d32a7e22e87d67d74056e7379ba5efc61cfa5e1c9b394b1c71c.json,True,1,,,
pmc_aws,https://pmc-oa-opendata.s3.amazonaws.com/metadata/PMC13343054.1.json,2026-07-29T20:33:40+00:00,200,d31a301e434ba0a70304be53042e8cbcfa4d4e86dbb60e3adf801dd8ccd4f89d,data/raw/scholarly_metadata/pmc_aws/7d1a55d87c2928a6a1265e49129f50a69896fab1af38ea20bfc4fcdde583b2d5.json,True,1,,,
pmc_aws,https://pmc-oa-opendata.s3.amazonaws.com/metadata/PMC12395389.1.json,2026-07-29T20:33:26+00:00,200,bc00ae20411c59cf421f60175c0229cea67da53a67e69d709ffbae2069428b5e,data/raw/scholarly_metadata/pmc_aws/7df4fa52efa35fb497c0a4772da7d966eab22b288fbfe8ee535106b2c05c6a56.json,True,1,,,
pmc_aws,https://pmc-oa-opendata.s3.amazonaws.com/metadata/PMC13380083.1.json,2026-07-29T20:33:55+00:00,200,b113174c11561440218a73dd420bf165e0f3eb86b90e83af75718b657aa6e4e7,data/raw/scholarly_metadata/pmc_aws/7e5c2b9835ab902503a1c0dd79ea5d0c18516280990ad8aabc07ff88c76dc102.json,True,1,,,
pmc_aws,https://pmc-oa-opendata.s3.amazonaws.com/metadata/PMC13410559.1.json,2026-07-29T20:34:14+00:00,200,149074400c014e64cb3c1bfa1303fb36e9f59dc27270faaeb1ed26a63ae3edab,data/raw/scholarly_metadata/pmc_aws/7edc886eef92f2881f4c48d9ba4740a53cb9724f53c6beb48c2ce8c7959e1ffb.json,True,1,,,
pmc_aws,https://pmc-oa-opendata.s3.amazonaws.com/metadata/PMC13403199.1.json,2026-07-29T20:34:11+00:00,200,69594587f53e3c33218a5071ed323f25fd9979cb5b38172ed6d505763cca23af,data/raw/scholarly_metadata/pmc_aws/7f55cbd4e438e20e0fdea0932b878230c0408325d7d4d0470c190a4852d2762a.json,True,1,,,
pmc_aws,https://pmc-oa-opendata.s3.amazonaws.com/metadata/PMC13346412.1.json,2026-07-29T20:33:41+00:00,200,2ca3f9b9dd8eaa94673381558eccfef452d51939284e60dd8d8f0821eb5e4b23,data/raw/scholarly_metadata/pmc_aws/7f9592ee81f27f741a47ced0f8ff9f68d572eb42e4ce9a6d8226e76faa573a90.json,True,1,,,
pmc_aws,https://pmc-oa-opendata.s3.amazonaws.com/metadata/PMC13349322.1.json,2026-07-29T20:33:43+00:00,200,624b2eeb1eea64951d79da2f9d9770382e0272b6145f3792fc776d195f25d9d6,data/raw/scholarly_metadata/pmc_aws/7fad5e81757aa323dfd1673dc5978a127644f9646eb17758a780b238cb66083a.json,True,1,,,
pmc_aws,https://pmc-oa-opendata.s3.amazonaws.com/metadata/PMC13337000.1.json,2026-07-29T20:33:38+00:00,200,68180ba4a0407d83750f4da83d5f65ba44c5bd1371c8f419cb713d36058ef00a,data/raw/scholarly_metadata/pmc_aws/81011f0ba03bb0fc1961f49e24bfc23566cd0a05fe275a639f799635e76df8fe.json,True,1,,,
pmc_aws,https://pmc-oa-opendata.s3.amazonaws.com/metadata/PMC13357043.1.json,2026-07-29T20:33:47+00:00,200,2721961f4b227d3ccadc2a86746116b4a820940779bcf6e12460dda031c8974d,data/raw/scholarly_metadata/pmc_aws/81a5da0b8a48fe21f8738ef674d1d78f9b634936e7c159e427afe115715156fe.json,True,1,,,
pmc_aws,https://pmc-oa-opendata.s3.amazonaws.com/metadata/PMC13403324.1.json,2026-07-29T20:34:12+00:00,200,2ade532625dc30649628a4ff95a4e147d28d55cf1fb8aae88362e7b9fb27a752,data/raw/scholarly_metadata/pmc_aws/82435f9e2947bb4a60cffb9b34eb6bcb05de22de2780d2b3da579ac35ca56e13.json,True,1,,,
pmc_aws,https://pmc-oa-opendata.s3.amazonaws.com/metadata/PMC13355640.1.json,2026-07-29T20:33:46+00:00,200,7f5ddbc7ba5d8d8427cc3c19077a43365d16ddde09088f1825c25895eea202f3,data/raw/scholarly_metadata/pmc_aws/857c7d394f6e319649740ed6d9cfed858fcda1acd943aef38460d2d16e0a77a8.json,True,1,,,
pmc_aws,https://pmc-oa-opendata.s3.amazonaws.com/metadata/PMC13411224.1.json,2026-07-29T20:34:14+00:00,200,aeecfc548c2b003bb20f531798c1bebd8e90e0aff018b3d03bb50511a3094ba6,data/raw/scholarly_metadata/pmc_aws/89ecfd3060bf76f943a0762359830be4d7bda39a7dc0b8f759c3f39925f7c6c9.json,True,1,,,
pmc_aws,https://pmc-oa-opendata.s3.amazonaws.com/metadata/PMC13352028.1.json,2026-07-29T20:33:44+00:00,200,3d71a692a002d048401255395aea0cc9de52f6ff1d26ae077183738e18d92c4e,data/raw/scholarly_metadata/pmc_aws/8ab60e6dc78676e438732f87c04b2404bc0cc757de1eb06657071d38b75c6203.json,True,1,,,
pmc_aws,https://pmc-oa-opendata.s3.amazonaws.com/metadata/PMC13331347.1.json,2026-07-29T20:33:37+00:00,200,0b9f898d78492e87b1624008ed686eaf9be6edbb2e8466d492ddf9ba2ba944ac,data/raw/scholarly_metadata/pmc_aws/8c045a1ba4312a8a7fd741d6abff3ea409c9c8d6682f903a1f72786e520c60f6.json,True,1,,,
pmc_aws,https://pmc-oa-opendata.s3.amazonaws.com/metadata/PMC12755569.1.json,2026-07-29T20:33:31+00:00,200,297b22caa7f3d5f78e942ba964dd23e3d21d7a7d532ea22e3d32a912618b67bc,data/raw/scholarly_metadata/pmc_aws/8cd8ad8df17476b306d232c2ba3a0210e8609736313fa3956a6947ec0cbb5062.json,True,1,,,
pmc_aws,https://pmc-oa-opendata.s3.amazonaws.com/metadata/PMC13347318.1.json,2026-07-29T20:33:42+00:00,200,0db1f79631836d7950c7368b46a3ffc938b3e55b490509556e4f371a7d0757ea,data/raw/scholarly_metadata/pmc_aws/92a4fd2695021c31aa6bafdefc037874867da3811a9895ebcc4d680a773d1e5f.json,True,1,,,
pmc_aws,https://pmc-oa-opendata.s3.amazonaws.com/metadata/PMC13368627.1.json,2026-07-29T20:33:52+00:00,200,3fb3f7eef155f58830a5022a89ca4f201bd3a3930f911398cfb81e26745ad37e,data/raw/scholarly_metadata/pmc_aws/9363f9dbf8f9ba0a2b74daee8b787dd2c132175e41a7167229e3fc4333836dad.json,True,1,,,
pmc_aws,https://pmc-oa-opendata.s3.amazonaws.com/metadata/PMC11761004.1.json,2026-07-29T20:33:18+00:00,200,1620fe116011ad441390063a5719261ba82a09e2eef75205e6c41016102f8052,data/raw/scholarly_metadata/pmc_aws/93d70b5c8fa747b30a28943504772da23b0ba1a6473e3907f58937022bf72760.json,True,1,,,
pmc_aws,https://pmc-oa-opendata.s3.amazonaws.com/metadata/PMC13360137.1.json,2026-07-29T20:33:47+00:00,200,dc8773cffcb6e1d0e6b3825379554b5bdced0b64d8000e9730195771490cc7fe,data/raw/scholarly_metadata/pmc_aws/9409468f558f77a116f982996260df3d4097110b2d8553d4e76d053ea8957eff.json,True,1,,,
pmc_aws,https://pmc-oa-opendata.s3.amazonaws.com/metadata/PMC13376527.1.json,2026-07-29T20:33:54+00:00,200,c0b647cf8e385f8a9639ef8ec32593c292b92d9d4c85767dbfd504c35d68b819,data/raw/scholarly_metadata/pmc_aws/94d367585067f22235dbbc52423c3ddac3284ae68d24c53ebf61bb1674d1a26c.json,True,1,,,
pmc_aws,https://pmc-oa-opendata.s3.amazonaws.com/metadata/PMC13349133.1.json,2026-07-29T20:33:43+00:00,200,7aab7a15aef50790cf19c545744371be4658873083e97e6895358df46c2d2266,data/raw/scholarly_metadata/pmc_aws/95153c2e19bfc64238a37b36750fe5642ec15cdfb44a50f7ceb7b366e8f9ec95.json,True,1,,,
pmc_aws,https://pmc-oa-opendata.s3.amazonaws.com/metadata/PMC13367460.1.json,2026-07-29T20:33:52+00:00,200,cd15f9e352012b42351d4231aaec8c29f7676c5e277b366de5c3a785323f1eda,data/raw/scholarly_metadata/pmc_aws/95bbbd41df88e2b61247c7f9c94bce8df7f027d8b21fc38a340af99c9fb5ac06.json,True,1,,,
pmc_aws,https://pmc-oa-opendata.s3.amazonaws.com/metadata/PMC13369579.1.json,2026-07-29T20:33:52+00:00,200,c9eec19d5beaae451b1032bf40a0f5013b876239fcbfc3f40614e49bcf2bb554,data/raw/scholarly_metadata/pmc_aws/96d6273f3e8ce75561b9d18c11479677a5786d766523366030eefaceb5e497d7.json,True,1,,,
pmc_aws,https://pmc-oa-opendata.s3.amazonaws.com/metadata/PMC13393584.1.json,2026-07-29T20:34:05+00:00,200,e15ffd8bb4bc18c6db6b6846e93ccc1036cc558928110db08c9ecf4693a48118,data/raw/scholarly_metadata/pmc_aws/99c1df8cdcc465e5a4ba1dbe24fe7c8f911428a4a5cf710e2fe21a6a6e6d7d99.json,True,1,,,
pmc_aws,https://pmc-oa-opendata.s3.amazonaws.com/metadata/PMC13372655.1.json,2026-07-29T20:33:53+00:00,200,d531aefaa1339f3c2ac93e2b735252d7f335da9aeba07bf76c0df790df8c9eb9,data/raw/scholarly_metadata/pmc_aws/9b560784ed70ec16340b9fabbdbf14081f0489bf3c1ff9e0ea3da28ee4f0963d.json,True,1,,,
pmc_aws,https://pmc-oa-opendata.s3.amazonaws.com/metadata/PMC12334939.1.json,2026-07-29T20:33:25+00:00,200,224ea83e3de05e97a9a54d109c99ecce2cfbd4bd212f6e2639db4632bbddd0d0,data/raw/scholarly_metadata/pmc_aws/9dbbe6e52a2e9df6ad25cf76876c939d351b5ac18179b5f99cb36bb36a3921c2.json,True,1,,,
pmc_aws,https://pmc-oa-opendata.s3.amazonaws.com/metadata/PMC13337053.1.json,2026-07-29T20:33:38+00:00,200,e8046188405effc2067be4982431001a3d1a9951206b790e75251ebcb2891a8e,data/raw/scholarly_metadata/pmc_aws/a2d5d1b90452e3b3462a81b8b75b266a38a017fe477d963341d99f94f7b4e0ae.json,True,1,,,
pmc_aws,https://pmc-oa-opendata.s3.amazonaws.com/metadata/PMC13349111.1.json,2026-07-29T20:33:42+00:00,200,5b1f5d992d86e8ca14ab47581925a5a2366b6672d5592369fe8d3079f22ab50b,data/raw/scholarly_metadata/pmc_aws/a3e5dc5eccbd1261ae03795bfc93a1f1aed1a5ec073f7f40c7f4a073ba320779.json,True,1,,,
pmc_aws,https://pmc-oa-opendata.s3.amazonaws.com/metadata/PMC13401636.1.json,2026-07-29T20:34:10+00:00,200,e070f5379597313c0951348a2bfc308b5d42bbf524948008542eccbef4412515,data/raw/scholarly_metadata/pmc_aws/a80b92929aae2f29e5486fa94c8bef404c58a67c869b3ef66633ce73cc04bca8.json,True,1,,,
pmc_aws,https://pmc-oa-opendata.s3.amazonaws.com/metadata/PMC11806717.1.json,2026-07-29T20:33:19+00:00,200,587a07e19c3b4bb8b4b7068b00274f2cd9f8c9bd8ba86442b6a217fb062ebfd3,data/raw/scholarly_metadata/pmc_aws/a9129849a387abd3b043d8d0c066b1186cc733dbeb3e0b2b36de17c1170a0744.json,True,1,,,
pmc_aws,https://pmc-oa-opendata.s3.amazonaws.com/metadata/PMC13397952.1.json,2026-07-29T20:34:09+00:00,200,8e5f85d12af8f331e475b295ca4a0caa92498d2f8862f03000c173a5a7f80dae,data/raw/scholarly_metadata/pmc_aws/b061f342a4559d0cacd05db6bfb4001ee98b2566dedfddf22c55265d08a685e4.json,True,1,,,
pmc_aws,https://pmc-oa-opendata.s3.amazonaws.com/metadata/PMC13412647.1.json,2026-07-29T20:34:15+00:00,200,66971cdfb4b2baf7190a0592ec8631994f02a0314e73a252ca333d6f48b2bbb8,data/raw/scholarly_metadata/pmc_aws/b1bd40783d2fb84fbfa7a8efac7d3d7097938d0e5438e53b21db4e05bdd89f50.json,True,1,,,
pmc_aws,https://pmc-oa-opendata.s3.amazonaws.com/metadata/PMC13388263.1.json,2026-07-29T20:34:01+00:00,200,28ecdf5da0889ddb3b531bb8eed81e88b760feff1ed1981c6f0907dd625c876c,data/raw/scholarly_metadata/pmc_aws/b2e83413ab9a56438eced99885cccca3288844cfa0aefe5bddfc74d90c462d1b.json,True,1,,,
pmc_aws,https://pmc-oa-opendata.s3.amazonaws.com/metadata/PMC12797426.1.json,2026-07-29T20:33:32+00:00,200,850e4376844d5d2d20be1cc62f48dccd59b6352e2207fce532e50da78e846f79,data/raw/scholarly_metadata/pmc_aws/b3a5466a3fddc6b00abf998c4b74f06b2abdf8b55a376d35a991a5d87ada49b2.json,True,1,,,
pmc_aws,https://pmc-oa-opendata.s3.amazonaws.com/metadata/PMC12537428.1.json,2026-07-29T20:33:28+00:00,200,3ccea02dea10785df2396bd7f484868ba3b77e9586cb3e7a653d754f64a048d0,data/raw/scholarly_metadata/pmc_aws/b55ff714bae82f130ba395a295f65096a5af45bff38d5adde0b4b45eb65a5721.json,True,1,,,
pmc_aws,https://pmc-oa-opendata.s3.amazonaws.com/metadata/PMC12911675.1.json,2026-07-29T20:33:33+00:00,200,40da8ae7432a4de0dcac2f66d964061dfdd322adcb6d74293185277e3d7dbec1,data/raw/scholarly_metadata/pmc_aws/b82faf36de43ba6592f775c7297cbd308aa81b752737974d3e43415bb32f4605.json,True,1,,,
pmc_aws,https://pmc-oa-opendata.s3.amazonaws.com/metadata/PMC13382457.1.json,2026-07-29T20:33:56+00:00,200,a90a5b8ea7c13b0a5db9a6090c935313583ef53956d15b401038305f517c5eaf,data/raw/scholarly_metadata/pmc_aws/b930f11eef534aa4d87aaa2fbedae649d3e0d88c776750d7c8446558aacfcbd4.json,True,1,,,
pmc_aws,https://pmc-oa-opendata.s3.amazonaws.com/metadata/PMC13351598.1.json,2026-07-29T20:33:44+00:00,200,e96f2f0efcff1d11b39e49691c74658b66b7541ff6e4dc48e8265009925dabff,data/raw/scholarly_metadata/pmc_aws/bd77fd5a93472d641e1e6db8c9d79c169c06f82003bed1dc25b42f24bdb02e60.json,True,1,,,
pmc_aws,https://pmc-oa-opendata.s3.amazonaws.com/metadata/PMC13366646.1.json,2026-07-29T20:33:51+00:00,200,b9f301a652ec4b762b3e872c0623b9e76f793113f185d90bb641d8ccfa0a12a5,data/raw/scholarly_metadata/pmc_aws/bf44aa78cee3bc48f257bded55083103de9f580718bbff03453094b5668d2f85.json,True,1,,,
pmc_aws,https://pmc-oa-opendata.s3.amazonaws.com/metadata/PMC13385274.1.json,2026-07-29T20:33:59+00:00,200,6b591ade883799875ffa070bf6fe89f7d2a22959c148d2652924056f8f0b81e5,data/raw/scholarly_metadata/pmc_aws/bf4d23d6a3746c9f1fcd04c9bd62273e124e083c6d3d95dd56e6f593a9bf54c9.json,True,1,,,
pmc_aws,https://pmc-oa-opendata.s3.amazonaws.com/metadata/PMC13404630.1.json,2026-07-29T20:34:12+00:00,200,55e24fa0aa7573e2c446846cf03170ef6b7564bd80c9147275c69a337af16296,data/raw/scholarly_metadata/pmc_aws/c1398db7725554cc802e141a2ed5684cece78b960ae06e0dccdf56703079b628.json,True,1,,,
pmc_aws,https://pmc-oa-opendata.s3.amazonaws.com/metadata/PMC12735050.1.json,2026-07-29T20:33:30+00:00,200,55effe5f6b96fb890f4454e588b1e317d250f5b143b8a8152f15cd043aca6c40,data/raw/scholarly_metadata/pmc_aws/c1461b392b8596b675dbb7031b35d8f36d904330b9d3eba685a30190653037de.json,True,1,,,
pmc_aws,https://pmc-oa-opendata.s3.amazonaws.com/metadata/PMC13329086.1.json,2026-07-29T20:33:36+00:00,200,8c944db40d45a570fa330797365d1a41acf9754069f2abba00a22248b94364ce,data/raw/scholarly_metadata/pmc_aws/c20277145b5c65883d960b700a0332e5f480957ce73946e4c82683e64aa2f0a0.json,True,1,,,
pmc_aws,https://pmc-oa-opendata.s3.amazonaws.com/metadata/PMC13396883.1.json,2026-07-29T20:34:08+00:00,200,f48e275a61763027fcd2025a90af8c647c4fe6002bd4384c48f7ac37fbbb987e,data/raw/scholarly_metadata/pmc_aws/c3e27ce3c01c72384ebf6439cc29b5dc25fad56ba1854e69902463e18039d67f.json,True,1,,,
pmc_aws,https://pmc-oa-opendata.s3.amazonaws.com/metadata/PMC13391297.1.json,2026-07-29T20:34:04+00:00,200,ef4a7a06b8568ce048ed2f9aeacc8f01638648c19c04668daaf8975b3ad377f9,data/raw/scholarly_metadata/pmc_aws/c3e2ac294d9420765733db304521dba05f7bdaacd576d3cf5ea4f35578752c8b.json,True,1,,,
pmc_aws,https://pmc-oa-opendata.s3.amazonaws.com/metadata/PMC11969775.1.json,2026-07-29T20:33:21+00:00,200,95d4e3ba43ab88923b31b2dc0e1e8f078ed58ee67a3b7c3a69e690fc2f34c471,data/raw/scholarly_metadata/pmc_aws/c4c7495a2704a2f0e3bbeb8ab03222cc4caf6d97e0ed80c28c640bfb80196e97.json,True,1,,,
pmc_aws,https://pmc-oa-opendata.s3.amazonaws.com/metadata/PMC12418469.1.json,2026-07-29T20:33:27+00:00,200,991e79ad1bdd3830f4dfe5460b199f8d65930d8ec2914db7a465c15443616db5,data/raw/scholarly_metadata/pmc_aws/c5fd8cd5bb6b78d5d226b752355078834c605c60aeadd8234c97b97aa416733d.json,True,1,,,
pmc_aws,https://pmc-oa-opendata.s3.amazonaws.com/metadata/PMC13360819.1.json,2026-07-29T20:33:48+00:00,200,df08a74de19104cdc3052e61fe8a2c081d07609ddf568057ca571a80845b20d7,data/raw/scholarly_metadata/pmc_aws/c68b9235ecacb12a61e240c576b7700bc6195d03b94bdd8ad944f4d8ea46b826.json,True,1,,,
pmc_aws,https://pmc-oa-opendata.s3.amazonaws.com/metadata/PMC12744504.1.json,2026-07-29T20:33:31+00:00,200,6c0a0dac54485703e763dc888883205ad0261d50c68bf0bccd7a643711aa9118,data/raw/scholarly_metadata/pmc_aws/c9117a2431b9aea6cb601b9b617ca17ba68a4f3ce23a7882d72a5972971358a4.json,True,1,,,
pmc_aws,https://pmc-oa-opendata.s3.amazonaws.com/metadata/PMC12400556.1.json,2026-07-29T20:33:26+00:00,200,d22870481a1d556900c5252b3487b93108b1ff33e10d54bdc27ab4163582214a,data/raw/scholarly_metadata/pmc_aws/ca2125cd9300cfab9b1d6aebe69cb7a7b1bb244d53781c24be3bd2a61cfdedf3.json,True,1,,,
pmc_aws,https://pmc-oa-opendata.s3.amazonaws.com/metadata/PMC13411413.1.json,2026-07-29T20:34:14+00:00,200,be24dc493b08dcc7610fad164f42352e87f3929f2890a43a90e13811f4c6381e,data/raw/scholarly_metadata/pmc_aws/cd7017d906e6ee187ef5e8d60b610a3292eaa84a116e0c690c12fdf3fb34b031.json,True,1,,,
pmc_aws,https://pmc-oa-opendata.s3.amazonaws.com/metadata/PMC13379011.1.json,2026-07-29T20:33:55+00:00,200,d02065a207ae6c46a19939bd50a343adf4092f7c3f89e7b2b776c6f4dd412452,data/raw/scholarly_metadata/pmc_aws/cef992a3cce08246ef4b3a5576f3172ca71d139e746dbdee86ce26fe54136e58.json,True,1,,,
pmc_aws,https://pmc-oa-opendata.s3.amazonaws.com/metadata/PMC11802414.1.json,2026-07-29T20:33:19+00:00,200,5102db7ea19e98a1ae70c48854ba7a9399883019000ac2540efcb9b712b00c34,data/raw/scholarly_metadata/pmc_aws/cfcec0b8afad1ef57f10bc02dd1aa4fd5e06b1e1d26c4fb91e1376dc795aa7db.json,True,1,,,
pmc_aws,https://pmc-oa-opendata.s3.amazonaws.com/metadata/PMC13412813.1.json,2026-07-29T20:34:16+00:00,200,99233237f6d8b41059cdc5047795417b9e397c7492c445b34d8f05d7659e6b17,data/raw/scholarly_metadata/pmc_aws/d20329170f00d99d710f23970dd189af12328c979b26cc1c3471e11735f14c44.json,True,1,,,
pmc_aws,https://pmc-oa-opendata.s3.amazonaws.com/metadata/PMC11701191.1.json,2026-07-29T20:33:17+00:00,200,a18939429e12f41482af0ee95b010689506433eca5cc2a5e322a5873f61a7377,data/raw/scholarly_metadata/pmc_aws/d3a0ec747f1715a2692742379e5386a78ff5beb5647beac2e6f1a3b366866252.json,True,1,,,
pmc_aws,https://pmc-oa-opendata.s3.amazonaws.com/metadata/PMC12533630.1.json,2026-07-29T20:33:28+00:00,200,22f58c222d68d0c735c078cd92f4921526d583b9fcd5f7f74e244ae53717cd69,data/raw/scholarly_metadata/pmc_aws/d4fd18142fe9bf3dc25f67dbe1b9647fc4bee4885e8f87027e227cdc72ef7010.json,True,1,,,
pmc_aws,https://pmc-oa-opendata.s3.amazonaws.com/metadata/PMC12155567.1.json,2026-07-29T20:33:24+00:00,200,728ff79ba3bc09dc325a1757a30c07e60fb6c679c8c97d0ae45e5216ce13f55b,data/raw/scholarly_metadata/pmc_aws/d645027d4cce09e34e8b146acf9ef63d026fe3d1fa9d666d4f61165f7fe31936.json,True,1,,,
pmc_aws,https://pmc-oa-opendata.s3.amazonaws.com/metadata/PMC12925122.1.json,2026-07-29T20:33:33+00:00,200,262b3dca2553aff9ae1d7b183e4b8ce09de297e2d503ad05d8828149d84f5303,data/raw/scholarly_metadata/pmc_aws/d6acfd248fc5a81970bddb4106710b62329ace6b143e2652d4d7075d7d34f905.json,True,1,,,
pmc_aws,https://pmc-oa-opendata.s3.amazonaws.com/metadata/PMC12179864.1.json,2026-07-29T20:33:24+00:00,200,9447d0c0add342380e0f3fb4346e39ddc990c448e7c824e2fee9fc285dddc8e6,data/raw/scholarly_metadata/pmc_aws/daae8fc2061a42b5766c1aa744a63a5213467d87dfc77f176aaf89c1d3cd3245.json,True,1,,,
pmc_aws,https://pmc-oa-opendata.s3.amazonaws.com/metadata/PMC13363621.1.json,2026-07-29T20:33:50+00:00,200,bc22da44d5159b9daa87ad368856d53735297a2e9d7598ff962410310bfa970e,data/raw/scholarly_metadata/pmc_aws/db7d7acfdf509c26e4e4c649ba531c8e8bb5989a1b8c9b6a94564863f726a4e1.json,True,1,,,
pmc_aws,https://pmc-oa-opendata.s3.amazonaws.com/metadata/PMC13345235.1.json,2026-07-29T20:33:41+00:00,200,b15789bcd4ea68ae4f7e8b184bae4cdb8759c599772bfc5315759b20a7e66e8f,data/raw/scholarly_metadata/pmc_aws/db850f5a05abbc8ea38b0388a33f633b1f71593581aaea30ca6da302340bc2df.json,True,1,,,
pmc_aws,https://pmc-oa-opendata.s3.amazonaws.com/metadata/PMC13410022.1.json,2026-07-29T20:34:13+00:00,200,490113b99a6ffbd590ffa30487a70e186bbdf5cb30fdb6d139f5af3649d25b3c,data/raw/scholarly_metadata/pmc_aws/dd1277d53063881a37ca15434bc72ce7878847318d4f97cd03d1443b59763bce.json,True,1,,,
pmc_aws,https://pmc-oa-opendata.s3.amazonaws.com/metadata/PMC11885081.1.json,2026-07-29T20:33:20+00:00,200,107d8982b7d1e1a18244667625e1dc427c9b6cdf9a6ed54adb6663f95dffbb5b,data/raw/scholarly_metadata/pmc_aws/dd2e6ff81d5670fbcaf2ed1cf751f0442b92995c20b4a1f130d06c8f4e5d594f.json,True,1,,,
pmc_aws,https://pmc-oa-opendata.s3.amazonaws.com/metadata/PMC13388307.1.json,2026-07-29T20:34:01+00:00,200,1f08b42509feaea324537f215f98f8c343c56a77c89ea145c3239adf3cfde949,data/raw/scholarly_metadata/pmc_aws/e048956d000ee0c3765cfde238423ae6b224a8280424bdff658a976707a13f02.json,True,1,,,
pmc_aws,https://pmc-oa-opendata.s3.amazonaws.com/metadata/PMC12396445.1.json,2026-07-29T20:33:26+00:00,200,3098a71be63cb96cb6c66d785db2776ee357eb56102ec5199b8dcf31c51d5e04,data/raw/scholarly_metadata/pmc_aws/e1a4fbf6e595ca2ef087ef3f8bb64193e523a47a0a53c98c76aa179ee62d1710.json,True,1,,,
pmc_aws,https://pmc-oa-opendata.s3.amazonaws.com/metadata/PMC13355283.1.json,2026-07-29T20:33:45+00:00,200,dc931ac9f6c0d457d8885af08bb565fba254b536cabc44ca3d5cbab398b3e191,data/raw/scholarly_metadata/pmc_aws/e601d074c589c6ccac3b17702ecaf287b543405687264d49b8373a9622031b86.json,True,1,,,
pmc_aws,https://pmc-oa-opendata.s3.amazonaws.com/metadata/PMC13395082.1.json,2026-07-29T20:34:06+00:00,200,0d87ee8b425bfaca1e6d1162b03ab4108b0c0aa4e26fcb3ba9dc54ccec33e536,data/raw/scholarly_metadata/pmc_aws/e63606ce0c5b10c1945f0ae3b03a858a352a4f5c9825cbab6d1e6a00414376c7.json,True,1,,,
pmc_aws,https://pmc-oa-opendata.s3.amazonaws.com/metadata/PMC13389146.1.json,2026-07-29T20:34:02+00:00,200,fcfbc755ca15a1a2be34362971ecde5209504ccbb553f601cb427be9105bebd6,data/raw/scholarly_metadata/pmc_aws/e9bf08489811c29fb047c3f52297bd59ba31ff5a45934ee82db617e3a6895827.json,True,1,,,
pmc_aws,https://pmc-oa-opendata.s3.amazonaws.com/metadata/PMC13356836.1.json,2026-07-29T20:33:46+00:00,200,4269e5f175082bf6908fe8c6b3e0b4cd57a81c69a278ada67f9623f94fb4cf9e,data/raw/scholarly_metadata/pmc_aws/eadf581251c87c74fea70a13bbc738911edb7d3408dfecd7c1eaea7ef378dfa2.json,True,1,,,
pmc_aws,https://pmc-oa-opendata.s3.amazonaws.com/metadata/PMC12553450.1.json,2026-07-29T20:33:29+00:00,200,e3d2b6957dadf67780477ba0ec5845980af71e6c357aec2c89ad59e5f5a5b283,data/raw/scholarly_metadata/pmc_aws/ed4a6863fec0f7927fbdc43007e746f7106845f7cdf9439b69454009249b15c3.json,True,1,,,
pmc_aws,https://pmc-oa-opendata.s3.amazonaws.com/metadata/PMC13374871.1.json,2026-07-29T20:33:53+00:00,200,f0486f8061e770d964805714b167013df01f842d50e7fac23368f5889569731e,data/raw/scholarly_metadata/pmc_aws/ed9a569cb278fb1c7552040d96593eb41994aa3d23d5cefe8ff39dd2ddb650ab.json,True,1,,,
pmc_aws,https://pmc-oa-opendata.s3.amazonaws.com/metadata/PMC12421259.1.json,2026-07-29T20:33:27+00:00,200,3f244c660fc4644b664c4375df36d1d51c197a1f4e86efc161cce11c8baef347,data/raw/scholarly_metadata/pmc_aws/f06ff68fb669a568bb667e9fbad57d10d59806b269095670060a2a5804a9f6cd.json,True,1,,,
pmc_aws,https://pmc-oa-opendata.s3.amazonaws.com/metadata/PMC12133703.1.json,2026-07-29T20:33:22+00:00,200,3271c50d0bb9f9b85e36a2e7eeeb16b7d80adf40c7c87ce76c96e7afbd437da6,data/raw/scholarly_metadata/pmc_aws/f0d150ca175692ea74ed53a4007776fa088083af00e3b3d8545ef604d7b1781c.json,True,1,,,
pmc_aws,https://pmc-oa-opendata.s3.amazonaws.com/metadata/PMC13327202.1.json,2026-07-29T20:33:35+00:00,200,6f2447ab93ef5db3f11b065ff031f58891ab2cfce8bd97a3055dc0f9bcb2d9e7,data/raw/scholarly_metadata/pmc_aws/f18c0a09b4a73ee1aba1f380b2bf8e341902d2ca4dde22a22afea11832bec154.json,True,1,,,
pmc_aws,https://pmc-oa-opendata.s3.amazonaws.com/metadata/PMC11695108.1.json,2026-07-29T20:33:17+00:00,200,64f83c84741d5ce83100e52e3d005ddee81b90b1fe4b5c27c9280e9e79d9526d,data/raw/scholarly_metadata/pmc_aws/f19867c5edf5c473cbff1d6968ef88c01871d0d1f8616e993541f01082b6ae44.json,True,1,,,
pmc_aws,https://pmc-oa-opendata.s3.amazonaws.com/metadata/PMC12664052.1.json,2026-07-29T20:33:30+00:00,200,13d9fc7c288827bd907f53a1ae918db9acce2a2f31bc573b530873960589dc87,data/raw/scholarly_metadata/pmc_aws/f3e61b856ebc6eb3151ab136c2173f7e8da4d6b0695ea3e5693ff932472e0f38.json,True,1,,,
pmc_aws,https://pmc-oa-opendata.s3.amazonaws.com/metadata/PMC13355561.1.json,2026-07-29T20:33:45+00:00,200,58cc609267f919825349be6a1a467b4945d3aa700bc8924819938c7825e5f8ae,data/raw/scholarly_metadata/pmc_aws/f5005d49b9459c7fc4f381ace1bdbabf1ecb1314035afa0a21a4abe2211f1e94.json,True,1,,,
pmc_aws,https://pmc-oa-opendata.s3.amazonaws.com/metadata/PMC13387849.1.json,2026-07-29T20:34:01+00:00,200,6a59c8d41e449d9e574a5047c13af7b12b8764a473df323ea01a8a3d4e8af9b7,data/raw/scholarly_metadata/pmc_aws/f514cda3a9d778f84a153761caf8d155cba8ee4092f3eac98c1a89354dc788f3.json,True,1,,,
pmc_aws,https://pmc-oa-opendata.s3.amazonaws.com/metadata/PMC12141897.1.json,2026-07-29T20:33:23+00:00,200,70cc70e4cfcf8e3d361a8e93d23ae2994764e06440790edeb1938ce9829f4446,data/raw/scholarly_metadata/pmc_aws/f589f3dfa43a902ab6a95f1dfda442b077424931f5e9f24009f09c7bcad2874b.json,True,1,,,
pmc_aws,https://pmc-oa-opendata.s3.amazonaws.com/metadata/PMC13386084.1.json,2026-07-29T20:34:00+00:00,200,f6995c22040881913591a8308e5c2b30397fccf7977f4cfe849b0c26beffb7a6,data/raw/scholarly_metadata/pmc_aws/f608174021c27e02d57ed9f60d98da0c93c4edf0827d56f59ac2f069bf47f93f.json,True,1,,,
pmc_aws,https://pmc-oa-opendata.s3.amazonaws.com/metadata/PMC13340667.1.json,2026-07-29T20:33:39+00:00,200,0577b18d8b69e525da7838c8dd6a4012ec9b677f734c42f9d054f8751323b29a,data/raw/scholarly_metadata/pmc_aws/f60bea490326d93adb060a0baf54cfb02d00f434e5f63348ad7169dff903f860.json,True,1,,,
pmc_aws,https://pmc-oa-opendata.s3.amazonaws.com/metadata/PMC12341586.1.json,2026-07-29T20:33:26+00:00,200,26282195b55d39d7daecca2fbcd8593888954b9ded9e106bf5fb77c558615d21,data/raw/scholarly_metadata/pmc_aws/f68b5f2393177741379fc506ab97e4bc7319d2783c20b5095bdd1041bd15e2f7.json,True,1,,,
pmc_aws,https://pmc-oa-opendata.s3.amazonaws.com/metadata/PMC13381236.1.json,2026-07-29T20:33:56+00:00,200,d03a0d602efaff926884824cae3eabe958e6ed0fafc8670994789ad5502b2b91,data/raw/scholarly_metadata/pmc_aws/f6b5007a4a675ec3984770c14bc70ccb5b9fbd478c56f5a71167884ca57e0cce.json,True,1,,,
pmc_aws,https://pmc-oa-opendata.s3.amazonaws.com/metadata/PMC13362927.1.json,2026-07-29T20:33:50+00:00,200,7bb5e76de44a52feb02153bcf0bb7f3af210eb442fa408bad1903bcbae77bcbf,data/raw/scholarly_metadata/pmc_aws/f7bf53d7617b36ce3c2edaeb2897e760d2b14f4ecd37fa5f37a090424355bfe8.json,True,1,,,
pmc_aws,https://pmc-oa-opendata.s3.amazonaws.com/metadata/PMC13384616.1.json,2026-07-29T20:33:57+00:00,200,07ca9c847a719e06c981425a14e43251d2ba66b7ccde373a791eb66b4707c571,data/raw/scholarly_metadata/pmc_aws/fa4422fbdc558e540f5ee3bd3257dbf8f1df181d60e7e7cc27b9604fbe267f74.json,True,1,,,
pmc_aws,https://pmc-oa-opendata.s3.amazonaws.com/metadata/PMC12093672.1.json,2026-07-29T20:33:22+00:00,200,2e6d7b609dd88c8b1741626c4468e99da37e6a2c618995c759577cc832f68a09,data/raw/scholarly_metadata/pmc_aws/fa4bbf467a41aaecbd61ab42958374d8f3c37978c8b841a4cf0be3f45f8b8345.json,True,1,,,
pmc_aws,https://pmc-oa-opendata.s3.amazonaws.com/metadata/PMC13322554.1.json,2026-07-29T20:33:35+00:00,200,0d416e443e4051ab78c6f2594cb00b23dcea99b54be9b407452f4d30c35d1bb0,data/raw/scholarly_metadata/pmc_aws/fb209c2c50612848841d62b7fa1077c4e94c3958795441fa177219c65d74c74b.json,True,1,,,
pmc_aws,https://pmc-oa-opendata.s3.amazonaws.com/metadata/PMC13344933.1.json,2026-07-29T20:33:41+00:00,200,fc19aa060c01ced1cb1c29a87ae9976b2392f2f8300217d182d9e52b5a4d936f,data/raw/scholarly_metadata/pmc_aws/ff83d9f98e3158e73991ec000e9a0d422becf37420b5a50c80056b2fc0b1f6d3.json,True,1,,,
